graph_id,n,h,beta,step_n_mult,samples_per_segment,n_segments,burnin,total_steps,log_Z,runtime_s
n16_graph0,16,0.0,0.1,1,100,16,3000,49600,11.841818,1.6385
n16_graph0,16,0.0,0.1,1,300,16,3000,52800,11.427321,2.0363
n16_graph0,16,0.0,0.1,1,1000,16,3000,64000,11.414889,2.2917
n16_graph0,16,0.0,0.1,1,3000,16,3000,96000,10.989796,2.6868
n16_graph0,16,0.0,0.1,1,10000,16,3000,208000,11.224402,6.1305
n16_graph0,16,0.0,0.1,4,100,64,3000,198400,11.401482,4.6253
n16_graph0,16,0.0,0.1,4,300,64,3000,211200,11.101083,4.6059
n16_graph0,16,0.0,0.1,4,1000,64,3000,256000,11.048508,5.2475
n16_graph0,16,0.0,0.1,4,3000,64,3000,384000,11.125098,7.6470
n16_graph0,16,0.0,0.1,4,10000,64,3000,832000,11.130849,19.7034
n16_graph0,16,0.0,0.1,20,100,320,3000,992000,11.099655,30.7024
n16_graph0,16,0.0,0.1,20,300,320,3000,1056000,11.226486,28.1452
n16_graph0,16,0.0,0.1,20,1000,320,3000,1280000,11.190554,25.6509
n16_graph0,16,0.0,0.1,20,3000,320,3000,1920000,11.249131,48.7935
n16_graph0,16,0.0,0.1,20,10000,320,3000,4160000,11.179515,101.2797
n16_graph0,16,0.0,0.2,1,100,16,3000,49600,11.092872,1.3688
n16_graph0,16,0.0,0.2,1,300,16,3000,52800,11.335613,1.3860
n16_graph0,16,0.0,0.2,1,1000,16,3000,64000,11.431607,1.6881
n16_graph0,16,0.0,0.2,1,3000,16,3000,96000,11.877147,2.5074
n16_graph0,16,0.0,0.2,1,10000,16,3000,208000,11.536728,5.6105
n16_graph0,16,0.0,0.2,4,100,64,3000,198400,11.104639,5.2958
n16_graph0,16,0.0,0.2,4,300,64,3000,211200,11.798170,6.6960
n16_graph0,16,0.0,0.2,4,1000,64,3000,256000,11.607686,8.5539
n16_graph0,16,0.0,0.2,4,3000,64,3000,384000,11.690244,10.0228
n16_graph0,16,0.0,0.2,4,10000,64,3000,832000,11.610317,20.2579
n16_graph0,16,0.0,0.2,20,100,320,3000,992000,11.688791,16.1473
n16_graph0,16,0.0,0.2,20,300,320,3000,1056000,11.765114,16.5007
n16_graph0,16,0.0,0.2,20,1000,320,3000,1280000,11.637851,15.8761
n16_graph0,16,0.0,0.2,20,3000,320,3000,1920000,11.595937,40.8534
n16_graph0,16,0.0,0.2,20,10000,320,3000,4160000,11.561346,77.1037
n16_graph0,16,0.0,0.3,1,100,16,3000,49600,11.718637,0.5960
n16_graph0,16,0.0,0.3,1,300,16,3000,52800,11.799527,0.7573
n16_graph0,16,0.0,0.3,1,1000,16,3000,64000,12.166255,0.8483
n16_graph0,16,0.0,0.3,1,3000,16,3000,96000,12.343166,1.4222
n16_graph0,16,0.0,0.3,1,10000,16,3000,208000,12.222155,3.2046
n16_graph0,16,0.0,0.3,4,100,64,3000,198400,12.265896,2.5542
n16_graph0,16,0.0,0.3,4,300,64,3000,211200,12.579901,2.9365
n16_graph0,16,0.0,0.3,4,1000,64,3000,256000,12.568959,3.6062
n16_graph0,16,0.0,0.3,4,3000,64,3000,384000,12.388350,5.5777
n16_graph0,16,0.0,0.3,4,10000,64,3000,832000,12.246757,12.9773
n16_graph0,16,0.0,0.3,20,100,320,3000,992000,12.380612,14.3645
n16_graph0,16,0.0,0.3,20,300,320,3000,1056000,11.989519,14.1949
n16_graph0,16,0.0,0.3,20,1000,320,3000,1280000,12.098986,18.8708
n16_graph0,16,0.0,0.3,20,3000,320,3000,1920000,12.207845,29.0603
n16_graph0,16,0.0,0.3,20,10000,320,3000,4160000,12.265311,67.9769
n16_graph0,16,0.0,0.5,1,100,16,3000,49600,nan,0.6880
n16_graph0,16,0.0,0.5,1,300,16,3000,52800,13.802988,0.7801
n16_graph0,16,0.0,0.5,1,1000,16,3000,64000,15.184831,1.0061
n16_graph0,16,0.0,0.5,1,3000,16,3000,96000,14.189096,1.4491
n16_graph0,16,0.0,0.5,1,10000,16,3000,208000,14.346519,3.2571
n16_graph0,16,0.0,0.5,4,100,64,3000,198400,14.224943,2.8538
n16_graph0,16,0.0,0.5,4,300,64,3000,211200,14.255485,2.9904
n16_graph0,16,0.0,0.5,4,1000,64,3000,256000,14.104255,3.7925
n16_graph0,16,0.0,0.5,4,3000,64,3000,384000,14.053025,7.1635
n16_graph0,16,0.0,0.5,4,10000,64,3000,832000,14.288196,13.6968
n16_graph0,16,0.0,0.5,20,100,320,3000,992000,13.941374,14.3278
n16_graph0,16,0.0,0.5,20,300,320,3000,1056000,13.942136,14.4923
n16_graph0,16,0.0,0.5,20,1000,320,3000,1280000,14.482785,19.8202
n16_graph0,16,0.0,0.5,20,3000,320,3000,1920000,14.176081,30.2778
n16_graph0,16,0.0,0.5,20,10000,320,3000,4160000,14.372889,69.5378
n16_graph0,16,0.0,0.8,1,100,16,3000,49600,21.296242,0.7341
n16_graph0,16,0.0,0.8,1,300,16,3000,52800,19.650587,0.7211
n16_graph0,16,0.0,0.8,1,1000,16,3000,64000,20.325031,0.8669
n16_graph0,16,0.0,0.8,1,3000,16,3000,96000,19.720207,1.4013
n16_graph0,16,0.0,0.8,1,10000,16,3000,208000,20.363193,3.1724
n16_graph0,16,0.0,0.8,4,100,64,3000,198400,19.702144,2.7768
n16_graph0,16,0.0,0.8,4,300,64,3000,211200,19.997550,2.9013
n16_graph0,16,0.0,0.8,4,1000,64,3000,256000,20.190044,3.4936
n16_graph0,16,0.0,0.8,4,3000,64,3000,384000,20.370802,5.4896
n16_graph0,16,0.0,0.8,4,10000,64,3000,832000,20.111512,13.3608
n16_graph0,16,0.0,0.8,20,100,320,3000,992000,20.259018,13.9631
n16_graph0,16,0.0,0.8,20,300,320,3000,1056000,20.167606,14.9581
n16_graph0,16,0.0,0.8,20,1000,320,3000,1280000,20.110638,19.7420
n16_graph0,16,0.0,0.8,20,3000,320,3000,1920000,20.256510,29.2033
n16_graph0,16,0.0,0.8,20,10000,320,3000,4160000,20.153317,77.3768
n16_graph0,16,0.0,1.0,1,100,16,3000,49600,26.218680,0.6506
n16_graph0,16,0.0,1.0,1,300,16,3000,52800,25.470177,0.7154
n16_graph0,16,0.0,1.0,1,1000,16,3000,64000,23.747946,0.9847
n16_graph0,16,0.0,1.0,1,3000,16,3000,96000,25.059681,1.4542
n16_graph0,16,0.0,1.0,1,10000,16,3000,208000,25.091652,3.4034
n16_graph0,16,0.0,1.0,4,100,64,3000,198400,24.739033,2.7777
n16_graph0,16,0.0,1.0,4,300,64,3000,211200,24.936796,2.9672
n16_graph0,16,0.0,1.0,4,1000,64,3000,256000,24.940021,3.6394
n16_graph0,16,0.0,1.0,4,3000,64,3000,384000,24.162330,5.6663
n16_graph0,16,0.0,1.0,4,10000,64,3000,832000,24.837154,12.2181
n16_graph0,16,0.0,1.0,20,100,320,3000,992000,24.668652,13.3083
n16_graph0,16,0.0,1.0,20,300,320,3000,1056000,24.954097,13.6106
n16_graph0,16,0.0,1.0,20,1000,320,3000,1280000,24.559744,18.2680
n16_graph0,16,0.0,1.0,20,3000,320,3000,1920000,24.707754,25.7141
n16_graph0,16,0.0,1.0,20,10000,320,3000,4160000,24.696080,62.1347
n16_graph0,16,0.0,1.3,1,100,16,3000,49600,33.412375,0.6041
n16_graph0,16,0.0,1.3,1,300,16,3000,52800,32.393870,0.6304
n16_graph0,16,0.0,1.3,1,1000,16,3000,64000,31.490337,0.7883
n16_graph0,16,0.0,1.3,1,3000,16,3000,96000,31.790874,1.3336
n16_graph0,16,0.0,1.3,1,10000,16,3000,208000,31.643927,3.1361
n16_graph0,16,0.0,1.3,4,100,64,3000,198400,30.112980,3.0118
n16_graph0,16,0.0,1.3,4,300,64,3000,211200,31.376715,2.9610
n16_graph0,16,0.0,1.3,4,1000,64,3000,256000,32.201222,3.9051
n16_graph0,16,0.0,1.3,4,3000,64,3000,384000,32.177380,6.9146
n16_graph0,16,0.0,1.3,4,10000,64,3000,832000,31.697858,13.9620
n16_graph0,16,0.0,1.3,20,100,320,3000,992000,30.734040,14.3651
n16_graph0,16,0.0,1.3,20,300,320,3000,1056000,32.208961,14.2955
n16_graph0,16,0.0,1.3,20,1000,320,3000,1280000,32.032940,19.2208
n16_graph0,16,0.0,1.3,20,3000,320,3000,1920000,32.053686,26.6489
n16_graph0,16,0.0,1.3,20,10000,320,3000,4160000,31.875510,60.1265
n16_graph0,16,0.0,1.8,1,100,16,3000,49600,44.971635,0.6684
n16_graph0,16,0.0,1.8,1,300,16,3000,52800,42.367834,0.6207
n16_graph0,16,0.0,1.8,1,1000,16,3000,64000,43.928003,0.7975
n16_graph0,16,0.0,1.8,1,3000,16,3000,96000,44.300013,1.5697
n16_graph0,16,0.0,1.8,1,10000,16,3000,208000,43.261892,3.3386
n16_graph0,16,0.0,1.8,4,100,64,3000,198400,44.635496,2.5247
n16_graph0,16,0.0,1.8,4,300,64,3000,211200,43.702165,2.8552
n16_graph0,16,0.0,1.8,4,1000,64,3000,256000,43.849953,3.8882
n16_graph0,16,0.0,1.8,4,3000,64,3000,384000,43.604236,5.9653
n16_graph0,16,0.0,1.8,4,10000,64,3000,832000,44.050599,12.3200
n16_graph0,16,0.0,1.8,20,100,320,3000,992000,43.867350,12.7763
n16_graph0,16,0.0,1.8,20,300,320,3000,1056000,43.879358,13.4414
n16_graph0,16,0.0,1.8,20,1000,320,3000,1280000,44.090908,17.9653
n16_graph0,16,0.0,1.8,20,3000,320,3000,1920000,43.896224,27.5215
n16_graph0,16,0.0,1.8,20,10000,320,3000,4160000,43.932619,62.6849
n16_graph0,16,0.0,2.5,1,100,16,3000,49600,61.301385,0.6792
n16_graph0,16,0.0,2.5,1,300,16,3000,52800,61.703419,0.6844
n16_graph0,16,0.0,2.5,1,1000,16,3000,64000,61.034420,0.8197
n16_graph0,16,0.0,2.5,1,3000,16,3000,96000,60.545353,1.3680
n16_graph0,16,0.0,2.5,1,10000,16,3000,208000,60.525224,2.9379
n16_graph0,16,0.0,2.5,4,100,64,3000,198400,59.228848,2.5885
n16_graph0,16,0.0,2.5,4,300,64,3000,211200,60.339933,2.7257
n16_graph0,16,0.0,2.5,4,1000,64,3000,256000,60.294992,3.4220
n16_graph0,16,0.0,2.5,4,3000,64,3000,384000,60.950372,5.6232
n16_graph0,16,0.0,2.5,4,10000,64,3000,832000,60.623797,12.7256
n16_graph0,16,0.0,2.5,20,100,320,3000,992000,60.442203,12.3435
n16_graph0,16,0.0,2.5,20,300,320,3000,1056000,60.713318,14.2108
n16_graph0,16,0.0,2.5,20,1000,320,3000,1280000,60.905385,16.8870
n16_graph0,16,0.0,2.5,20,3000,320,3000,1920000,60.683882,28.4160
n16_graph0,16,0.0,2.5,20,10000,320,3000,4160000,60.694330,63.4898
n16_graph0,16,0.0,5.0,1,100,16,3000,49600,121.228658,0.6503
n16_graph0,16,0.0,5.0,1,300,16,3000,52800,120.450261,0.6520
n16_graph0,16,0.0,5.0,1,1000,16,3000,64000,121.256832,0.8712
n16_graph0,16,0.0,5.0,1,3000,16,3000,96000,120.718850,1.6723
n16_graph0,16,0.0,5.0,1,10000,16,3000,208000,120.146071,3.1758
n16_graph0,16,0.0,5.0,4,100,64,3000,198400,121.213737,2.6701
n16_graph0,16,0.0,5.0,4,300,64,3000,211200,121.285832,3.0750
n16_graph0,16,0.0,5.0,4,1000,64,3000,256000,121.051793,3.4089
n16_graph0,16,0.0,5.0,4,3000,64,3000,384000,121.148649,5.5792
n16_graph0,16,0.0,5.0,4,10000,64,3000,832000,120.616764,15.3322
n16_graph0,16,0.0,5.0,20,100,320,3000,992000,120.280621,13.2941
n16_graph0,16,0.0,5.0,20,300,320,3000,1056000,120.723723,13.6382
n16_graph0,16,0.0,5.0,20,1000,320,3000,1280000,120.629572,16.9651
n16_graph0,16,0.0,5.0,20,3000,320,3000,1920000,120.615794,29.0226
n16_graph0,16,0.0,5.0,20,10000,320,3000,4160000,120.776534,66.2247
n16_graph0,16,0.1,0.1,1,100,16,3000,49600,11.987541,0.5728
n16_graph0,16,0.1,0.1,1,300,16,3000,52800,11.040501,0.6151
n16_graph0,16,0.1,0.1,1,1000,16,3000,64000,11.038489,0.7530
n16_graph0,16,0.1,0.1,1,3000,16,3000,96000,11.173907,1.3494
n16_graph0,16,0.1,0.1,1,10000,16,3000,208000,11.232007,2.8258
n16_graph0,16,0.1,0.1,4,100,64,3000,198400,11.533906,2.3673
n16_graph0,16,0.1,0.1,4,300,64,3000,211200,11.070237,2.6054
n16_graph0,16,0.1,0.1,4,1000,64,3000,256000,11.121570,3.5745
n16_graph0,16,0.1,0.1,4,3000,64,3000,384000,11.223358,5.0813
n16_graph0,16,0.1,0.1,4,10000,64,3000,832000,11.213094,14.6323
n16_graph0,16,0.1,0.1,20,100,317,3000,982700,11.275063,12.6755
n16_graph0,16,0.1,0.1,20,300,317,3000,1046100,11.229846,14.2232
n16_graph0,16,0.1,0.1,20,1000,317,3000,1268000,11.248260,18.1044
n16_graph0,16,0.1,0.1,20,3000,317,3000,1902000,11.159437,28.8194
n16_graph0,16,0.1,0.1,20,10000,317,3000,4121000,11.235518,62.4733
n16_graph0,16,0.1,0.2,1,100,16,3000,49600,10.360496,0.6339
n16_graph0,16,0.1,0.2,1,300,16,3000,52800,9.553334,0.6341
n16_graph0,16,0.1,0.2,1,1000,16,3000,64000,12.011129,0.8311
n16_graph0,16,0.1,0.2,1,3000,16,3000,96000,11.327407,1.7213
n16_graph0,16,0.1,0.2,1,10000,16,3000,208000,11.551193,3.2599
n16_graph0,16,0.1,0.2,4,100,63,3000,195300,11.596378,2.5346
n16_graph0,16,0.1,0.2,4,300,63,3000,207900,11.850097,3.0586
n16_graph0,16,0.1,0.2,4,1000,63,3000,252000,11.681619,3.6533
n16_graph0,16,0.1,0.2,4,3000,63,3000,378000,11.535925,5.4310
n16_graph0,16,0.1,0.2,4,10000,63,3000,819000,11.627453,11.8203
n16_graph0,16,0.1,0.2,20,100,314,3000,973400,11.474849,8.8705
n16_graph0,16,0.1,0.2,20,300,314,3000,1036200,11.681672,3.3694
n16_graph0,16,0.1,0.2,20,1000,314,3000,1256000,11.757531,2.7354
n16_graph0,16,0.1,0.2,20,3000,314,3000,1884000,11.560846,3.1902
n16_graph0,16,0.1,0.2,20,10000,314,3000,4082000,11.552150,5.0314
n16_graph0,16,0.1,0.3,1,100,16,3000,49600,11.847237,0.0469
n16_graph0,16,0.1,0.3,1,300,16,3000,52800,12.296005,0.0510
n16_graph0,16,0.1,0.3,1,1000,16,3000,64000,12.137637,0.0734
n16_graph0,16,0.1,0.3,1,3000,16,3000,96000,12.047242,0.1145
n16_graph0,16,0.1,0.3,1,10000,16,3000,208000,12.272455,0.2208
n16_graph0,16,0.1,0.3,4,100,63,3000,195300,11.907198,0.1804
n16_graph0,16,0.1,0.3,4,300,63,3000,207900,12.592124,0.1930
n16_graph0,16,0.1,0.3,4,1000,63,3000,252000,12.534304,0.2392
n16_graph0,16,0.1,0.3,4,3000,63,3000,378000,12.345891,0.3876
n16_graph0,16,0.1,0.3,4,10000,63,3000,819000,12.259681,0.8677
n16_graph0,16,0.1,0.3,20,100,311,3000,964100,12.253454,0.8806
n16_graph0,16,0.1,0.3,20,300,311,3000,1026300,12.410406,0.9217
n16_graph0,16,0.1,0.3,20,1000,311,3000,1244000,12.223063,1.1728
n16_graph0,16,0.1,0.3,20,3000,311,3000,1866000,12.156719,1.8921
n16_graph0,16,0.1,0.3,20,10000,311,3000,4043000,12.187757,4.0146
n16_graph0,16,0.1,0.5,1,100,16,3000,49600,16.058394,0.0472
n16_graph0,16,0.1,0.5,1,300,16,3000,52800,14.854488,0.0515
n16_graph0,16,0.1,0.5,1,1000,16,3000,64000,15.104878,0.0624
n16_graph0,16,0.1,0.5,1,3000,16,3000,96000,13.975476,0.0873
n16_graph0,16,0.1,0.5,1,10000,16,3000,208000,14.401676,0.2328
n16_graph0,16,0.1,0.5,4,100,61,3000,189100,14.301773,0.1588
n16_graph0,16,0.1,0.5,4,300,61,3000,201300,14.669846,0.1646
n16_graph0,16,0.1,0.5,4,1000,61,3000,244000,14.526668,0.2440
n16_graph0,16,0.1,0.5,4,3000,61,3000,366000,14.338228,0.3508
n16_graph0,16,0.1,0.5,4,10000,61,3000,793000,14.664840,0.7886
n16_graph0,16,0.1,0.5,20,100,305,3000,945500,14.614070,0.8878
n16_graph0,16,0.1,0.5,20,300,305,3000,1006500,14.554967,0.8991
n16_graph0,16,0.1,0.5,20,1000,305,3000,1220000,14.519307,1.1554
n16_graph0,16,0.1,0.5,20,3000,305,3000,1830000,14.578931,1.8242
n16_graph0,16,0.1,0.5,20,10000,305,3000,3965000,14.480184,3.9722
n16_graph0,16,0.1,0.8,1,100,15,3000,46500,19.624302,0.0404
n16_graph0,16,0.1,0.8,1,300,15,3000,49500,20.842428,0.0483
n16_graph0,16,0.1,0.8,1,1000,15,3000,60000,20.719837,0.0510
n16_graph0,16,0.1,0.8,1,3000,15,3000,90000,20.570954,0.0895
n16_graph0,16,0.1,0.8,1,10000,15,3000,195000,20.939237,0.2012
n16_graph0,16,0.1,0.8,4,100,59,3000,182900,19.440787,0.1839
n16_graph0,16,0.1,0.8,4,300,59,3000,194700,20.438128,0.2036
n16_graph0,16,0.1,0.8,4,1000,59,3000,236000,20.647584,0.2442
n16_graph0,16,0.1,0.8,4,3000,59,3000,354000,20.554971,0.3682
n16_graph0,16,0.1,0.8,4,10000,59,3000,767000,20.631210,0.7592
n16_graph0,16,0.1,0.8,20,100,295,3000,914500,21.011442,0.8648
n16_graph0,16,0.1,0.8,20,300,295,3000,973500,20.873673,0.9098
n16_graph0,16,0.1,0.8,20,1000,295,3000,1180000,20.719234,1.1765
n16_graph0,16,0.1,0.8,20,3000,295,3000,1770000,20.837988,1.8630
n16_graph0,16,0.1,0.8,20,10000,295,3000,3835000,20.740938,4.0210
n16_graph0,16,0.1,1.0,1,100,15,3000,46500,24.964777,0.0391
n16_graph0,16,0.1,1.0,1,300,15,3000,49500,24.968680,0.0380
n16_graph0,16,0.1,1.0,1,1000,15,3000,60000,25.464052,0.0488
n16_graph0,16,0.1,1.0,1,3000,15,3000,90000,25.586040,0.0750
n16_graph0,16,0.1,1.0,1,10000,15,3000,195000,25.628743,0.2005
n16_graph0,16,0.1,1.0,4,100,58,3000,179800,25.725599,0.1632
n16_graph0,16,0.1,1.0,4,300,58,3000,191400,25.446644,0.1843
n16_graph0,16,0.1,1.0,4,1000,58,3000,232000,25.604678,0.2473
n16_graph0,16,0.1,1.0,4,3000,58,3000,348000,25.681006,0.3452
n16_graph0,16,0.1,1.0,4,10000,58,3000,754000,25.668547,0.7508
n16_graph0,16,0.1,1.0,20,100,289,3000,895900,25.482606,0.9405
n16_graph0,16,0.1,1.0,20,300,289,3000,953700,25.738387,0.9108
n16_graph0,16,0.1,1.0,20,1000,289,3000,1156000,25.642879,1.1251
n16_graph0,16,0.1,1.0,20,3000,289,3000,1734000,25.727755,1.7832
n16_graph0,16,0.1,1.0,20,10000,289,3000,3757000,25.655043,4.1788
n16_graph0,16,0.1,1.3,1,100,14,3000,43400,32.799328,0.0532
n16_graph0,16,0.1,1.3,1,300,14,3000,46200,33.183239,0.0509
n16_graph0,16,0.1,1.3,1,1000,14,3000,56000,32.764199,0.0598
n16_graph0,16,0.1,1.3,1,3000,14,3000,84000,33.044490,0.0926
n16_graph0,16,0.1,1.3,1,10000,14,3000,182000,33.298250,0.1790
n16_graph0,16,0.1,1.3,4,100,56,3000,173600,32.731492,0.1587
n16_graph0,16,0.1,1.3,4,300,56,3000,184800,33.261020,0.1512
n16_graph0,16,0.1,1.3,4,1000,56,3000,224000,33.220662,0.2108
n16_graph0,16,0.1,1.3,4,3000,56,3000,336000,33.336860,0.3663
n16_graph0,16,0.1,1.3,4,10000,56,3000,728000,33.313731,0.7501
n16_graph0,16,0.1,1.3,20,100,279,3000,864900,33.269712,0.8170
n16_graph0,16,0.1,1.3,20,300,279,3000,920700,33.376232,0.8236
n16_graph0,16,0.1,1.3,20,1000,279,3000,1116000,33.319606,1.0773
n16_graph0,16,0.1,1.3,20,3000,279,3000,1674000,33.247321,1.7942
n16_graph0,16,0.1,1.3,20,10000,279,3000,3627000,33.316811,4.2560
n16_graph0,16,0.1,1.8,1,100,14,3000,43400,46.591683,0.0376
n16_graph0,16,0.1,1.8,1,300,14,3000,46200,45.349605,0.0491
n16_graph0,16,0.1,1.8,1,1000,14,3000,56000,45.922329,0.0582
n16_graph0,16,0.1,1.8,1,3000,14,3000,84000,46.158446,0.0965
n16_graph0,16,0.1,1.8,1,10000,14,3000,182000,46.081085,0.2065
n16_graph0,16,0.1,1.8,4,100,53,3000,164300,46.435587,0.1663
n16_graph0,16,0.1,1.8,4,300,53,3000,174900,46.164561,0.1875
n16_graph0,16,0.1,1.8,4,1000,53,3000,212000,46.258996,0.2105
n16_graph0,16,0.1,1.8,4,3000,53,3000,318000,46.039545,0.3013
n16_graph0,16,0.1,1.8,4,10000,53,3000,689000,46.071276,0.7858
n16_graph0,16,0.1,1.8,20,100,264,3000,818400,46.181344,0.7681
n16_graph0,16,0.1,1.8,20,300,264,3000,871200,46.157861,0.8327
n16_graph0,16,0.1,1.8,20,1000,264,3000,1056000,46.028668,1.0583
n16_graph0,16,0.1,1.8,20,3000,264,3000,1584000,46.104289,1.7024
n16_graph0,16,0.1,1.8,20,10000,264,3000,3432000,46.075032,3.8384
n16_graph0,16,0.1,2.5,1,100,13,3000,40300,64.153039,0.0402
n16_graph0,16,0.1,2.5,1,300,13,3000,42900,63.940801,0.0414
n16_graph0,16,0.1,2.5,1,1000,13,3000,52000,63.911921,0.0516
n16_graph0,16,0.1,2.5,1,3000,13,3000,78000,64.192894,0.0854
n16_graph0,16,0.1,2.5,1,10000,13,3000,169000,63.960520,0.1911
n16_graph0,16,0.1,2.5,4,100,49,3000,151900,64.044621,0.1336
n16_graph0,16,0.1,2.5,4,300,49,3000,161700,64.169412,0.1443
n16_graph0,16,0.1,2.5,4,1000,49,3000,196000,63.885810,0.1990
n16_graph0,16,0.1,2.5,4,3000,49,3000,294000,64.004867,0.3162
n16_graph0,16,0.1,2.5,4,10000,49,3000,637000,64.015752,0.7191
n16_graph0,16,0.1,2.5,20,100,242,3000,750200,64.227465,0.7383
n16_graph0,16,0.1,2.5,20,300,242,3000,798600,64.211407,0.7708
n16_graph0,16,0.1,2.5,20,1000,242,3000,968000,63.947559,0.9315
n16_graph0,16,0.1,2.5,20,3000,242,3000,1452000,63.991276,1.5258
n16_graph0,16,0.1,2.5,20,10000,242,3000,3146000,63.997687,3.4020
n16_graph0,16,0.1,5.0,1,100,9,3000,27900,128.039249,0.0297
n16_graph0,16,0.1,5.0,1,300,9,3000,29700,127.732631,0.0325
n16_graph0,16,0.1,5.0,1,1000,9,3000,36000,127.960375,0.0376
n16_graph0,16,0.1,5.0,1,3000,9,3000,54000,127.998334,0.0604
n16_graph0,16,0.1,5.0,1,10000,9,3000,117000,128.028491,0.1337
n16_graph0,16,0.1,5.0,4,100,35,3000,108500,127.981458,0.1136
n16_graph0,16,0.1,5.0,4,300,35,3000,115500,128.082700,0.1116
n16_graph0,16,0.1,5.0,4,1000,35,3000,140000,128.035214,0.1446
n16_graph0,16,0.1,5.0,4,3000,35,3000,210000,127.980993,0.2078
n16_graph0,16,0.1,5.0,4,10000,35,3000,455000,127.980273,0.5509
n16_graph0,16,0.1,5.0,20,100,173,3000,536300,128.059797,0.5318
n16_graph0,16,0.1,5.0,20,300,173,3000,570900,128.052801,0.5656
n16_graph0,16,0.1,5.0,20,1000,173,3000,692000,127.991493,0.7002
n16_graph0,16,0.1,5.0,20,3000,173,3000,1038000,128.026992,1.1081
n16_graph0,16,0.1,5.0,20,10000,173,3000,2249000,128.007672,2.3101
n16_graph0,16,0.2,0.1,1,100,16,3000,49600,10.916821,0.0377
n16_graph0,16,0.2,0.1,1,300,16,3000,52800,11.413481,0.0431
n16_graph0,16,0.2,0.1,1,1000,16,3000,64000,11.133622,0.0553
n16_graph0,16,0.2,0.1,1,3000,16,3000,96000,11.255480,0.0878
n16_graph0,16,0.2,0.1,1,10000,16,3000,208000,11.262754,0.2156
n16_graph0,16,0.2,0.1,4,100,63,3000,195300,11.133026,0.1568
n16_graph0,16,0.2,0.1,4,300,63,3000,207900,11.019492,0.1694
n16_graph0,16,0.2,0.1,4,1000,63,3000,252000,11.147981,0.2100
n16_graph0,16,0.2,0.1,4,3000,63,3000,378000,11.191225,0.3576
n16_graph0,16,0.2,0.1,4,10000,63,3000,819000,11.275803,0.8453
n16_graph0,16,0.2,0.1,20,100,314,3000,973400,11.340435,0.8615
n16_graph0,16,0.2,0.1,20,300,314,3000,1036200,11.250693,0.9067
n16_graph0,16,0.2,0.1,20,1000,314,3000,1256000,11.335757,1.1768
n16_graph0,16,0.2,0.1,20,3000,314,3000,1884000,11.254562,1.7808
n16_graph0,16,0.2,0.1,20,10000,314,3000,4082000,11.208618,4.1663
n16_graph0,16,0.2,0.2,1,100,16,3000,49600,9.942748,0.0399
n16_graph0,16,0.2,0.2,1,300,16,3000,52800,12.220608,0.0528
n16_graph0,16,0.2,0.2,1,1000,16,3000,64000,11.285865,0.0629
n16_graph0,16,0.2,0.2,1,3000,16,3000,96000,11.627769,0.1022
n16_graph0,16,0.2,0.2,1,10000,16,3000,208000,11.608352,0.2205
n16_graph0,16,0.2,0.2,4,100,62,3000,192200,11.970605,0.1674
n16_graph0,16,0.2,0.2,4,300,62,3000,204600,11.646290,0.1870
n16_graph0,16,0.2,0.2,4,1000,62,3000,248000,11.598600,0.2451
n16_graph0,16,0.2,0.2,4,3000,62,3000,372000,11.413311,0.3794
n16_graph0,16,0.2,0.2,4,10000,62,3000,806000,11.543640,0.7955
n16_graph0,16,0.2,0.2,20,100,308,3000,954800,11.542601,0.8116
n16_graph0,16,0.2,0.2,20,300,308,3000,1016400,11.565174,0.8711
n16_graph0,16,0.2,0.2,20,1000,308,3000,1232000,11.544618,1.2082
n16_graph0,16,0.2,0.2,20,3000,308,3000,1848000,11.613325,1.8511
n16_graph0,16,0.2,0.2,20,10000,308,3000,4004000,11.568824,4.0158
n16_graph0,16,0.2,0.3,1,100,16,3000,49600,12.057784,0.0422
n16_graph0,16,0.2,0.3,1,300,16,3000,52800,12.029936,0.0471
n16_graph0,16,0.2,0.3,1,1000,16,3000,64000,12.736624,0.0579
n16_graph0,16,0.2,0.3,1,3000,16,3000,96000,12.190351,0.0838
n16_graph0,16,0.2,0.3,1,10000,16,3000,208000,12.248055,0.1972
n16_graph0,16,0.2,0.3,4,100,61,3000,189100,12.143542,0.1647
n16_graph0,16,0.2,0.3,4,300,61,3000,201300,11.755211,0.1724
n16_graph0,16,0.2,0.3,4,1000,61,3000,244000,12.227794,0.2107
n16_graph0,16,0.2,0.3,4,3000,61,3000,366000,12.464569,0.3669
n16_graph0,16,0.2,0.3,4,10000,61,3000,793000,12.274373,0.7765
n16_graph0,16,0.2,0.3,20,100,301,3000,933100,12.063707,0.7984
n16_graph0,16,0.2,0.3,20,300,301,3000,993300,12.187166,0.8970
n16_graph0,16,0.2,0.3,20,1000,301,3000,1204000,12.248771,1.0582
n16_graph0,16,0.2,0.3,20,3000,301,3000,1806000,12.286990,1.6934
n16_graph0,16,0.2,0.3,20,10000,301,3000,3913000,12.284270,3.7447
n16_graph0,16,0.2,0.5,1,100,15,3000,46500,13.233648,0.0332
n16_graph0,16,0.2,0.5,1,300,15,3000,49500,14.767666,0.0361
n16_graph0,16,0.2,0.5,1,1000,15,3000,60000,14.706077,0.0492
n16_graph0,16,0.2,0.5,1,3000,15,3000,90000,14.765333,0.0761
n16_graph0,16,0.2,0.5,1,10000,15,3000,195000,14.945120,0.1733
n16_graph0,16,0.2,0.5,4,100,58,3000,179800,14.628957,0.1334
n16_graph0,16,0.2,0.5,4,300,58,3000,191400,15.386964,0.1510
n16_graph0,16,0.2,0.5,4,1000,58,3000,232000,14.906950,0.1863
n16_graph0,16,0.2,0.5,4,3000,58,3000,348000,14.771692,0.2798
n16_graph0,16,0.2,0.5,4,10000,58,3000,754000,14.934240,0.6659
n16_graph0,16,0.2,0.5,20,100,289,3000,895900,14.998632,0.6880
n16_graph0,16,0.2,0.5,20,300,289,3000,953700,14.981041,0.7137
n16_graph0,16,0.2,0.5,20,1000,289,3000,1156000,14.916972,0.9100
n16_graph0,16,0.2,0.5,20,3000,289,3000,1734000,14.859031,1.3921
n16_graph0,16,0.2,0.5,20,10000,289,3000,3757000,14.883984,3.2041
n16_graph0,16,0.2,0.8,1,100,14,3000,43400,21.292946,0.0306
n16_graph0,16,0.2,0.8,1,300,14,3000,46200,21.402359,0.0352
n16_graph0,16,0.2,0.8,1,1000,14,3000,56000,21.953269,0.0444
n16_graph0,16,0.2,0.8,1,3000,14,3000,84000,22.075132,0.0663
n16_graph0,16,0.2,0.8,1,10000,14,3000,182000,21.974681,0.1561
n16_graph0,16,0.2,0.8,4,100,54,3000,167400,21.624818,0.1231
n16_graph0,16,0.2,0.8,4,300,54,3000,178200,21.943953,0.1348
n16_graph0,16,0.2,0.8,4,1000,54,3000,216000,21.818352,0.1717
n16_graph0,16,0.2,0.8,4,3000,54,3000,324000,21.743361,0.2592
n16_graph0,16,0.2,0.8,4,10000,54,3000,702000,21.865067,0.6094
n16_graph0,16,0.2,0.8,20,100,270,3000,837000,21.691825,0.6150
n16_graph0,16,0.2,0.8,20,300,270,3000,891000,21.863452,0.6654
n16_graph0,16,0.2,0.8,20,1000,270,3000,1080000,21.914015,0.8346
n16_graph0,16,0.2,0.8,20,3000,270,3000,1620000,21.870999,1.3256
n16_graph0,16,0.2,0.8,20,10000,270,3000,3510000,21.882724,3.0300
n16_graph0,16,0.2,1.0,1,100,13,3000,40300,26.916605,0.0313
n16_graph0,16,0.2,1.0,1,300,13,3000,42900,27.169954,0.0310
n16_graph0,16,0.2,1.0,1,1000,13,3000,52000,27.519153,0.0393
n16_graph0,16,0.2,1.0,1,3000,13,3000,78000,27.265803,0.0636
n16_graph0,16,0.2,1.0,1,10000,13,3000,169000,27.191402,0.1417
n16_graph0,16,0.2,1.0,4,100,52,3000,161200,26.935505,0.1169
n16_graph0,16,0.2,1.0,4,300,52,3000,171600,27.054840,0.1272
n16_graph0,16,0.2,1.0,4,1000,52,3000,208000,27.362560,0.1583
n16_graph0,16,0.2,1.0,4,3000,52,3000,312000,27.119067,0.2595
n16_graph0,16,0.2,1.0,4,10000,52,3000,676000,27.203986,0.5837
n16_graph0,16,0.2,1.0,20,100,257,3000,796700,27.392431,0.5887
n16_graph0,16,0.2,1.0,20,300,257,3000,848100,27.178620,0.6394
n16_graph0,16,0.2,1.0,20,1000,257,3000,1028000,27.196799,0.8009
n16_graph0,16,0.2,1.0,20,3000,257,3000,1542000,27.254487,1.2476
n16_graph0,16,0.2,1.0,20,10000,257,3000,3341000,27.224057,2.8647
n16_graph0,16,0.2,1.3,1,100,12,3000,37200,34.543537,0.0275
n16_graph0,16,0.2,1.3,1,300,12,3000,39600,35.456905,0.0292
n16_graph0,16,0.2,1.3,1,1000,12,3000,48000,35.406164,0.0369
n16_graph0,16,0.2,1.3,1,3000,12,3000,72000,35.413660,0.0585
n16_graph0,16,0.2,1.3,1,10000,12,3000,156000,35.383271,0.1363
n16_graph0,16,0.2,1.3,4,100,48,3000,148800,35.312850,0.1121
n16_graph0,16,0.2,1.3,4,300,48,3000,158400,35.402023,0.1193
n16_graph0,16,0.2,1.3,4,1000,48,3000,192000,35.387905,0.1514
n16_graph0,16,0.2,1.3,4,3000,48,3000,288000,35.343193,0.2357
n16_graph0,16,0.2,1.3,4,10000,48,3000,624000,35.400426,0.5312
n16_graph0,16,0.2,1.3,20,100,239,3000,740900,35.432211,0.5414
n16_graph0,16,0.2,1.3,20,300,239,3000,788700,35.366161,0.5830
n16_graph0,16,0.2,1.3,20,1000,239,3000,956000,35.340168,0.7581
n16_graph0,16,0.2,1.3,20,3000,239,3000,1434000,35.404797,1.1726
n16_graph0,16,0.2,1.3,20,10000,239,3000,3107000,35.357291,2.6164
n16_graph0,16,0.2,1.8,1,100,11,3000,34100,48.150129,0.0250
n16_graph0,16,0.2,1.8,1,300,11,3000,36300,48.920663,0.0276
n16_graph0,16,0.2,1.8,1,1000,11,3000,44000,49.064229,0.0335
n16_graph0,16,0.2,1.8,1,3000,11,3000,66000,48.925188,0.0536
n16_graph0,16,0.2,1.8,1,10000,11,3000,143000,48.966639,0.1232
n16_graph0,16,0.2,1.8,4,100,42,3000,130200,48.912532,0.1017
n16_graph0,16,0.2,1.8,4,300,42,3000,138600,49.099908,0.1051
n16_graph0,16,0.2,1.8,4,1000,42,3000,168000,48.928161,0.1542
n16_graph0,16,0.2,1.8,4,3000,42,3000,252000,48.982955,0.2035
n16_graph0,16,0.2,1.8,4,10000,42,3000,546000,48.966118,0.4764
n16_graph0,16,0.2,1.8,20,100,210,3000,651000,48.916504,0.4774
n16_graph0,16,0.2,1.8,20,300,210,3000,693000,48.874178,0.5104
n16_graph0,16,0.2,1.8,20,1000,210,3000,840000,48.961295,0.6440
n16_graph0,16,0.2,1.8,20,3000,210,3000,1260000,48.955700,1.0132
n16_graph0,16,0.2,1.8,20,10000,210,3000,2730000,48.948273,2.3070
n16_graph0,16,0.2,2.5,1,100,9,3000,27900,67.720539,0.0201
n16_graph0,16,0.2,2.5,1,300,9,3000,29700,68.060180,0.0218
n16_graph0,16,0.2,2.5,1,1000,9,3000,36000,67.980822,0.0281
n16_graph0,16,0.2,2.5,1,3000,9,3000,54000,68.034882,0.0437
n16_graph0,16,0.2,2.5,1,10000,9,3000,117000,68.014989,0.0993
n16_graph0,16,0.2,2.5,4,100,35,3000,108500,67.946678,0.0874
n16_graph0,16,0.2,2.5,4,300,35,3000,115500,68.034717,0.0906
n16_graph0,16,0.2,2.5,4,1000,35,3000,140000,67.980839,0.1088
n16_graph0,16,0.2,2.5,4,3000,35,3000,210000,67.986965,0.1707
n16_graph0,16,0.2,2.5,4,10000,35,3000,455000,67.999103,0.3919
n16_graph0,16,0.2,2.5,20,100,173,3000,536300,67.970690,0.3982
n16_graph0,16,0.2,2.5,20,300,173,3000,570900,67.972489,0.4332
n16_graph0,16,0.2,2.5,20,1000,173,3000,692000,68.000824,0.5378
n16_graph0,16,0.2,2.5,20,3000,173,3000,1038000,67.994044,0.8514
n16_graph0,16,0.2,2.5,20,10000,173,3000,2249000,67.995399,1.9589
n16_graph0,16,0.2,5.0,1,100,4,3000,12400,135.918013,0.0090
n16_graph0,16,0.2,5.0,1,300,4,3000,13200,136.059706,0.0095
n16_graph0,16,0.2,5.0,1,1000,4,3000,16000,136.044184,0.0122
n16_graph0,16,0.2,5.0,1,3000,4,3000,24000,136.002954,0.0190
n16_graph0,16,0.2,5.0,1,10000,4,3000,52000,135.998640,0.0433
n16_graph0,16,0.2,5.0,4,100,16,3000,49600,135.926292,0.0378
n16_graph0,16,0.2,5.0,4,300,16,3000,52800,135.969209,0.0401
n16_graph0,16,0.2,5.0,4,1000,16,3000,64000,135.992166,0.0503
n16_graph0,16,0.2,5.0,4,3000,16,3000,96000,135.985641,0.0768
n16_graph0,16,0.2,5.0,4,10000,16,3000,208000,135.995954,0.1802
n16_graph0,16,0.2,5.0,20,100,77,3000,238700,136.016351,0.1782
n16_graph0,16,0.2,5.0,20,300,77,3000,254100,135.993451,0.2329
n16_graph0,16,0.2,5.0,20,1000,77,3000,308000,135.994777,0.2460
n16_graph0,16,0.2,5.0,20,3000,77,3000,462000,135.998390,0.3827
n16_graph0,16,0.2,5.0,20,10000,77,3000,1001000,135.999282,0.8563
n16_graph0,16,0.5,0.1,1,100,16,3000,49600,11.653168,0.0347
n16_graph0,16,0.5,0.1,1,300,16,3000,52800,11.227150,0.0362
n16_graph0,16,0.5,0.1,1,1000,16,3000,64000,11.152227,0.0457
n16_graph0,16,0.5,0.1,1,3000,16,3000,96000,11.312579,0.0718
n16_graph0,16,0.5,0.1,1,10000,16,3000,208000,11.260490,0.1647
n16_graph0,16,0.5,0.1,4,100,61,3000,189100,11.324194,0.1305
n16_graph0,16,0.5,0.1,4,300,61,3000,201300,11.082436,0.1420
n16_graph0,16,0.5,0.1,4,1000,61,3000,244000,11.083738,0.1764
n16_graph0,16,0.5,0.1,4,3000,61,3000,366000,11.183780,0.2767
n16_graph0,16,0.5,0.1,4,10000,61,3000,793000,11.193712,0.6289
n16_graph0,16,0.5,0.1,20,100,305,3000,945500,11.097557,0.6486
n16_graph0,16,0.5,0.1,20,300,305,3000,1006500,11.186223,0.6999
n16_graph0,16,0.5,0.1,20,1000,305,3000,1220000,11.268444,0.8838
n16_graph0,16,0.5,0.1,20,3000,305,3000,1830000,11.278713,1.3937
n16_graph0,16,0.5,0.1,20,10000,305,3000,3965000,11.218218,3.1609
n16_graph0,16,0.5,0.2,1,100,15,3000,46500,10.510331,0.0333
n16_graph0,16,0.5,0.2,1,300,15,3000,49500,11.993119,0.0362
n16_graph0,16,0.5,0.2,1,1000,15,3000,60000,11.828328,0.0432
n16_graph0,16,0.5,0.2,1,3000,15,3000,90000,12.179815,0.0690
n16_graph0,16,0.5,0.2,1,10000,15,3000,195000,11.712265,0.1592
n16_graph0,16,0.5,0.2,4,100,58,3000,179800,11.350745,0.1287
n16_graph0,16,0.5,0.2,4,300,58,3000,191400,11.442360,0.1427
n16_graph0,16,0.5,0.2,4,1000,58,3000,232000,11.797438,0.1804
n16_graph0,16,0.5,0.2,4,3000,58,3000,348000,11.911643,0.2762
n16_graph0,16,0.5,0.2,4,10000,58,3000,754000,11.766402,0.6214
n16_graph0,16,0.5,0.2,20,100,289,3000,895900,11.822042,0.6242
n16_graph0,16,0.5,0.2,20,300,289,3000,953700,11.531523,0.6623
n16_graph0,16,0.5,0.2,20,1000,289,3000,1156000,11.724615,0.8427
n16_graph0,16,0.5,0.2,20,3000,289,3000,1734000,11.782205,1.3339
n16_graph0,16,0.5,0.2,20,10000,289,3000,3757000,11.731787,3.0650
n16_graph0,16,0.5,0.3,1,100,14,3000,43400,11.660767,0.0302
n16_graph0,16,0.5,0.3,1,300,14,3000,46200,12.717591,0.0346
n16_graph0,16,0.5,0.3,1,1000,14,3000,56000,12.610987,0.0417
n16_graph0,16,0.5,0.3,1,3000,14,3000,84000,12.544090,0.0642
n16_graph0,16,0.5,0.3,1,10000,14,3000,182000,12.512730,0.1511
n16_graph0,16,0.5,0.3,4,100,55,3000,170500,12.962045,0.1277
n16_graph0,16,0.5,0.3,4,300,55,3000,181500,12.761584,0.1285
n16_graph0,16,0.5,0.3,4,1000,55,3000,220000,12.888464,0.1624
n16_graph0,16,0.5,0.3,4,3000,55,3000,330000,12.755747,0.2542
n16_graph0,16,0.5,0.3,4,10000,55,3000,715000,12.713949,0.6419
n16_graph0,16,0.5,0.3,20,100,273,3000,846300,12.576375,0.6091
n16_graph0,16,0.5,0.3,20,300,273,3000,900900,12.734623,0.6373
n16_graph0,16,0.5,0.3,20,1000,273,3000,1092000,12.676550,0.7953
n16_graph0,16,0.5,0.3,20,3000,273,3000,1638000,12.631356,1.2697
n16_graph0,16,0.5,0.3,20,10000,273,3000,3549000,12.676005,2.8784
n16_graph0,16,0.5,0.5,1,100,13,3000,40300,15.750068,0.0290
n16_graph0,16,0.5,0.5,1,300,13,3000,42900,16.650991,0.0315
n16_graph0,16,0.5,0.5,1,1000,13,3000,52000,16.548055,0.0387
n16_graph0,16,0.5,0.5,1,3000,13,3000,78000,16.711212,0.0613
n16_graph0,16,0.5,0.5,1,10000,13,3000,169000,16.851324,0.1374
n16_graph0,16,0.5,0.5,4,100,49,3000,151900,16.671327,0.1087
n16_graph0,16,0.5,0.5,4,300,49,3000,161700,16.758279,0.1170
n16_graph0,16,0.5,0.5,4,1000,49,3000,196000,16.648619,0.1493
n16_graph0,16,0.5,0.5,4,3000,49,3000,294000,16.674215,0.2318
n16_graph0,16,0.5,0.5,4,10000,49,3000,637000,16.729071,0.5260
n16_graph0,16,0.5,0.5,20,100,242,3000,750200,16.743264,0.5330
n16_graph0,16,0.5,0.5,20,300,242,3000,798600,16.654238,0.5841
n16_graph0,16,0.5,0.5,20,1000,242,3000,968000,16.714326,0.7312
n16_graph0,16,0.5,0.5,20,3000,242,3000,1452000,16.766145,1.1807
n16_graph0,16,0.5,0.5,20,10000,242,3000,3146000,16.702596,2.5729
n16_graph0,16,0.5,0.8,1,100,10,3000,31000,25.785621,0.0226
n16_graph0,16,0.5,0.8,1,300,10,3000,33000,25.654575,0.0247
n16_graph0,16,0.5,0.8,1,1000,10,3000,40000,25.760195,0.0308
n16_graph0,16,0.5,0.8,1,3000,10,3000,60000,25.565085,0.0492
n16_graph0,16,0.5,0.8,1,10000,10,3000,130000,25.611384,0.1127
n16_graph0,16,0.5,0.8,4,100,40,3000,124000,25.812480,0.0908
n16_graph0,16,0.5,0.8,4,300,40,3000,132000,25.620854,0.0981
n16_graph0,16,0.5,0.8,4,1000,40,3000,160000,25.671874,0.1211
n16_graph0,16,0.5,0.8,4,3000,40,3000,240000,25.736428,0.1884
n16_graph0,16,0.5,0.8,4,10000,40,3000,520000,25.659994,0.4465
n16_graph0,16,0.5,0.8,20,100,199,3000,616900,25.641014,0.4486
n16_graph0,16,0.5,0.8,20,300,199,3000,656700,25.675424,0.4862
n16_graph0,16,0.5,0.8,20,1000,199,3000,796000,25.697297,0.6101
n16_graph0,16,0.5,0.8,20,3000,199,3000,1194000,25.667021,0.9581
n16_graph0,16,0.5,0.8,20,10000,199,3000,2587000,25.659357,2.2068
n16_graph0,16,0.5,1.0,1,100,9,3000,27900,31.913916,0.0207
n16_graph0,16,0.5,1.0,1,300,9,3000,29700,31.983324,0.0220
n16_graph0,16,0.5,1.0,1,1000,9,3000,36000,32.003212,0.0279
n16_graph0,16,0.5,1.0,1,3000,9,3000,54000,32.046979,0.0436
n16_graph0,16,0.5,1.0,1,10000,9,3000,117000,31.977789,0.0983
n16_graph0,16,0.5,1.0,4,100,35,3000,108500,31.973471,0.0785
n16_graph0,16,0.5,1.0,4,300,35,3000,115500,32.107629,0.0860
n16_graph0,16,0.5,1.0,4,1000,35,3000,140000,32.033342,0.1089
n16_graph0,16,0.5,1.0,4,3000,35,3000,210000,31.992680,0.1678
n16_graph0,16,0.5,1.0,4,10000,35,3000,455000,32.011472,0.3844
n16_graph0,16,0.5,1.0,20,100,173,3000,536300,31.966180,0.3928
n16_graph0,16,0.5,1.0,20,300,173,3000,570900,32.038685,0.4161
n16_graph0,16,0.5,1.0,20,1000,173,3000,692000,32.027999,0.5290
n16_graph0,16,0.5,1.0,20,3000,173,3000,1038000,32.023250,0.8547
n16_graph0,16,0.5,1.0,20,10000,173,3000,2249000,32.010205,1.8880
n16_graph0,16,0.5,1.3,1,100,7,3000,21700,41.645036,0.0158
n16_graph0,16,0.5,1.3,1,300,7,3000,23100,41.721597,0.0171
n16_graph0,16,0.5,1.3,1,1000,7,3000,28000,41.582602,0.0213
n16_graph0,16,0.5,1.3,1,3000,7,3000,42000,41.614322,0.0338
n16_graph0,16,0.5,1.3,1,10000,7,3000,91000,41.615297,0.0763
n16_graph0,16,0.5,1.3,4,100,28,3000,86800,41.579827,0.0661
n16_graph0,16,0.5,1.3,4,300,28,3000,92400,41.609464,0.0682
n16_graph0,16,0.5,1.3,4,1000,28,3000,112000,41.651503,0.0866
n16_graph0,16,0.5,1.3,4,3000,28,3000,168000,41.613855,0.1345
n16_graph0,16,0.5,1.3,4,10000,28,3000,364000,41.609459,0.3127
n16_graph0,16,0.5,1.3,20,100,138,3000,427800,41.599150,0.3124
n16_graph0,16,0.5,1.3,20,300,138,3000,455400,41.644115,0.3403
n16_graph0,16,0.5,1.3,20,1000,138,3000,552000,41.623354,0.4255
n16_graph0,16,0.5,1.3,20,3000,138,3000,828000,41.604796,0.6617
n16_graph0,16,0.5,1.3,20,10000,138,3000,1794000,41.600201,1.5535
n16_graph0,16,0.5,1.8,1,100,5,3000,15500,57.718888,0.0125
n16_graph0,16,0.5,1.8,1,300,5,3000,16500,57.738327,0.0125
n16_graph0,16,0.5,1.8,1,1000,5,3000,20000,57.629011,0.0151
n16_graph0,16,0.5,1.8,1,3000,5,3000,30000,57.585122,0.0243
n16_graph0,16,0.5,1.8,1,10000,5,3000,65000,57.592840,0.0570
n16_graph0,16,0.5,1.8,4,100,19,3000,58900,57.628174,0.0435
n16_graph0,16,0.5,1.8,4,300,19,3000,62700,57.620580,0.0470
n16_graph0,16,0.5,1.8,4,1000,19,3000,76000,57.621142,0.0588
n16_graph0,16,0.5,1.8,4,3000,19,3000,114000,57.588053,0.0929
n16_graph0,16,0.5,1.8,4,10000,19,3000,247000,57.598077,0.2120
n16_graph0,16,0.5,1.8,20,100,91,3000,282100,57.560827,0.2085
n16_graph0,16,0.5,1.8,20,300,91,3000,300300,57.600340,0.2247
n16_graph0,16,0.5,1.8,20,1000,91,3000,364000,57.600554,0.2813
n16_graph0,16,0.5,1.8,20,3000,91,3000,546000,57.597558,0.4468
n16_graph0,16,0.5,1.8,20,10000,91,3000,1183000,57.600582,1.0018
n16_graph0,16,0.5,2.5,1,100,3,3000,9300,80.030769,0.0067
n16_graph0,16,0.5,2.5,1,300,3,3000,9900,80.048755,0.0076
n16_graph0,16,0.5,2.5,1,1000,3,3000,12000,79.959749,0.0095
n16_graph0,16,0.5,2.5,1,3000,3,3000,18000,79.984772,0.0145
n16_graph0,16,0.5,2.5,1,10000,3,3000,39000,80.003773,0.0337
n16_graph0,16,0.5,2.5,4,100,10,3000,31000,79.999773,0.0235
n16_graph0,16,0.5,2.5,4,300,10,3000,33000,80.003932,0.0253
n16_graph0,16,0.5,2.5,4,1000,10,3000,40000,79.990912,0.0301
n16_graph0,16,0.5,2.5,4,3000,10,3000,60000,79.984189,0.0489
n16_graph0,16,0.5,2.5,4,10000,10,3000,130000,79.998462,0.1117
n16_graph0,16,0.5,2.5,20,100,49,3000,151900,80.020898,0.1134
n16_graph0,16,0.5,2.5,20,300,49,3000,161700,80.003350,0.1219
n16_graph0,16,0.5,2.5,20,1000,49,3000,196000,79.997342,0.1521
n16_graph0,16,0.5,2.5,20,3000,49,3000,294000,79.994438,0.2358
n16_graph0,16,0.5,2.5,20,10000,49,3000,637000,79.997181,0.5467
n16_graph0,16,0.5,5.0,1,100,1,3000,3100,160.009671,0.0023
n16_graph0,16,0.5,5.0,1,300,1,3000,3300,159.999823,0.0024
n16_graph0,16,0.5,5.0,1,1000,1,3000,4000,159.999246,0.0029
n16_graph0,16,0.5,5.0,1,3000,1,3000,6000,160.003015,0.0049
n16_graph0,16,0.5,5.0,1,10000,1,3000,13000,160.001057,0.0107
n16_graph0,16,0.5,5.0,4,100,1,3000,3100,160.004436,0.0024
n16_graph0,16,0.5,5.0,4,300,1,3000,3300,160.002499,0.0025
n16_graph0,16,0.5,5.0,4,1000,1,3000,4000,159.998809,0.0031
n16_graph0,16,0.5,5.0,4,3000,1,3000,6000,160.000729,0.0048
n16_graph0,16,0.5,5.0,4,10000,1,3000,13000,159.999522,0.0113
n16_graph0,16,0.5,5.0,20,100,5,3000,15500,159.996647,0.0132
n16_graph0,16,0.5,5.0,20,300,5,3000,16500,160.000432,0.0141
n16_graph0,16,0.5,5.0,20,1000,5,3000,20000,160.001391,0.0153
n16_graph0,16,0.5,5.0,20,3000,5,3000,30000,160.000630,0.0248
n16_graph0,16,0.5,5.0,20,10000,5,3000,65000,160.000649,0.0569
n16_graph0,16,1.0,0.1,1,100,15,3000,46500,12.173779,0.0330
n16_graph0,16,1.0,0.1,1,300,15,3000,49500,11.245489,0.0362
n16_graph0,16,1.0,0.1,1,1000,15,3000,60000,11.404575,0.0436
n16_graph0,16,1.0,0.1,1,3000,15,3000,90000,11.258912,0.0687
n16_graph0,16,1.0,0.1,1,10000,15,3000,195000,11.293067,0.1592
n16_graph0,16,1.0,0.1,4,100,58,3000,179800,10.993971,0.1322
n16_graph0,16,1.0,0.1,4,300,58,3000,191400,11.249371,0.1321
n16_graph0,16,1.0,0.1,4,1000,58,3000,232000,11.436656,0.1672
n16_graph0,16,1.0,0.1,4,3000,58,3000,348000,11.319755,0.2624
n16_graph0,16,1.0,0.1,4,10000,58,3000,754000,11.349076,0.6027
n16_graph0,16,1.0,0.1,20,100,289,3000,895900,11.354532,0.6083
n16_graph0,16,1.0,0.1,20,300,289,3000,953700,11.260772,0.6570
n16_graph0,16,1.0,0.1,20,1000,289,3000,1156000,11.277734,0.8198
n16_graph0,16,1.0,0.1,20,3000,289,3000,1734000,11.318943,1.3056
n16_graph0,16,1.0,0.1,20,10000,289,3000,3757000,11.315518,3.0060
n16_graph0,16,1.0,0.2,1,100,13,3000,40300,12.002120,0.0277
n16_graph0,16,1.0,0.2,1,300,13,3000,42900,11.419307,0.0305
n16_graph0,16,1.0,0.2,1,1000,13,3000,52000,12.348709,0.0375
n16_graph0,16,1.0,0.2,1,3000,13,3000,78000,12.288804,0.0602
n16_graph0,16,1.0,0.2,1,10000,13,3000,169000,12.172760,0.1336
n16_graph0,16,1.0,0.2,4,100,52,3000,161200,12.168326,0.1118
n16_graph0,16,1.0,0.2,4,300,52,3000,171600,11.890510,0.1224
n16_graph0,16,1.0,0.2,4,1000,52,3000,208000,11.974340,0.1534
n16_graph0,16,1.0,0.2,4,3000,52,3000,312000,12.137066,0.2413
n16_graph0,16,1.0,0.2,4,10000,52,3000,676000,12.266557,0.5386
n16_graph0,16,1.0,0.2,20,100,257,3000,796700,12.052263,0.5570
n16_graph0,16,1.0,0.2,20,300,257,3000,848100,12.077297,0.6114
n16_graph0,16,1.0,0.2,20,1000,257,3000,1028000,12.146166,0.7434
n16_graph0,16,1.0,0.2,20,3000,257,3000,1542000,12.231328,1.1633
n16_graph0,16,1.0,0.2,20,10000,257,3000,3341000,12.154083,2.6825
n16_graph0,16,1.0,0.3,1,100,12,3000,37200,13.802031,0.0268
n16_graph0,16,1.0,0.3,1,300,12,3000,39600,14.319501,0.0292
n16_graph0,16,1.0,0.3,1,1000,12,3000,48000,13.902224,0.0350
n16_graph0,16,1.0,0.3,1,3000,12,3000,72000,13.898194,0.0561
n16_graph0,16,1.0,0.3,1,10000,12,3000,156000,14.019209,0.1288
n16_graph0,16,1.0,0.3,4,100,46,3000,142600,13.963013,0.1004
n16_graph0,16,1.0,0.3,4,300,46,3000,151800,13.929971,0.1065
n16_graph0,16,1.0,0.3,4,1000,46,3000,184000,13.864584,0.1372
n16_graph0,16,1.0,0.3,4,3000,46,3000,276000,14.044677,0.2127
n16_graph0,16,1.0,0.3,4,10000,46,3000,598000,14.032432,0.4815
n16_graph0,16,1.0,0.3,20,100,227,3000,703700,14.121997,0.4901
n16_graph0,16,1.0,0.3,20,300,227,3000,749100,13.937665,0.5248
n16_graph0,16,1.0,0.3,20,1000,227,3000,908000,14.124718,0.6621
n16_graph0,16,1.0,0.3,20,3000,227,3000,1362000,13.983830,1.0511
n16_graph0,16,1.0,0.3,20,10000,227,3000,2951000,13.987145,2.4207
n16_graph0,16,1.0,0.5,1,100,9,3000,27900,20.461557,0.0205
n16_graph0,16,1.0,0.5,1,300,9,3000,29700,20.424151,0.0221
n16_graph0,16,1.0,0.5,1,1000,9,3000,36000,20.453609,0.0270
n16_graph0,16,1.0,0.5,1,3000,9,3000,54000,20.332321,0.0442
n16_graph0,16,1.0,0.5,1,10000,9,3000,117000,20.320507,0.1019
n16_graph0,16,1.0,0.5,4,100,35,3000,108500,20.369461,0.0800
n16_graph0,16,1.0,0.5,4,300,35,3000,115500,20.400781,0.0849
n16_graph0,16,1.0,0.5,4,1000,35,3000,140000,20.378032,0.1046
n16_graph0,16,1.0,0.5,4,3000,35,3000,210000,20.403086,0.1653
n16_graph0,16,1.0,0.5,4,10000,35,3000,455000,20.357538,0.3838
n16_graph0,16,1.0,0.5,20,100,173,3000,536300,20.420141,0.3901
n16_graph0,16,1.0,0.5,20,300,173,3000,570900,20.390439,0.4178
n16_graph0,16,1.0,0.5,20,1000,173,3000,692000,20.371713,0.5217
n16_graph0,16,1.0,0.5,20,3000,173,3000,1038000,20.384638,0.8213
n16_graph0,16,1.0,0.5,20,10000,173,3000,2249000,20.361420,1.8892
n16_graph0,16,1.0,0.8,1,100,6,3000,18600,31.815783,0.0136
n16_graph0,16,1.0,0.8,1,300,6,3000,19800,32.050411,0.0150
n16_graph0,16,1.0,0.8,1,1000,6,3000,24000,32.062720,0.0183
n16_graph0,16,1.0,0.8,1,3000,6,3000,36000,32.023260,0.0288
n16_graph0,16,1.0,0.8,1,10000,6,3000,78000,32.017347,0.0674
n16_graph0,16,1.0,0.8,4,100,22,3000,68200,32.045872,0.0503
n16_graph0,16,1.0,0.8,4,300,22,3000,72600,32.045790,0.0540
n16_graph0,16,1.0,0.8,4,1000,22,3000,88000,32.015656,0.0665
n16_graph0,16,1.0,0.8,4,3000,22,3000,132000,32.037751,0.1050
n16_graph0,16,1.0,0.8,4,10000,22,3000,286000,32.024118,0.2443
n16_graph0,16,1.0,0.8,20,100,108,3000,334800,32.054338,0.2438
n16_graph0,16,1.0,0.8,20,300,108,3000,356400,32.025888,0.2652
n16_graph0,16,1.0,0.8,20,1000,108,3000,432000,32.032680,0.3313
n16_graph0,16,1.0,0.8,20,3000,108,3000,648000,32.023855,0.5263
n16_graph0,16,1.0,0.8,20,10000,108,3000,1404000,32.022278,1.1832
n16_graph0,16,1.0,1.0,1,100,4,3000,12400,40.042697,0.0097
n16_graph0,16,1.0,1.0,1,300,4,3000,13200,40.056342,0.0098
n16_graph0,16,1.0,1.0,1,1000,4,3000,16000,39.983794,0.0127
n16_graph0,16,1.0,1.0,1,3000,4,3000,24000,39.996367,0.0198
n16_graph0,16,1.0,1.0,1,10000,4,3000,52000,40.002218,0.0436
n16_graph0,16,1.0,1.0,4,100,16,3000,49600,40.057529,0.0364
n16_graph0,16,1.0,1.0,4,300,16,3000,52800,39.986365,0.0393
n16_graph0,16,1.0,1.0,4,1000,16,3000,64000,39.961120,0.0477
n16_graph0,16,1.0,1.0,4,3000,16,3000,96000,40.009499,0.0771
n16_graph0,16,1.0,1.0,4,10000,16,3000,208000,39.999522,0.1782
n16_graph0,16,1.0,1.0,20,100,77,3000,238700,39.994467,0.1779
n16_graph0,16,1.0,1.0,20,300,77,3000,254100,39.987669,0.1908
n16_graph0,16,1.0,1.0,20,1000,77,3000,308000,40.009178,0.2389
n16_graph0,16,1.0,1.0,20,3000,77,3000,462000,40.010226,0.3721
n16_graph0,16,1.0,1.0,20,10000,77,3000,1001000,40.005520,0.8560
n16_graph0,16,1.0,1.3,1,100,3,3000,9300,52.022181,0.0067
n16_graph0,16,1.0,1.3,1,300,3,3000,9900,51.985453,0.0072
n16_graph0,16,1.0,1.3,1,1000,3,3000,12000,51.978100,0.0089
n16_graph0,16,1.0,1.3,1,3000,3,3000,18000,52.020932,0.0143
n16_graph0,16,1.0,1.3,1,10000,3,3000,39000,52.003693,0.0328
n16_graph0,16,1.0,1.3,4,100,9,3000,27900,51.981035,0.0208
n16_graph0,16,1.0,1.3,4,300,9,3000,29700,52.016193,0.0236
n16_graph0,16,1.0,1.3,4,1000,9,3000,36000,52.012045,0.0279
n16_graph0,16,1.0,1.3,4,3000,9,3000,54000,51.996661,0.0433
n16_graph0,16,1.0,1.3,4,10000,9,3000,117000,51.991055,0.1013
n16_graph0,16,1.0,1.3,20,100,45,3000,139500,51.979435,0.1038
n16_graph0,16,1.0,1.3,20,300,45,3000,148500,52.009272,0.1109
n16_graph0,16,1.0,1.3,20,1000,45,3000,180000,52.002604,0.1424
n16_graph0,16,1.0,1.3,20,3000,45,3000,270000,51.998520,0.2223
n16_graph0,16,1.0,1.3,20,10000,45,3000,585000,52.000840,0.5006
n16_graph0,16,1.0,1.8,1,100,1,3000,3100,72.009553,0.0023
n16_graph0,16,1.0,1.8,1,300,1,3000,3300,72.023836,0.0025
n16_graph0,16,1.0,1.8,1,1000,1,3000,4000,71.994297,0.0030
n16_graph0,16,1.0,1.8,1,3000,1,3000,6000,72.008668,0.0048
n16_graph0,16,1.0,1.8,1,10000,1,3000,13000,72.003956,0.0110
n16_graph0,16,1.0,1.8,4,100,4,3000,12400,72.024802,0.0091
n16_graph0,16,1.0,1.8,4,300,4,3000,13200,71.999593,0.0097
n16_graph0,16,1.0,1.8,4,1000,4,3000,16000,72.007314,0.0124
n16_graph0,16,1.0,1.8,4,3000,4,3000,24000,71.995777,0.0194
n16_graph0,16,1.0,1.8,4,10000,4,3000,52000,71.999077,0.0444
n16_graph0,16,1.0,1.8,20,100,18,3000,55800,71.984649,0.0423
n16_graph0,16,1.0,1.8,20,300,18,3000,59400,72.003028,0.0443
n16_graph0,16,1.0,1.8,20,1000,18,3000,72000,71.995810,0.0573
n16_graph0,16,1.0,1.8,20,3000,18,3000,108000,71.996499,0.0871
n16_graph0,16,1.0,1.8,20,10000,18,3000,234000,72.000943,0.2009
n16_graph0,16,1.0,2.5,1,100,1,3000,3100,99.996232,0.0026
n16_graph0,16,1.0,2.5,1,300,1,3000,3300,100.011921,0.0024
n16_graph0,16,1.0,2.5,1,1000,1,3000,4000,100.004603,0.0029
n16_graph0,16,1.0,2.5,1,3000,1,3000,6000,100.000266,0.0047
n16_graph0,16,1.0,2.5,1,10000,1,3000,13000,99.998972,0.0110
n16_graph0,16,1.0,2.5,4,100,1,3000,3100,99.994002,0.0025
n16_graph0,16,1.0,2.5,4,300,1,3000,3300,100.013931,0.0024
n16_graph0,16,1.0,2.5,4,1000,1,3000,4000,100.000449,0.0030
n16_graph0,16,1.0,2.5,4,3000,1,3000,6000,99.997794,0.0047
n16_graph0,16,1.0,2.5,4,10000,1,3000,13000,100.001126,0.0112
n16_graph0,16,1.0,2.5,20,100,5,3000,15500,99.997324,0.0113
n16_graph0,16,1.0,2.5,20,300,5,3000,16500,99.998235,0.0120
n16_graph0,16,1.0,2.5,20,1000,5,3000,20000,99.999920,0.0163
n16_graph0,16,1.0,2.5,20,3000,5,3000,30000,99.999552,0.0259
n16_graph0,16,1.0,2.5,20,10000,5,3000,65000,99.999320,0.0593
n16_graph0,16,1.0,5.0,1,100,1,3000,3100,199.999947,0.0029
n16_graph0,16,1.0,5.0,1,300,1,3000,3300,199.999951,0.0025
n16_graph0,16,1.0,5.0,1,1000,1,3000,4000,200.000011,0.0030
n16_graph0,16,1.0,5.0,1,3000,1,3000,6000,199.999995,0.0048
n16_graph0,16,1.0,5.0,1,10000,1,3000,13000,200.000001,0.0112
n16_graph0,16,1.0,5.0,4,100,1,3000,3100,200.000040,0.0022
n16_graph0,16,1.0,5.0,4,300,1,3000,3300,200.000022,0.0024
n16_graph0,16,1.0,5.0,4,1000,1,3000,4000,200.000003,0.0030
n16_graph0,16,1.0,5.0,4,3000,1,3000,6000,200.000003,0.0049
n16_graph0,16,1.0,5.0,4,10000,1,3000,13000,199.999989,0.0112
n16_graph0,16,1.0,5.0,20,100,1,3000,3100,200.000035,0.0025
n16_graph0,16,1.0,5.0,20,300,1,3000,3300,199.999999,0.0026
n16_graph0,16,1.0,5.0,20,1000,1,3000,4000,199.999976,0.0034
n16_graph0,16,1.0,5.0,20,3000,1,3000,6000,200.000011,0.0052
n16_graph0,16,1.0,5.0,20,10000,1,3000,13000,200.000010,0.0119
n16_graph1,16,0.0,0.1,1,100,16,3000,49600,11.759012,0.0399
n16_graph1,16,0.0,0.1,1,300,16,3000,52800,11.493349,0.0368
n16_graph1,16,0.0,0.1,1,1000,16,3000,64000,10.856114,0.0466
n16_graph1,16,0.0,0.1,1,3000,16,3000,96000,10.915086,0.0746
n16_graph1,16,0.0,0.1,1,10000,16,3000,208000,11.306515,0.1653
n16_graph1,16,0.0,0.1,4,100,64,3000,198400,11.376877,0.1358
n16_graph1,16,0.0,0.1,4,300,64,3000,211200,11.272053,0.1484
n16_graph1,16,0.0,0.1,4,1000,64,3000,256000,10.994415,0.1871
n16_graph1,16,0.0,0.1,4,3000,64,3000,384000,11.147501,0.2944
n16_graph1,16,0.0,0.1,4,10000,64,3000,832000,11.218209,0.6594
n16_graph1,16,0.0,0.1,20,100,320,3000,992000,10.939317,0.6853
n16_graph1,16,0.0,0.1,20,300,320,3000,1056000,11.272210,0.7376
n16_graph1,16,0.0,0.1,20,1000,320,3000,1280000,11.145170,0.9156
n16_graph1,16,0.0,0.1,20,3000,320,3000,1920000,11.223071,1.4475
n16_graph1,16,0.0,0.1,20,10000,320,3000,4160000,11.241642,3.2769
n16_graph1,16,0.0,0.2,1,100,16,3000,49600,11.621318,0.0346
n16_graph1,16,0.0,0.2,1,300,16,3000,52800,11.269966,0.0381
n16_graph1,16,0.0,0.2,1,1000,16,3000,64000,11.392747,0.0469
n16_graph1,16,0.0,0.2,1,3000,16,3000,96000,11.586908,0.0720
n16_graph1,16,0.0,0.2,1,10000,16,3000,208000,11.607040,0.1818
n16_graph1,16,0.0,0.2,4,100,64,3000,198400,11.352056,0.1429
n16_graph1,16,0.0,0.2,4,300,64,3000,211200,11.799971,0.1479
n16_graph1,16,0.0,0.2,4,1000,64,3000,256000,11.771053,0.1846
n16_graph1,16,0.0,0.2,4,3000,64,3000,384000,11.653490,0.2942
n16_graph1,16,0.0,0.2,4,10000,64,3000,832000,11.683610,0.6628
n16_graph1,16,0.0,0.2,20,100,320,3000,992000,11.608241,0.6925
n16_graph1,16,0.0,0.2,20,300,320,3000,1056000,11.822412,0.7399
n16_graph1,16,0.0,0.2,20,1000,320,3000,1280000,11.625546,0.9251
n16_graph1,16,0.0,0.2,20,3000,320,3000,1920000,11.667637,1.4556
n16_graph1,16,0.0,0.2,20,10000,320,3000,4160000,11.631755,3.3101
n16_graph1,16,0.0,0.3,1,100,16,3000,49600,12.378788,0.0333
n16_graph1,16,0.0,0.3,1,300,16,3000,52800,13.351560,0.0368
n16_graph1,16,0.0,0.3,1,1000,16,3000,64000,12.609899,0.0478
n16_graph1,16,0.0,0.3,1,3000,16,3000,96000,12.580533,0.0752
n16_graph1,16,0.0,0.3,1,10000,16,3000,208000,12.466761,0.1687
n16_graph1,16,0.0,0.3,4,100,64,3000,198400,12.356937,0.1394
n16_graph1,16,0.0,0.3,4,300,64,3000,211200,12.194380,0.1524
n16_graph1,16,0.0,0.3,4,1000,64,3000,256000,12.051095,0.1895
n16_graph1,16,0.0,0.3,4,3000,64,3000,384000,12.409839,0.2991
n16_graph1,16,0.0,0.3,4,10000,64,3000,832000,12.157164,0.6730
n16_graph1,16,0.0,0.3,20,100,320,3000,992000,12.479567,0.6951
n16_graph1,16,0.0,0.3,20,300,320,3000,1056000,12.192575,0.7467
n16_graph1,16,0.0,0.3,20,1000,320,3000,1280000,12.281511,0.9681
n16_graph1,16,0.0,0.3,20,3000,320,3000,1920000,12.254289,1.4872
n16_graph1,16,0.0,0.3,20,10000,320,3000,4160000,12.275276,3.3262
n16_graph1,16,0.0,0.5,1,100,16,3000,49600,14.135348,0.0344
n16_graph1,16,0.0,0.5,1,300,16,3000,52800,13.216984,0.0377
n16_graph1,16,0.0,0.5,1,1000,16,3000,64000,14.833080,0.0473
n16_graph1,16,0.0,0.5,1,3000,16,3000,96000,14.916054,0.0767
n16_graph1,16,0.0,0.5,1,10000,16,3000,208000,14.656391,0.1746
n16_graph1,16,0.0,0.5,4,100,64,3000,198400,15.444222,0.1401
n16_graph1,16,0.0,0.5,4,300,64,3000,211200,15.049974,0.1527
n16_graph1,16,0.0,0.5,4,1000,64,3000,256000,15.134650,0.1900
n16_graph1,16,0.0,0.5,4,3000,64,3000,384000,14.441975,0.3013
n16_graph1,16,0.0,0.5,4,10000,64,3000,832000,14.786907,0.6846
n16_graph1,16,0.0,0.5,20,100,320,3000,992000,14.744150,0.7004
n16_graph1,16,0.0,0.5,20,300,320,3000,1056000,14.384974,0.7512
n16_graph1,16,0.0,0.5,20,1000,320,3000,1280000,14.744592,0.9485
n16_graph1,16,0.0,0.5,20,3000,320,3000,1920000,14.768359,1.5108
n16_graph1,16,0.0,0.5,20,10000,320,3000,4160000,14.672918,3.4159
n16_graph1,16,0.0,0.8,1,100,16,3000,49600,20.749792,0.0357
n16_graph1,16,0.0,0.8,1,300,16,3000,52800,20.103000,0.0389
n16_graph1,16,0.0,0.8,1,1000,16,3000,64000,20.763377,0.0489
n16_graph1,16,0.0,0.8,1,3000,16,3000,96000,20.657213,0.0774
n16_graph1,16,0.0,0.8,1,10000,16,3000,208000,20.303969,0.1785
n16_graph1,16,0.0,0.8,4,100,64,3000,198400,20.735951,0.1410
n16_graph1,16,0.0,0.8,4,300,64,3000,211200,20.243905,0.1545
n16_graph1,16,0.0,0.8,4,1000,64,3000,256000,20.196288,0.1925
n16_graph1,16,0.0,0.8,4,3000,64,3000,384000,20.724469,0.3024
n16_graph1,16,0.0,0.8,4,10000,64,3000,832000,20.432553,0.6878
n16_graph1,16,0.0,0.8,20,100,320,3000,992000,20.143990,0.7100
n16_graph1,16,0.0,0.8,20,300,320,3000,1056000,20.602491,0.7649
n16_graph1,16,0.0,0.8,20,1000,320,3000,1280000,20.516316,0.9496
n16_graph1,16,0.0,0.8,20,3000,320,3000,1920000,20.330848,1.5371
n16_graph1,16,0.0,0.8,20,10000,320,3000,4160000,20.530745,3.4488
n16_graph1,16,0.0,1.0,1,100,16,3000,49600,24.131060,0.0361
n16_graph1,16,0.0,1.0,1,300,16,3000,52800,25.219601,0.0383
n16_graph1,16,0.0,1.0,1,1000,16,3000,64000,25.263888,0.0480
n16_graph1,16,0.0,1.0,1,3000,16,3000,96000,24.384993,0.0777
n16_graph1,16,0.0,1.0,1,10000,16,3000,208000,24.801911,0.1740
n16_graph1,16,0.0,1.0,4,100,64,3000,198400,24.552933,0.1445
n16_graph1,16,0.0,1.0,4,300,64,3000,211200,25.044234,0.1549
n16_graph1,16,0.0,1.0,4,1000,64,3000,256000,24.933637,0.1927
n16_graph1,16,0.0,1.0,4,3000,64,3000,384000,25.245025,0.3059
n16_graph1,16,0.0,1.0,4,10000,64,3000,832000,25.069852,0.6931
n16_graph1,16,0.0,1.0,20,100,320,3000,992000,25.532325,0.7138
n16_graph1,16,0.0,1.0,20,300,320,3000,1056000,25.163892,0.7890
n16_graph1,16,0.0,1.0,20,1000,320,3000,1280000,25.074614,0.9679
n16_graph1,16,0.0,1.0,20,3000,320,3000,1920000,25.169971,1.5496
n16_graph1,16,0.0,1.0,20,10000,320,3000,4160000,24.947789,3.4582
n16_graph1,16,0.0,1.3,1,100,16,3000,49600,32.894960,0.0352
n16_graph1,16,0.0,1.3,1,300,16,3000,52800,28.622439,0.0378
n16_graph1,16,0.0,1.3,1,1000,16,3000,64000,32.685879,0.0471
n16_graph1,16,0.0,1.3,1,3000,16,3000,96000,31.990645,0.0772
n16_graph1,16,0.0,1.3,1,10000,16,3000,208000,31.615165,0.1741
n16_graph1,16,0.0,1.3,4,100,64,3000,198400,30.206761,0.1461
n16_graph1,16,0.0,1.3,4,300,64,3000,211200,30.013758,0.1552
n16_graph1,16,0.0,1.3,4,1000,64,3000,256000,32.021756,0.1920
n16_graph1,16,0.0,1.3,4,3000,64,3000,384000,32.294163,0.5286
n16_graph1,16,0.0,1.3,4,10000,64,3000,832000,31.809716,1.5266
n16_graph1,16,0.0,1.3,20,100,320,3000,992000,30.942572,1.5643
n16_graph1,16,0.0,1.3,20,300,320,3000,1056000,31.964157,1.6798
n16_graph1,16,0.0,1.3,20,1000,320,3000,1280000,32.041078,2.1064
n16_graph1,16,0.0,1.3,20,3000,320,3000,1920000,32.096205,3.3708
n16_graph1,16,0.0,1.3,20,10000,320,3000,4160000,31.989891,6.3732
n16_graph1,16,0.0,1.8,1,100,16,3000,49600,42.051093,0.0771
n16_graph1,16,0.0,1.8,1,300,16,3000,52800,42.402630,0.0836
n16_graph1,16,0.0,1.8,1,1000,16,3000,64000,43.253021,0.1062
n16_graph1,16,0.0,1.8,1,3000,16,3000,96000,44.807619,0.1661
n16_graph1,16,0.0,1.8,1,10000,16,3000,208000,44.139040,0.3808
n16_graph1,16,0.0,1.8,4,100,64,3000,198400,43.470065,0.3150
n16_graph1,16,0.0,1.8,4,300,64,3000,211200,43.662023,0.3402
n16_graph1,16,0.0,1.8,4,1000,64,3000,256000,44.508441,0.4247
n16_graph1,16,0.0,1.8,4,3000,64,3000,384000,42.937584,0.6659
n16_graph1,16,0.0,1.8,4,10000,64,3000,832000,43.803298,1.5239
n16_graph1,16,0.0,1.8,20,100,320,3000,992000,44.185212,1.5708
n16_graph1,16,0.0,1.8,20,300,320,3000,1056000,43.958575,1.6914
n16_graph1,16,0.0,1.8,20,1000,320,3000,1280000,43.620964,2.1120
n16_graph1,16,0.0,1.8,20,3000,320,3000,1920000,44.040618,3.3214
n16_graph1,16,0.0,1.8,20,10000,320,3000,4160000,43.967265,7.5120
n16_graph1,16,0.0,2.5,1,100,16,3000,49600,nan,0.0797
n16_graph1,16,0.0,2.5,1,300,16,3000,52800,59.930209,0.0841
n16_graph1,16,0.0,2.5,1,1000,16,3000,64000,60.750622,0.1058
n16_graph1,16,0.0,2.5,1,3000,16,3000,96000,60.907406,0.1683
n16_graph1,16,0.0,2.5,1,10000,16,3000,208000,60.821061,0.3774
n16_graph1,16,0.0,2.5,4,100,64,3000,198400,60.994969,0.3125
n16_graph1,16,0.0,2.5,4,300,64,3000,211200,60.520500,0.3385
n16_graph1,16,0.0,2.5,4,1000,64,3000,256000,61.303188,0.4317
n16_graph1,16,0.0,2.5,4,3000,64,3000,384000,60.897179,0.6693
n16_graph1,16,0.0,2.5,4,10000,64,3000,832000,60.750566,1.5176
n16_graph1,16,0.0,2.5,20,100,320,3000,992000,61.172692,1.5582
n16_graph1,16,0.0,2.5,20,300,320,3000,1056000,60.473223,1.6790
n16_graph1,16,0.0,2.5,20,1000,320,3000,1280000,61.080219,2.1035
n16_graph1,16,0.0,2.5,20,3000,320,3000,1920000,60.681097,3.3030
n16_graph1,16,0.0,2.5,20,10000,320,3000,4160000,60.588667,7.5515
n16_graph1,16,0.0,5.0,1,100,16,3000,49600,120.488970,0.0797
n16_graph1,16,0.0,5.0,1,300,16,3000,52800,120.666273,0.0849
n16_graph1,16,0.0,5.0,1,1000,16,3000,64000,120.627455,0.1097
n16_graph1,16,0.0,5.0,1,3000,16,3000,96000,121.445931,0.1679
n16_graph1,16,0.0,5.0,1,10000,16,3000,208000,120.740455,0.3870
n16_graph1,16,0.0,5.0,4,100,64,3000,198400,121.014939,0.3164
n16_graph1,16,0.0,5.0,4,300,64,3000,211200,120.722783,0.3402
n16_graph1,16,0.0,5.0,4,1000,64,3000,256000,nan,0.4265
n16_graph1,16,0.0,5.0,4,3000,64,3000,384000,121.019622,0.6656
n16_graph1,16,0.0,5.0,4,10000,64,3000,832000,120.880625,1.5311
n16_graph1,16,0.0,5.0,20,100,320,3000,992000,120.358500,1.5614
n16_graph1,16,0.0,5.0,20,300,320,3000,1056000,120.345845,1.6982
n16_graph1,16,0.0,5.0,20,1000,320,3000,1280000,120.707439,2.1015
n16_graph1,16,0.0,5.0,20,3000,320,3000,1920000,120.424445,3.3153
n16_graph1,16,0.0,5.0,20,10000,320,3000,4160000,120.658853,7.5397
n16_graph1,16,0.1,0.1,1,100,16,3000,49600,11.153881,0.0744
n16_graph1,16,0.1,0.1,1,300,16,3000,52800,11.093549,0.0814
n16_graph1,16,0.1,0.1,1,1000,16,3000,64000,11.115754,0.0996
n16_graph1,16,0.1,0.1,1,3000,16,3000,96000,11.248752,0.1553
n16_graph1,16,0.1,0.1,1,10000,16,3000,208000,11.123841,0.3632
n16_graph1,16,0.1,0.1,4,100,64,3000,198400,11.215847,0.3011
n16_graph1,16,0.1,0.1,4,300,64,3000,211200,11.477583,0.3207
n16_graph1,16,0.1,0.1,4,1000,64,3000,256000,11.232017,0.4042
n16_graph1,16,0.1,0.1,4,3000,64,3000,384000,11.103311,0.6313
n16_graph1,16,0.1,0.1,4,10000,64,3000,832000,11.177871,1.4373
n16_graph1,16,0.1,0.1,20,100,317,3000,982700,11.310994,1.4776
n16_graph1,16,0.1,0.1,20,300,317,3000,1046100,11.095466,1.5729
n16_graph1,16,0.1,0.1,20,1000,317,3000,1268000,11.243949,1.9687
n16_graph1,16,0.1,0.1,20,3000,317,3000,1902000,11.224408,3.0914
n16_graph1,16,0.1,0.1,20,10000,317,3000,4121000,11.192142,7.0467
n16_graph1,16,0.1,0.2,1,100,16,3000,49600,11.212315,0.0732
n16_graph1,16,0.1,0.2,1,300,16,3000,52800,10.963462,0.0795
n16_graph1,16,0.1,0.2,1,1000,16,3000,64000,12.035092,0.1014
n16_graph1,16,0.1,0.2,1,3000,16,3000,96000,11.743461,0.1598
n16_graph1,16,0.1,0.2,1,10000,16,3000,208000,11.574031,0.3667
n16_graph1,16,0.1,0.2,4,100,63,3000,195300,12.058574,0.2934
n16_graph1,16,0.1,0.2,4,300,63,3000,207900,10.861389,0.3179
n16_graph1,16,0.1,0.2,4,1000,63,3000,252000,11.763816,0.4017
n16_graph1,16,0.1,0.2,4,3000,63,3000,378000,11.519368,0.6271
n16_graph1,16,0.1,0.2,4,10000,63,3000,819000,11.587289,1.4199
n16_graph1,16,0.1,0.2,20,100,314,3000,973400,11.784865,1.4688
n16_graph1,16,0.1,0.2,20,300,314,3000,1036200,11.622078,1.5804
n16_graph1,16,0.1,0.2,20,1000,314,3000,1256000,11.700745,1.9769
n16_graph1,16,0.1,0.2,20,3000,314,3000,1884000,11.549426,3.1399
n16_graph1,16,0.1,0.2,20,10000,314,3000,4082000,11.596145,7.0447
n16_graph1,16,0.1,0.3,1,100,16,3000,49600,12.477694,0.0746
n16_graph1,16,0.1,0.3,1,300,16,3000,52800,11.486316,0.0820
n16_graph1,16,0.1,0.3,1,1000,16,3000,64000,12.088999,0.1025
n16_graph1,16,0.1,0.3,1,3000,16,3000,96000,12.325871,0.1623
n16_graph1,16,0.1,0.3,1,10000,16,3000,208000,12.320952,0.3649
n16_graph1,16,0.1,0.3,4,100,63,3000,195300,12.871649,0.2991
n16_graph1,16,0.1,0.3,4,300,63,3000,207900,11.971442,0.3256
n16_graph1,16,0.1,0.3,4,1000,63,3000,252000,12.451287,0.4040
n16_graph1,16,0.1,0.3,4,3000,63,3000,378000,12.441916,0.6363
n16_graph1,16,0.1,0.3,4,10000,63,3000,819000,12.240122,1.4580
n16_graph1,16,0.1,0.3,20,100,311,3000,964100,12.437627,1.4819
n16_graph1,16,0.1,0.3,20,300,311,3000,1026300,12.173484,1.5703
n16_graph1,16,0.1,0.3,20,1000,311,3000,1244000,12.207904,1.9826
n16_graph1,16,0.1,0.3,20,3000,311,3000,1866000,12.284883,3.1247
n16_graph1,16,0.1,0.3,20,10000,311,3000,4043000,12.285831,7.0713
n16_graph1,16,0.1,0.5,1,100,16,3000,49600,14.595512,0.0754
n16_graph1,16,0.1,0.5,1,300,16,3000,52800,13.900765,0.0829
n16_graph1,16,0.1,0.5,1,1000,16,3000,64000,14.721595,0.1031
n16_graph1,16,0.1,0.5,1,3000,16,3000,96000,14.788499,0.1610
n16_graph1,16,0.1,0.5,1,10000,16,3000,208000,14.447803,0.3740
n16_graph1,16,0.1,0.5,4,100,61,3000,189100,14.178268,0.2946
n16_graph1,16,0.1,0.5,4,300,61,3000,201300,14.530669,0.3184
n16_graph1,16,0.1,0.5,4,1000,61,3000,244000,14.891227,0.3963
n16_graph1,16,0.1,0.5,4,3000,61,3000,366000,14.689891,0.6228
n16_graph1,16,0.1,0.5,4,10000,61,3000,793000,14.697533,0.8840
n16_graph1,16,0.1,0.5,20,100,305,3000,945500,14.905542,0.8102
n16_graph1,16,0.1,0.5,20,300,305,3000,1006500,14.189553,1.5730
n16_graph1,16,0.1,0.5,20,1000,305,3000,1220000,14.766513,1.9574
n16_graph1,16,0.1,0.5,20,3000,305,3000,1830000,14.808888,3.1042
n16_graph1,16,0.1,0.5,20,10000,305,3000,3965000,14.661358,7.0061
n16_graph1,16,0.1,0.8,1,100,15,3000,46500,19.248131,0.0722
n16_graph1,16,0.1,0.8,1,300,15,3000,49500,21.487342,0.0791
n16_graph1,16,0.1,0.8,1,1000,15,3000,60000,21.559573,0.0967
n16_graph1,16,0.1,0.8,1,3000,15,3000,90000,21.165779,0.1545
n16_graph1,16,0.1,0.8,1,10000,15,3000,195000,20.895510,0.3534
n16_graph1,16,0.1,0.8,4,100,59,3000,182900,21.519932,0.2908
n16_graph1,16,0.1,0.8,4,300,59,3000,194700,20.569826,0.3119
n16_graph1,16,0.1,0.8,4,1000,59,3000,236000,20.900648,0.3893
n16_graph1,16,0.1,0.8,4,3000,59,3000,354000,21.130395,0.6112
n16_graph1,16,0.1,0.8,4,10000,59,3000,767000,20.893713,1.3986
n16_graph1,16,0.1,0.8,20,100,295,3000,914500,20.666828,1.4574
n16_graph1,16,0.1,0.8,20,300,295,3000,973500,20.601092,1.5407
n16_graph1,16,0.1,0.8,20,1000,295,3000,1180000,20.903663,1.9289
n16_graph1,16,0.1,0.8,20,3000,295,3000,1770000,21.034997,3.0551
n16_graph1,16,0.1,0.8,20,10000,295,3000,3835000,20.971194,6.8909
n16_graph1,16,0.1,1.0,1,100,15,3000,46500,27.084727,0.0730
n16_graph1,16,0.1,1.0,1,300,15,3000,49500,25.550729,0.0795
n16_graph1,16,0.1,1.0,1,1000,15,3000,60000,25.505911,0.0991
n16_graph1,16,0.1,1.0,1,3000,15,3000,90000,26.008866,0.1535
n16_graph1,16,0.1,1.0,1,10000,15,3000,195000,25.728792,0.3550
n16_graph1,16,0.1,1.0,4,100,58,3000,179800,26.042650,0.2877
n16_graph1,16,0.1,1.0,4,300,58,3000,191400,25.956232,0.3082
n16_graph1,16,0.1,1.0,4,1000,58,3000,232000,25.874007,0.3842
n16_graph1,16,0.1,1.0,4,3000,58,3000,348000,25.646099,0.6027
n16_graph1,16,0.1,1.0,4,10000,58,3000,754000,25.898543,1.3877
n16_graph1,16,0.1,1.0,20,100,289,3000,895900,25.891772,1.4095
n16_graph1,16,0.1,1.0,20,300,289,3000,953700,25.738565,1.5196
n16_graph1,16,0.1,1.0,20,1000,289,3000,1156000,25.724333,1.8900
n16_graph1,16,0.1,1.0,20,3000,289,3000,1734000,25.739979,2.9488
n16_graph1,16,0.1,1.0,20,10000,289,3000,3757000,25.811825,5.6426
n16_graph1,16,0.1,1.3,1,100,14,3000,43400,33.307085,0.0740
n16_graph1,16,0.1,1.3,1,300,14,3000,46200,33.188764,0.0750
n16_graph1,16,0.1,1.3,1,1000,14,3000,56000,33.379784,0.0923
n16_graph1,16,0.1,1.3,1,3000,14,3000,84000,33.136085,0.1485
n16_graph1,16,0.1,1.3,1,10000,14,3000,182000,33.378493,0.3355
n16_graph1,16,0.1,1.3,4,100,56,3000,173600,33.095980,0.2790
n16_graph1,16,0.1,1.3,4,300,56,3000,184800,33.599676,0.2936
n16_graph1,16,0.1,1.3,4,1000,56,3000,224000,32.955373,0.3745
n16_graph1,16,0.1,1.3,4,3000,56,3000,336000,33.361654,0.5863
n16_graph1,16,0.1,1.3,4,10000,56,3000,728000,33.316084,1.3365
n16_graph1,16,0.1,1.3,20,100,279,3000,864900,33.237005,1.3734
n16_graph1,16,0.1,1.3,20,300,279,3000,920700,33.276938,1.4655
n16_graph1,16,0.1,1.3,20,1000,279,3000,1116000,33.484133,1.8348
n16_graph1,16,0.1,1.3,20,3000,279,3000,1674000,33.288811,2.8899
n16_graph1,16,0.1,1.3,20,10000,279,3000,3627000,33.331461,5.3852
n16_graph1,16,0.1,1.8,1,100,14,3000,43400,46.514642,0.0693
n16_graph1,16,0.1,1.8,1,300,14,3000,46200,46.265767,0.0754
n16_graph1,16,0.1,1.8,1,1000,14,3000,56000,45.988513,0.0918
n16_graph1,16,0.1,1.8,1,3000,14,3000,84000,45.999327,0.1471
n16_graph1,16,0.1,1.8,1,10000,14,3000,182000,46.070127,0.3346
n16_graph1,16,0.1,1.8,4,100,53,3000,164300,46.292015,0.2651
n16_graph1,16,0.1,1.8,4,300,53,3000,174900,45.858641,0.2835
n16_graph1,16,0.1,1.8,4,1000,53,3000,212000,46.058308,0.3558
n16_graph1,16,0.1,1.8,4,3000,53,3000,318000,46.156723,0.5561
n16_graph1,16,0.1,1.8,4,10000,53,3000,689000,46.099286,1.2548
n16_graph1,16,0.1,1.8,20,100,264,3000,818400,46.300311,1.3111
n16_graph1,16,0.1,1.8,20,300,264,3000,871200,46.079306,1.4005
n16_graph1,16,0.1,1.8,20,1000,264,3000,1056000,46.153570,1.7532
n16_graph1,16,0.1,1.8,20,3000,264,3000,1584000,46.117923,2.7608
n16_graph1,16,0.1,1.8,20,10000,264,3000,3432000,46.088854,6.1792
n16_graph1,16,0.1,2.5,1,100,13,3000,40300,63.863168,0.0293
n16_graph1,16,0.1,2.5,1,300,13,3000,42900,64.014124,0.0312
n16_graph1,16,0.1,2.5,1,1000,13,3000,52000,63.952598,0.0405
n16_graph1,16,0.1,2.5,1,3000,13,3000,78000,64.065104,0.0623
n16_graph1,16,0.1,2.5,1,10000,13,3000,169000,64.099542,0.1409
n16_graph1,16,0.1,2.5,4,100,49,3000,151900,64.385993,0.1122
n16_graph1,16,0.1,2.5,4,300,49,3000,161700,64.027162,0.1191
n16_graph1,16,0.1,2.5,4,1000,49,3000,196000,63.955957,0.1493
n16_graph1,16,0.1,2.5,4,3000,49,3000,294000,63.976613,0.2378
n16_graph1,16,0.1,2.5,4,10000,49,3000,637000,63.967034,1.1602
n16_graph1,16,0.1,2.5,20,100,242,3000,750200,64.256691,1.1960
n16_graph1,16,0.1,2.5,20,300,242,3000,798600,63.980061,1.2803
n16_graph1,16,0.1,2.5,20,1000,242,3000,968000,63.906190,1.6090
n16_graph1,16,0.1,2.5,20,3000,242,3000,1452000,64.027189,1.5699
n16_graph1,16,0.1,2.5,20,10000,242,3000,3146000,63.994987,5.4790
n16_graph1,16,0.1,5.0,1,100,9,3000,27900,128.075243,0.0444
n16_graph1,16,0.1,5.0,1,300,9,3000,29700,128.234401,0.0486
n16_graph1,16,0.1,5.0,1,1000,9,3000,36000,128.036513,0.0783
n16_graph1,16,0.1,5.0,1,3000,9,3000,54000,127.978796,0.0950
n16_graph1,16,0.1,5.0,1,10000,9,3000,117000,128.007935,0.2129
n16_graph1,16,0.1,5.0,4,100,35,3000,108500,128.262701,0.1750
n16_graph1,16,0.1,5.0,4,300,35,3000,115500,127.953789,0.1178
n16_graph1,16,0.1,5.0,4,1000,35,3000,140000,128.025927,0.1079
n16_graph1,16,0.1,5.0,4,3000,35,3000,210000,128.013445,0.1660
n16_graph1,16,0.1,5.0,4,10000,35,3000,455000,128.021058,0.3870
n16_graph1,16,0.1,5.0,20,100,173,3000,536300,128.120067,0.5257
n16_graph1,16,0.1,5.0,20,300,173,3000,570900,128.033723,0.9247
n16_graph1,16,0.1,5.0,20,1000,173,3000,692000,128.008141,1.1586
n16_graph1,16,0.1,5.0,20,3000,173,3000,1038000,127.995917,1.8122
n16_graph1,16,0.1,5.0,20,10000,173,3000,2249000,127.999000,2.9437
n16_graph1,16,0.2,0.1,1,100,16,3000,49600,11.019518,0.0746
n16_graph1,16,0.2,0.1,1,300,16,3000,52800,10.442337,0.0797
n16_graph1,16,0.2,0.1,1,1000,16,3000,64000,11.182328,0.1000
n16_graph1,16,0.2,0.1,1,3000,16,3000,96000,11.297240,0.1560
n16_graph1,16,0.2,0.1,1,10000,16,3000,208000,11.276066,0.3567
n16_graph1,16,0.2,0.1,4,100,63,3000,195300,11.254579,0.2923
n16_graph1,16,0.2,0.1,4,300,63,3000,207900,11.377012,0.3149
n16_graph1,16,0.2,0.1,4,1000,63,3000,252000,11.331375,0.3901
n16_graph1,16,0.2,0.1,4,3000,63,3000,378000,11.229083,0.6210
n16_graph1,16,0.2,0.1,4,10000,63,3000,819000,11.202271,1.3910
n16_graph1,16,0.2,0.1,20,100,314,3000,973400,11.323703,1.2918
n16_graph1,16,0.2,0.1,20,300,314,3000,1036200,11.237325,0.7089
n16_graph1,16,0.2,0.1,20,1000,314,3000,1256000,11.193879,1.7933
n16_graph1,16,0.2,0.1,20,3000,314,3000,1884000,11.214525,3.0599
n16_graph1,16,0.2,0.1,20,10000,314,3000,4082000,11.217779,5.8825
n16_graph1,16,0.2,0.2,1,100,16,3000,49600,11.509880,0.0749
n16_graph1,16,0.2,0.2,1,300,16,3000,52800,11.487760,0.0821
n16_graph1,16,0.2,0.2,1,1000,16,3000,64000,11.930795,0.1011
n16_graph1,16,0.2,0.2,1,3000,16,3000,96000,11.552201,0.1588
n16_graph1,16,0.2,0.2,1,10000,16,3000,208000,11.686154,0.3570
n16_graph1,16,0.2,0.2,4,100,62,3000,192200,10.891308,0.2948
n16_graph1,16,0.2,0.2,4,300,62,3000,204600,11.733394,0.3095
n16_graph1,16,0.2,0.2,4,1000,62,3000,248000,11.552141,0.1967
n16_graph1,16,0.2,0.2,4,3000,62,3000,372000,11.505822,0.2868
n16_graph1,16,0.2,0.2,4,10000,62,3000,806000,11.600056,0.7688
n16_graph1,16,0.2,0.2,20,100,308,3000,954800,11.449313,1.4300
n16_graph1,16,0.2,0.2,20,300,308,3000,1016400,11.697708,1.5435
n16_graph1,16,0.2,0.2,20,1000,308,3000,1232000,11.596445,1.9276
n16_graph1,16,0.2,0.2,20,3000,308,3000,1848000,11.595636,1.8649
n16_graph1,16,0.2,0.2,20,10000,308,3000,4004000,11.665770,6.4394
n16_graph1,16,0.2,0.3,1,100,16,3000,49600,14.154020,0.0353
n16_graph1,16,0.2,0.3,1,300,16,3000,52800,11.232831,0.0372
n16_graph1,16,0.2,0.3,1,1000,16,3000,64000,11.631113,0.0472
n16_graph1,16,0.2,0.3,1,3000,16,3000,96000,12.314384,0.0727
n16_graph1,16,0.2,0.3,1,10000,16,3000,208000,12.268809,0.1661
n16_graph1,16,0.2,0.3,4,100,61,3000,189100,12.045488,0.1312
n16_graph1,16,0.2,0.3,4,300,61,3000,201300,12.604680,0.2165
n16_graph1,16,0.2,0.3,4,1000,61,3000,244000,12.203087,0.3890
n16_graph1,16,0.2,0.3,4,3000,61,3000,366000,12.289553,0.6140
n16_graph1,16,0.2,0.3,4,10000,61,3000,793000,12.434855,1.3822
n16_graph1,16,0.2,0.3,20,100,301,3000,933100,12.228952,1.4233
n16_graph1,16,0.2,0.3,20,300,301,3000,993300,12.577067,1.5254
n16_graph1,16,0.2,0.3,20,1000,301,3000,1204000,12.435041,1.1605
n16_graph1,16,0.2,0.3,20,3000,301,3000,1806000,12.393081,2.5604
n16_graph1,16,0.2,0.3,20,10000,301,3000,3913000,12.384241,5.7055
n16_graph1,16,0.2,0.5,1,100,15,3000,46500,13.508015,0.0726
n16_graph1,16,0.2,0.5,1,300,15,3000,49500,16.698547,0.0770
n16_graph1,16,0.2,0.5,1,1000,15,3000,60000,15.678118,0.0967
n16_graph1,16,0.2,0.5,1,3000,15,3000,90000,15.093854,0.1525
n16_graph1,16,0.2,0.5,1,10000,15,3000,195000,15.130351,0.3442
n16_graph1,16,0.2,0.5,4,100,58,3000,179800,14.972649,0.2847
n16_graph1,16,0.2,0.5,4,300,58,3000,191400,15.356282,0.3166
n16_graph1,16,0.2,0.5,4,1000,58,3000,232000,14.979204,0.3760
n16_graph1,16,0.2,0.5,4,3000,58,3000,348000,14.928820,0.5908
n16_graph1,16,0.2,0.5,4,10000,58,3000,754000,15.193025,1.3600
n16_graph1,16,0.2,0.5,20,100,289,3000,895900,15.278418,1.3884
n16_graph1,16,0.2,0.5,20,300,289,3000,953700,15.135116,1.2460
n16_graph1,16,0.2,0.5,20,1000,289,3000,1156000,15.226025,0.9324
n16_graph1,16,0.2,0.5,20,3000,289,3000,1734000,15.068771,2.9366
n16_graph1,16,0.2,0.5,20,10000,289,3000,3757000,15.142963,5.4942
n16_graph1,16,0.2,0.8,1,100,14,3000,43400,20.956589,0.0689
n16_graph1,16,0.2,0.8,1,300,14,3000,46200,21.826331,0.0718
n16_graph1,16,0.2,0.8,1,1000,14,3000,56000,21.801083,0.0926
n16_graph1,16,0.2,0.8,1,3000,14,3000,84000,22.110399,0.1438
n16_graph1,16,0.2,0.8,1,10000,14,3000,182000,22.023960,0.3269
n16_graph1,16,0.2,0.8,4,100,54,3000,167400,22.317881,0.2659
n16_graph1,16,0.2,0.8,4,300,54,3000,178200,22.058474,0.2838
n16_graph1,16,0.2,0.8,4,1000,54,3000,216000,22.030606,0.3525
n16_graph1,16,0.2,0.8,4,3000,54,3000,324000,21.895567,0.5600
n16_graph1,16,0.2,0.8,4,10000,54,3000,702000,22.027029,1.2668
n16_graph1,16,0.2,0.8,20,100,270,3000,837000,22.077964,0.6186
n16_graph1,16,0.2,0.8,20,300,270,3000,891000,22.002761,0.9676
n16_graph1,16,0.2,0.8,20,1000,270,3000,1080000,21.907739,1.7690
n16_graph1,16,0.2,0.8,20,3000,270,3000,1620000,21.922023,2.7669
n16_graph1,16,0.2,0.8,20,10000,270,3000,3510000,21.988163,5.2093
n16_graph1,16,0.2,1.0,1,100,13,3000,40300,26.286891,0.0632
n16_graph1,16,0.2,1.0,1,300,13,3000,42900,26.970770,0.0677
n16_graph1,16,0.2,1.0,1,1000,13,3000,52000,27.249775,0.0873
n16_graph1,16,0.2,1.0,1,3000,13,3000,78000,27.161969,0.1341
n16_graph1,16,0.2,1.0,1,10000,13,3000,169000,27.165185,0.3067
n16_graph1,16,0.2,1.0,4,100,52,3000,161200,26.982341,0.2528
n16_graph1,16,0.2,1.0,4,300,52,3000,171600,27.207295,0.2750
n16_graph1,16,0.2,1.0,4,1000,52,3000,208000,27.242470,0.3424
n16_graph1,16,0.2,1.0,4,3000,52,3000,312000,27.320371,0.5390
n16_graph1,16,0.2,1.0,4,10000,52,3000,676000,27.287338,1.2231
n16_graph1,16,0.2,1.0,20,100,257,3000,796700,27.309299,1.2543
n16_graph1,16,0.2,1.0,20,300,257,3000,848100,27.280631,0.6859
n16_graph1,16,0.2,1.0,20,1000,257,3000,1028000,27.294425,1.1843
n16_graph1,16,0.2,1.0,20,3000,257,3000,1542000,27.284388,2.6701
n16_graph1,16,0.2,1.0,20,10000,257,3000,3341000,27.271761,4.9051
n16_graph1,16,0.2,1.3,1,100,12,3000,37200,35.119971,0.0619
n16_graph1,16,0.2,1.3,1,300,12,3000,39600,35.483454,0.0659
n16_graph1,16,0.2,1.3,1,1000,12,3000,48000,35.101269,0.0810
n16_graph1,16,0.2,1.3,1,3000,12,3000,72000,35.406836,0.1247
n16_graph1,16,0.2,1.3,1,10000,12,3000,156000,35.381988,0.2879
n16_graph1,16,0.2,1.3,4,100,48,3000,148800,35.388592,0.2335
n16_graph1,16,0.2,1.3,4,300,48,3000,158400,35.422347,0.2546
n16_graph1,16,0.2,1.3,4,1000,48,3000,192000,35.326055,0.3154
n16_graph1,16,0.2,1.3,4,3000,48,3000,288000,35.313961,0.5018
n16_graph1,16,0.2,1.3,4,10000,48,3000,624000,35.378028,1.1320
n16_graph1,16,0.2,1.3,20,100,239,3000,740900,35.211132,1.1896
n16_graph1,16,0.2,1.3,20,300,239,3000,788700,35.432779,0.8089
n16_graph1,16,0.2,1.3,20,1000,239,3000,956000,35.369989,0.7193
n16_graph1,16,0.2,1.3,20,3000,239,3000,1434000,35.371011,1.4207
n16_graph1,16,0.2,1.3,20,10000,239,3000,3107000,35.371683,5.6818
n16_graph1,16,0.2,1.8,1,100,11,3000,34100,48.350570,0.0551
n16_graph1,16,0.2,1.8,1,300,11,3000,36300,49.048513,0.0601
n16_graph1,16,0.2,1.8,1,1000,11,3000,44000,49.073693,0.0726
n16_graph1,16,0.2,1.8,1,3000,11,3000,66000,48.883171,0.1157
n16_graph1,16,0.2,1.8,1,10000,11,3000,143000,49.002369,0.2581
n16_graph1,16,0.2,1.8,4,100,42,3000,130200,48.716895,0.2119
n16_graph1,16,0.2,1.8,4,300,42,3000,138600,48.958541,0.2224
n16_graph1,16,0.2,1.8,4,1000,42,3000,168000,48.955810,0.2807
n16_graph1,16,0.2,1.8,4,3000,42,3000,252000,48.975657,0.4423
n16_graph1,16,0.2,1.8,4,10000,42,3000,546000,48.962057,1.0047
n16_graph1,16,0.2,1.8,20,100,210,3000,651000,48.968351,1.0429
n16_graph1,16,0.2,1.8,20,300,210,3000,693000,49.052736,1.1313
n16_graph1,16,0.2,1.8,20,1000,210,3000,840000,48.905291,1.3934
n16_graph1,16,0.2,1.8,20,3000,210,3000,1260000,48.968975,1.2971
n16_graph1,16,0.2,1.8,20,10000,210,3000,2730000,48.961072,3.5903
n16_graph1,16,0.2,2.5,1,100,9,3000,27900,67.910499,0.0470
n16_graph1,16,0.2,2.5,1,300,9,3000,29700,68.161294,0.0481
n16_graph1,16,0.2,2.5,1,1000,9,3000,36000,68.026842,0.0594
n16_graph1,16,0.2,2.5,1,3000,9,3000,54000,68.008423,0.0937
n16_graph1,16,0.2,2.5,1,10000,9,3000,117000,67.977697,0.2180
n16_graph1,16,0.2,2.5,4,100,35,3000,108500,68.018718,0.1753
n16_graph1,16,0.2,2.5,4,300,35,3000,115500,68.122088,0.1876
n16_graph1,16,0.2,2.5,4,1000,35,3000,140000,67.937501,0.2321
n16_graph1,16,0.2,2.5,4,3000,35,3000,210000,68.001207,0.3692
n16_graph1,16,0.2,2.5,4,10000,35,3000,455000,67.993258,0.8409
n16_graph1,16,0.2,2.5,20,100,173,3000,536300,68.024716,0.8633
n16_graph1,16,0.2,2.5,20,300,173,3000,570900,67.952116,0.9263
n16_graph1,16,0.2,2.5,20,1000,173,3000,692000,68.002945,1.1550
n16_graph1,16,0.2,2.5,20,3000,173,3000,1038000,67.993249,1.8173
n16_graph1,16,0.2,2.5,20,10000,173,3000,2249000,67.997356,4.1267
n16_graph1,16,0.2,5.0,1,100,4,3000,12400,135.913325,0.0200
n16_graph1,16,0.2,5.0,1,300,4,3000,13200,136.067626,0.0217
n16_graph1,16,0.2,5.0,1,1000,4,3000,16000,135.962816,0.0276
n16_graph1,16,0.2,5.0,1,3000,4,3000,24000,135.957606,0.0446
n16_graph1,16,0.2,5.0,1,10000,4,3000,52000,135.998285,0.0972
n16_graph1,16,0.2,5.0,4,100,16,3000,49600,135.905118,0.0812
n16_graph1,16,0.2,5.0,4,300,16,3000,52800,135.990858,0.0867
n16_graph1,16,0.2,5.0,4,1000,16,3000,64000,135.993037,0.0935
n16_graph1,16,0.2,5.0,4,3000,16,3000,96000,135.991239,0.1002
n16_graph1,16,0.2,5.0,4,10000,16,3000,208000,136.010032,0.1904
n16_graph1,16,0.2,5.0,20,100,77,3000,238700,136.016747,0.1740
n16_graph1,16,0.2,5.0,20,300,77,3000,254100,136.004554,0.1887
n16_graph1,16,0.2,5.0,20,1000,77,3000,308000,136.003558,0.2398
n16_graph1,16,0.2,5.0,20,3000,77,3000,462000,135.999266,0.3759
n16_graph1,16,0.2,5.0,20,10000,77,3000,1001000,136.001198,0.9982
n16_graph1,16,0.5,0.1,1,100,16,3000,49600,11.448218,0.0742
n16_graph1,16,0.5,0.1,1,300,16,3000,52800,11.230887,0.0792
n16_graph1,16,0.5,0.1,1,1000,16,3000,64000,11.250383,0.0997
n16_graph1,16,0.5,0.1,1,3000,16,3000,96000,11.353154,0.1583
n16_graph1,16,0.5,0.1,1,10000,16,3000,208000,11.296988,0.3525
n16_graph1,16,0.5,0.1,4,100,61,3000,189100,11.190532,0.2858
n16_graph1,16,0.5,0.1,4,300,61,3000,201300,11.290890,0.3014
n16_graph1,16,0.5,0.1,4,1000,61,3000,244000,11.134224,0.3825
n16_graph1,16,0.5,0.1,4,3000,61,3000,366000,11.182985,0.5966
n16_graph1,16,0.5,0.1,4,10000,61,3000,793000,11.191493,1.3604
n16_graph1,16,0.5,0.1,20,100,305,3000,945500,11.160599,1.4075
n16_graph1,16,0.5,0.1,20,300,305,3000,1006500,11.154555,1.5162
n16_graph1,16,0.5,0.1,20,1000,305,3000,1220000,11.280704,1.8909
n16_graph1,16,0.5,0.1,20,3000,305,3000,1830000,11.240968,3.0036
n16_graph1,16,0.5,0.1,20,10000,305,3000,3965000,11.245583,4.3377
n16_graph1,16,0.5,0.2,1,100,15,3000,46500,12.594181,0.0733
n16_graph1,16,0.5,0.2,1,300,15,3000,49500,12.425775,0.0747
n16_graph1,16,0.5,0.2,1,1000,15,3000,60000,11.387125,0.0952
n16_graph1,16,0.5,0.2,1,3000,15,3000,90000,11.736900,0.1508
n16_graph1,16,0.5,0.2,1,10000,15,3000,195000,11.930616,0.3374
n16_graph1,16,0.5,0.2,4,100,58,3000,179800,11.623226,0.2737
n16_graph1,16,0.5,0.2,4,300,58,3000,191400,11.835674,0.2929
n16_graph1,16,0.5,0.2,4,1000,58,3000,232000,11.590955,0.3630
n16_graph1,16,0.5,0.2,4,3000,58,3000,348000,11.823144,0.5716
n16_graph1,16,0.5,0.2,4,10000,58,3000,754000,11.727051,1.3162
n16_graph1,16,0.5,0.2,20,100,289,3000,895900,11.826500,1.3508
n16_graph1,16,0.5,0.2,20,300,289,3000,953700,11.868187,1.4510
n16_graph1,16,0.5,0.2,20,1000,289,3000,1156000,11.904554,1.8058
n16_graph1,16,0.5,0.2,20,3000,289,3000,1734000,11.752169,2.2293
n16_graph1,16,0.5,0.2,20,10000,289,3000,3757000,11.757198,4.7778
n16_graph1,16,0.5,0.3,1,100,14,3000,43400,12.603423,0.0673
n16_graph1,16,0.5,0.3,1,300,14,3000,46200,13.391862,0.0721
n16_graph1,16,0.5,0.3,1,1000,14,3000,56000,12.363229,0.0877
n16_graph1,16,0.5,0.3,1,3000,14,3000,84000,12.722653,0.1420
n16_graph1,16,0.5,0.3,1,10000,14,3000,182000,12.832843,0.3152
n16_graph1,16,0.5,0.3,4,100,55,3000,170500,12.815086,0.2634
n16_graph1,16,0.5,0.3,4,300,55,3000,181500,12.851529,0.2798
n16_graph1,16,0.5,0.3,4,1000,55,3000,220000,12.633718,0.3519
n16_graph1,16,0.5,0.3,4,3000,55,3000,330000,12.749312,0.5477
n16_graph1,16,0.5,0.3,4,10000,55,3000,715000,12.812436,1.2592
n16_graph1,16,0.5,0.3,20,100,273,3000,846300,12.867266,1.2816
n16_graph1,16,0.5,0.3,20,300,273,3000,900900,12.987771,1.3806
n16_graph1,16,0.5,0.3,20,1000,273,3000,1092000,12.852961,1.7539
n16_graph1,16,0.5,0.3,20,3000,273,3000,1638000,12.802602,1.7337
n16_graph1,16,0.5,0.3,20,10000,273,3000,3549000,12.787331,4.8458
n16_graph1,16,0.5,0.5,1,100,13,3000,40300,16.222802,0.0638
n16_graph1,16,0.5,0.5,1,300,13,3000,42900,17.213472,0.0681
n16_graph1,16,0.5,0.5,1,1000,13,3000,52000,17.224442,0.0855
n16_graph1,16,0.5,0.5,1,3000,13,3000,78000,16.918062,0.1319
n16_graph1,16,0.5,0.5,1,10000,13,3000,169000,16.703083,0.3048
n16_graph1,16,0.5,0.5,4,100,49,3000,151900,16.602211,0.2370
n16_graph1,16,0.5,0.5,4,300,49,3000,161700,16.879387,0.2575
n16_graph1,16,0.5,0.5,4,1000,49,3000,196000,16.630116,0.3183
n16_graph1,16,0.5,0.5,4,3000,49,3000,294000,16.746515,0.5065
n16_graph1,16,0.5,0.5,4,10000,49,3000,637000,16.781098,1.1309
n16_graph1,16,0.5,0.5,20,100,242,3000,750200,16.729046,1.1615
n16_graph1,16,0.5,0.5,20,300,242,3000,798600,16.593891,1.2457
n16_graph1,16,0.5,0.5,20,1000,242,3000,968000,16.751591,1.5588
n16_graph1,16,0.5,0.5,20,3000,242,3000,1452000,16.773912,1.8033
n16_graph1,16,0.5,0.5,20,10000,242,3000,3146000,16.765620,3.8850
n16_graph1,16,0.5,0.8,1,100,10,3000,31000,24.660943,0.0480
n16_graph1,16,0.5,0.8,1,300,10,3000,33000,25.271411,0.0520
n16_graph1,16,0.5,0.8,1,1000,10,3000,40000,25.503915,0.0645
n16_graph1,16,0.5,0.8,1,3000,10,3000,60000,25.791079,0.1049
n16_graph1,16,0.5,0.8,1,10000,10,3000,130000,25.611844,0.2357
n16_graph1,16,0.5,0.8,4,100,40,3000,124000,25.811056,0.1973
n16_graph1,16,0.5,0.8,4,300,40,3000,132000,25.741655,0.2128
n16_graph1,16,0.5,0.8,4,1000,40,3000,160000,25.694792,0.2634
n16_graph1,16,0.5,0.8,4,3000,40,3000,240000,25.664699,0.4111
n16_graph1,16,0.5,0.8,4,10000,40,3000,520000,25.688914,0.9532
n16_graph1,16,0.5,0.8,20,100,199,3000,616900,25.668712,0.9727
n16_graph1,16,0.5,0.8,20,300,199,3000,656700,25.566864,1.0442
n16_graph1,16,0.5,0.8,20,1000,199,3000,796000,25.647452,1.3074
n16_graph1,16,0.5,0.8,20,3000,199,3000,1194000,25.661089,2.0561
n16_graph1,16,0.5,0.8,20,10000,199,3000,2587000,25.669285,3.0430
n16_graph1,16,0.5,1.0,1,100,9,3000,27900,32.228359,0.0204
n16_graph1,16,0.5,1.0,1,300,9,3000,29700,31.932165,0.0219
n16_graph1,16,0.5,1.0,1,1000,9,3000,36000,31.917087,0.0271
n16_graph1,16,0.5,1.0,1,3000,9,3000,54000,32.055393,0.0434
n16_graph1,16,0.5,1.0,1,10000,9,3000,117000,31.973637,0.0973
n16_graph1,16,0.5,1.0,4,100,35,3000,108500,32.207623,0.0804
n16_graph1,16,0.5,1.0,4,300,35,3000,115500,32.103736,0.0860
n16_graph1,16,0.5,1.0,4,1000,35,3000,140000,32.029798,0.1058
n16_graph1,16,0.5,1.0,4,3000,35,3000,210000,32.041168,0.2341
n16_graph1,16,0.5,1.0,4,10000,35,3000,455000,32.032162,0.8380
n16_graph1,16,0.5,1.0,20,100,173,3000,536300,31.951680,0.8616
n16_graph1,16,0.5,1.0,20,300,173,3000,570900,31.965748,0.9148
n16_graph1,16,0.5,1.0,20,1000,173,3000,692000,32.022424,1.1483
n16_graph1,16,0.5,1.0,20,3000,173,3000,1038000,32.000441,1.8028
n16_graph1,16,0.5,1.0,20,10000,173,3000,2249000,32.024054,4.1105
n16_graph1,16,0.5,1.3,1,100,7,3000,21700,41.597272,0.0352
n16_graph1,16,0.5,1.3,1,300,7,3000,23100,41.499067,0.0372
n16_graph1,16,0.5,1.3,1,1000,7,3000,28000,41.610263,0.0474
n16_graph1,16,0.5,1.3,1,3000,7,3000,42000,41.601657,0.0729
n16_graph1,16,0.5,1.3,1,10000,7,3000,91000,41.603855,0.1662
n16_graph1,16,0.5,1.3,4,100,28,3000,86800,41.474096,0.1382
n16_graph1,16,0.5,1.3,4,300,28,3000,92400,41.641659,0.1496
n16_graph1,16,0.5,1.3,4,1000,28,3000,112000,41.569279,0.1880
n16_graph1,16,0.5,1.3,4,3000,28,3000,168000,41.600346,0.2939
n16_graph1,16,0.5,1.3,4,10000,28,3000,364000,41.619918,0.6715
n16_graph1,16,0.5,1.3,20,100,138,3000,427800,41.537474,0.5317
n16_graph1,16,0.5,1.3,20,300,138,3000,455400,41.562545,0.3404
n16_graph1,16,0.5,1.3,20,1000,138,3000,552000,41.599774,0.4219
n16_graph1,16,0.5,1.3,20,3000,138,3000,828000,41.596617,0.6578
n16_graph1,16,0.5,1.3,20,10000,138,3000,1794000,41.602057,2.7661
n16_graph1,16,0.5,1.8,1,100,5,3000,15500,57.532521,0.0250
n16_graph1,16,0.5,1.8,1,300,5,3000,16500,57.577498,0.0267
n16_graph1,16,0.5,1.8,1,1000,5,3000,20000,57.637126,0.0344
n16_graph1,16,0.5,1.8,1,3000,5,3000,30000,57.607616,0.0533
n16_graph1,16,0.5,1.8,1,10000,5,3000,65000,57.584226,0.1188
n16_graph1,16,0.5,1.8,4,100,19,3000,58900,57.615886,0.0942
n16_graph1,16,0.5,1.8,4,300,19,3000,62700,57.586548,0.1018
n16_graph1,16,0.5,1.8,4,1000,19,3000,76000,57.610001,0.1299
n16_graph1,16,0.5,1.8,4,3000,19,3000,114000,57.605541,0.2063
n16_graph1,16,0.5,1.8,4,10000,19,3000,247000,57.584917,0.4669
n16_graph1,16,0.5,1.8,20,100,91,3000,282100,57.602717,0.4530
n16_graph1,16,0.5,1.8,20,300,91,3000,300300,57.590911,0.4909
n16_graph1,16,0.5,1.8,20,1000,91,3000,364000,57.586479,0.6120
n16_graph1,16,0.5,1.8,20,3000,91,3000,546000,57.595860,0.9606
n16_graph1,16,0.5,1.8,20,10000,91,3000,1183000,57.601830,2.1705
n16_graph1,16,0.5,2.5,1,100,3,3000,9300,80.102983,0.0153
n16_graph1,16,0.5,2.5,1,300,3,3000,9900,80.004436,0.0159
n16_graph1,16,0.5,2.5,1,1000,3,3000,12000,79.996494,0.0217
n16_graph1,16,0.5,2.5,1,3000,3,3000,18000,80.001915,0.0320
n16_graph1,16,0.5,2.5,1,10000,3,3000,39000,79.987528,0.0716
n16_graph1,16,0.5,2.5,4,100,10,3000,31000,80.057925,0.0494
n16_graph1,16,0.5,2.5,4,300,10,3000,33000,80.022555,0.0546
n16_graph1,16,0.5,2.5,4,1000,10,3000,40000,80.010819,0.0679
n16_graph1,16,0.5,2.5,4,3000,10,3000,60000,79.992843,0.1063
n16_graph1,16,0.5,2.5,4,10000,10,3000,130000,79.993215,0.2399
n16_graph1,16,0.5,2.5,20,100,49,3000,151900,80.020594,0.2458
n16_graph1,16,0.5,2.5,20,300,49,3000,161700,80.008207,0.2639
n16_graph1,16,0.5,2.5,20,1000,49,3000,196000,79.997883,0.3303
n16_graph1,16,0.5,2.5,20,3000,49,3000,294000,79.997059,0.5187
n16_graph1,16,0.5,2.5,20,10000,49,3000,637000,80.000054,1.1780
n16_graph1,16,0.5,5.0,1,100,1,3000,3100,160.007365,0.0052
n16_graph1,16,0.5,5.0,1,300,1,3000,3300,160.002353,0.0052
n16_graph1,16,0.5,5.0,1,1000,1,3000,4000,159.999931,0.0065
n16_graph1,16,0.5,5.0,1,3000,1,3000,6000,159.999432,0.0111
n16_graph1,16,0.5,5.0,1,10000,1,3000,13000,159.999005,0.0240
n16_graph1,16,0.5,5.0,4,100,1,3000,3100,159.998847,0.0050
n16_graph1,16,0.5,5.0,4,300,1,3000,3300,160.005739,0.0054
n16_graph1,16,0.5,5.0,4,1000,1,3000,4000,159.995470,0.0065
n16_graph1,16,0.5,5.0,4,3000,1,3000,6000,160.000652,0.0109
n16_graph1,16,0.5,5.0,4,10000,1,3000,13000,160.000943,0.0237
n16_graph1,16,0.5,5.0,20,100,5,3000,15500,159.997224,0.0249
n16_graph1,16,0.5,5.0,20,300,5,3000,16500,159.998962,0.0259
n16_graph1,16,0.5,5.0,20,1000,5,3000,20000,159.999452,0.0343
n16_graph1,16,0.5,5.0,20,3000,5,3000,30000,159.998562,0.0534
n16_graph1,16,0.5,5.0,20,10000,5,3000,65000,160.000652,0.1207
n16_graph1,16,1.0,0.1,1,100,15,3000,46500,10.077583,0.0691
n16_graph1,16,1.0,0.1,1,300,15,3000,49500,11.738794,0.0750
n16_graph1,16,1.0,0.1,1,1000,15,3000,60000,11.109313,0.0918
n16_graph1,16,1.0,0.1,1,3000,15,3000,90000,11.375658,0.1550
n16_graph1,16,1.0,0.1,1,10000,15,3000,195000,11.325098,0.3318
n16_graph1,16,1.0,0.1,4,100,58,3000,179800,11.266736,0.2679
n16_graph1,16,1.0,0.1,4,300,58,3000,191400,11.503546,0.2248
n16_graph1,16,1.0,0.1,4,1000,58,3000,232000,11.296902,0.1668
n16_graph1,16,1.0,0.1,4,3000,58,3000,348000,11.307059,0.2565
n16_graph1,16,1.0,0.1,4,10000,58,3000,754000,11.393289,0.5865
n16_graph1,16,1.0,0.1,20,100,289,3000,895900,11.564715,0.6124
n16_graph1,16,1.0,0.1,20,300,289,3000,953700,11.303159,1.0676
n16_graph1,16,1.0,0.1,20,1000,289,3000,1156000,11.239878,1.8166
n16_graph1,16,1.0,0.1,20,3000,289,3000,1734000,11.321421,2.8183
n16_graph1,16,1.0,0.1,20,10000,289,3000,3757000,11.329028,6.4243
n16_graph1,16,1.0,0.2,1,100,13,3000,40300,12.938502,0.0603
n16_graph1,16,1.0,0.2,1,300,13,3000,42900,11.921499,0.0664
n16_graph1,16,1.0,0.2,1,1000,13,3000,52000,12.389322,0.0809
n16_graph1,16,1.0,0.2,1,3000,13,3000,78000,12.250268,0.1294
n16_graph1,16,1.0,0.2,1,10000,13,3000,169000,12.219116,0.2910
n16_graph1,16,1.0,0.2,4,100,52,3000,161200,12.423075,0.2452
n16_graph1,16,1.0,0.2,4,300,52,3000,171600,12.304715,0.2606
n16_graph1,16,1.0,0.2,4,1000,52,3000,208000,12.456431,0.1852
n16_graph1,16,1.0,0.2,4,3000,52,3000,312000,12.240178,0.2366
n16_graph1,16,1.0,0.2,4,10000,52,3000,676000,12.251403,0.5414
n16_graph1,16,1.0,0.2,20,100,257,3000,796700,12.225252,0.5516
n16_graph1,16,1.0,0.2,20,300,257,3000,848100,12.419222,0.6611
n16_graph1,16,1.0,0.2,20,1000,257,3000,1028000,12.197040,1.6194
n16_graph1,16,1.0,0.2,20,3000,257,3000,1542000,12.229602,2.5409
n16_graph1,16,1.0,0.2,20,10000,257,3000,3341000,12.152012,5.7471
n16_graph1,16,1.0,0.3,1,100,12,3000,37200,14.489160,0.0555
n16_graph1,16,1.0,0.3,1,300,12,3000,39600,13.318381,0.0599
n16_graph1,16,1.0,0.3,1,1000,12,3000,48000,14.230309,0.0773
n16_graph1,16,1.0,0.3,1,3000,12,3000,72000,14.145741,0.1209
n16_graph1,16,1.0,0.3,1,10000,12,3000,156000,14.113984,0.2745
n16_graph1,16,1.0,0.3,4,100,46,3000,142600,14.154329,0.2187
n16_graph1,16,1.0,0.3,4,300,46,3000,151800,13.778535,0.2360
n16_graph1,16,1.0,0.3,4,1000,46,3000,184000,14.098631,0.3000
n16_graph1,16,1.0,0.3,4,3000,46,3000,276000,14.073637,0.4587
n16_graph1,16,1.0,0.3,4,10000,46,3000,598000,14.015032,0.5777
n16_graph1,16,1.0,0.3,20,100,227,3000,703700,14.059550,0.4951
n16_graph1,16,1.0,0.3,20,300,227,3000,749100,13.945441,0.5254
n16_graph1,16,1.0,0.3,20,1000,227,3000,908000,14.077482,0.6575
n16_graph1,16,1.0,0.3,20,3000,227,3000,1362000,14.015221,1.0504
n16_graph1,16,1.0,0.3,20,10000,227,3000,2951000,14.078301,4.1681
n16_graph1,16,1.0,0.5,1,100,9,3000,27900,20.876100,0.0446
n16_graph1,16,1.0,0.5,1,300,9,3000,29700,20.618566,0.0467
n16_graph1,16,1.0,0.5,1,1000,9,3000,36000,20.127054,0.0572
n16_graph1,16,1.0,0.5,1,3000,9,3000,54000,20.331222,0.0931
n16_graph1,16,1.0,0.5,1,10000,9,3000,117000,20.354923,0.2078
n16_graph1,16,1.0,0.5,4,100,35,3000,108500,20.047917,0.1727
n16_graph1,16,1.0,0.5,4,300,35,3000,115500,20.318000,0.1834
n16_graph1,16,1.0,0.5,4,1000,35,3000,140000,20.268541,0.2306
n16_graph1,16,1.0,0.5,4,3000,35,3000,210000,20.358852,0.3566
n16_graph1,16,1.0,0.5,4,10000,35,3000,455000,20.345274,0.8261
n16_graph1,16,1.0,0.5,20,100,173,3000,536300,20.383487,0.8393
n16_graph1,16,1.0,0.5,20,300,173,3000,570900,20.324182,0.9063
n16_graph1,16,1.0,0.5,20,1000,173,3000,692000,20.378462,1.1300
n16_graph1,16,1.0,0.5,20,3000,173,3000,1038000,20.369370,1.7819
n16_graph1,16,1.0,0.5,20,10000,173,3000,2249000,20.368351,2.8381
n16_graph1,16,1.0,0.8,1,100,6,3000,18600,31.991811,0.0137
n16_graph1,16,1.0,0.8,1,300,6,3000,19800,32.002162,0.0146
n16_graph1,16,1.0,0.8,1,1000,6,3000,24000,31.971225,0.0180
n16_graph1,16,1.0,0.8,1,3000,6,3000,36000,32.031139,0.0286
n16_graph1,16,1.0,0.8,1,10000,6,3000,78000,32.037974,0.0647
n16_graph1,16,1.0,0.8,4,100,22,3000,68200,31.978664,0.0504
n16_graph1,16,1.0,0.8,4,300,22,3000,72600,31.955674,0.0536
n16_graph1,16,1.0,0.8,4,1000,22,3000,88000,32.011353,0.0667
n16_graph1,16,1.0,0.8,4,3000,22,3000,132000,32.037628,0.1049
n16_graph1,16,1.0,0.8,4,10000,22,3000,286000,32.021496,0.2446
n16_graph1,16,1.0,0.8,20,100,108,3000,334800,32.068203,0.2461
n16_graph1,16,1.0,0.8,20,300,108,3000,356400,32.005700,0.4848
n16_graph1,16,1.0,0.8,20,1000,108,3000,432000,32.027647,0.7203
n16_graph1,16,1.0,0.8,20,3000,108,3000,648000,32.029117,1.1238
n16_graph1,16,1.0,0.8,20,10000,108,3000,1404000,32.027109,2.5825
n16_graph1,16,1.0,1.0,1,100,4,3000,12400,39.894429,0.0200
n16_graph1,16,1.0,1.0,1,300,4,3000,13200,40.005188,0.0213
n16_graph1,16,1.0,1.0,1,1000,4,3000,16000,40.021638,0.0274
n16_graph1,16,1.0,1.0,1,3000,4,3000,24000,40.014953,0.0420
n16_graph1,16,1.0,1.0,1,10000,4,3000,52000,40.011127,0.0971
n16_graph1,16,1.0,1.0,4,100,16,3000,49600,39.923537,0.0804
n16_graph1,16,1.0,1.0,4,300,16,3000,52800,39.951735,0.0853
n16_graph1,16,1.0,1.0,4,1000,16,3000,64000,39.965688,0.1059
n16_graph1,16,1.0,1.0,4,3000,16,3000,96000,40.002270,0.1743
n16_graph1,16,1.0,1.0,4,10000,16,3000,208000,40.000971,0.3877
n16_graph1,16,1.0,1.0,20,100,77,3000,238700,39.955505,0.3805
n16_graph1,16,1.0,1.0,20,300,77,3000,254100,40.029835,0.4118
n16_graph1,16,1.0,1.0,20,1000,77,3000,308000,40.018670,0.5144
n16_graph1,16,1.0,1.0,20,3000,77,3000,462000,39.993273,0.8118
n16_graph1,16,1.0,1.0,20,10000,77,3000,1001000,40.002063,1.8387
n16_graph1,16,1.0,1.3,1,100,3,3000,9300,52.008127,0.0155
n16_graph1,16,1.0,1.3,1,300,3,3000,9900,52.043201,0.0171
n16_graph1,16,1.0,1.3,1,1000,3,3000,12000,52.003876,0.0197
n16_graph1,16,1.0,1.3,1,3000,3,3000,18000,51.988195,0.0308
n16_graph1,16,1.0,1.3,1,10000,3,3000,39000,51.998628,0.0723
n16_graph1,16,1.0,1.3,4,100,9,3000,27900,52.029149,0.0441
n16_graph1,16,1.0,1.3,4,300,9,3000,29700,51.980199,0.0490
n16_graph1,16,1.0,1.3,4,1000,9,3000,36000,51.985179,0.0614
n16_graph1,16,1.0,1.3,4,3000,9,3000,54000,52.005659,0.0951
n16_graph1,16,1.0,1.3,4,10000,9,3000,117000,51.995635,0.2150
n16_graph1,16,1.0,1.3,20,100,45,3000,139500,51.988586,0.2257
n16_graph1,16,1.0,1.3,20,300,45,3000,148500,52.009053,0.2422
n16_graph1,16,1.0,1.3,20,1000,45,3000,180000,51.995775,0.3013
n16_graph1,16,1.0,1.3,20,3000,45,3000,270000,51.999104,0.4733
n16_graph1,16,1.0,1.3,20,10000,45,3000,585000,52.003313,1.0811
n16_graph1,16,1.0,1.8,1,100,1,3000,3100,71.960739,0.0049
n16_graph1,16,1.0,1.8,1,300,1,3000,3300,71.995937,0.0056
n16_graph1,16,1.0,1.8,1,1000,1,3000,4000,72.005553,0.0069
n16_graph1,16,1.0,1.8,1,3000,1,3000,6000,71.987811,0.0104
n16_graph1,16,1.0,1.8,1,10000,1,3000,13000,71.991594,0.0241
n16_graph1,16,1.0,1.8,4,100,4,3000,12400,71.997783,0.0202
n16_graph1,16,1.0,1.8,4,300,4,3000,13200,72.009296,0.0225
n16_graph1,16,1.0,1.8,4,1000,4,3000,16000,71.996715,0.0267
n16_graph1,16,1.0,1.8,4,3000,4,3000,24000,72.000717,0.0425
n16_graph1,16,1.0,1.8,4,10000,4,3000,52000,71.998088,0.0853
n16_graph1,16,1.0,1.8,20,100,18,3000,55800,72.016362,0.0573
n16_graph1,16,1.0,1.8,20,300,18,3000,59400,71.990839,0.0517
n16_graph1,16,1.0,1.8,20,1000,18,3000,72000,71.994917,0.0762
n16_graph1,16,1.0,1.8,20,3000,18,3000,108000,72.002423,0.0943
n16_graph1,16,1.0,1.8,20,10000,18,3000,234000,71.998206,0.1994
n16_graph1,16,1.0,2.5,1,100,1,3000,3100,100.002790,0.0024
n16_graph1,16,1.0,2.5,1,300,1,3000,3300,99.987328,0.0025
n16_graph1,16,1.0,2.5,1,1000,1,3000,4000,100.001288,0.0031
n16_graph1,16,1.0,2.5,1,3000,1,3000,6000,99.999933,0.0047
n16_graph1,16,1.0,2.5,1,10000,1,3000,13000,99.999193,0.0114
n16_graph1,16,1.0,2.5,4,100,1,3000,3100,100.013094,0.0023
n16_graph1,16,1.0,2.5,4,300,1,3000,3300,99.996627,0.0025
n16_graph1,16,1.0,2.5,4,1000,1,3000,4000,99.997257,0.0032
n16_graph1,16,1.0,2.5,4,3000,1,3000,6000,99.997758,0.0048
n16_graph1,16,1.0,2.5,4,10000,1,3000,13000,100.000017,0.0112
n16_graph1,16,1.0,2.5,20,100,5,3000,15500,100.002756,0.0115
n16_graph1,16,1.0,2.5,20,300,5,3000,16500,99.999621,0.0123
n16_graph1,16,1.0,2.5,20,1000,5,3000,20000,99.999854,0.0151
n16_graph1,16,1.0,2.5,20,3000,5,3000,30000,100.000628,0.0235
n16_graph1,16,1.0,2.5,20,10000,5,3000,65000,99.999505,0.0562
n16_graph1,16,1.0,5.0,1,100,1,3000,3100,199.999978,0.0024
n16_graph1,16,1.0,5.0,1,300,1,3000,3300,199.999976,0.0024
n16_graph1,16,1.0,5.0,1,1000,1,3000,4000,200.000026,0.0030
n16_graph1,16,1.0,5.0,1,3000,1,3000,6000,200.000010,0.0052
n16_graph1,16,1.0,5.0,1,10000,1,3000,13000,200.000009,0.0108
n16_graph1,16,1.0,5.0,4,100,1,3000,3100,199.999971,0.0023
n16_graph1,16,1.0,5.0,4,300,1,3000,3300,199.999972,0.0025
n16_graph1,16,1.0,5.0,4,1000,1,3000,4000,200.000012,0.0033
n16_graph1,16,1.0,5.0,4,3000,1,3000,6000,200.000015,0.0048
n16_graph1,16,1.0,5.0,4,10000,1,3000,13000,199.999997,0.0109
n16_graph1,16,1.0,5.0,20,100,1,3000,3100,200.000091,0.0023
n16_graph1,16,1.0,5.0,20,300,1,3000,3300,199.999984,0.0025
n16_graph1,16,1.0,5.0,20,1000,1,3000,4000,199.999969,0.0031
n16_graph1,16,1.0,5.0,20,3000,1,3000,6000,199.999994,0.0048
n16_graph1,16,1.0,5.0,20,10000,1,3000,13000,199.999994,0.0111
n30_graph0,30,0.0,0.1,1,100,30,3000,93000,20.301752,0.0743
n30_graph0,30,0.0,0.1,1,300,30,3000,99000,20.920406,0.0818
n30_graph0,30,0.0,0.1,1,1000,30,3000,120000,20.418389,0.1015
n30_graph0,30,0.0,0.1,1,3000,30,3000,180000,20.883943,0.1538
n30_graph0,30,0.0,0.1,1,10000,30,3000,390000,21.100092,0.3397
n30_graph0,30,0.0,0.1,4,100,120,3000,372000,20.326541,0.2859
n30_graph0,30,0.0,0.1,4,300,120,3000,396000,21.154232,0.3124
n30_graph0,30,0.0,0.1,4,1000,120,3000,480000,21.087192,0.3878
n30_graph0,30,0.0,0.1,4,3000,120,3000,720000,21.049639,0.7751
n30_graph0,30,0.0,0.1,4,10000,120,3000,1560000,20.988324,1.7847
n30_graph0,30,0.0,0.1,20,100,600,3000,1860000,20.774267,1.5585
n30_graph0,30,0.0,0.1,20,300,600,3000,1980000,21.240350,1.6304
n30_graph0,30,0.0,0.1,20,1000,600,3000,2400000,20.951697,2.0750
n30_graph0,30,0.0,0.1,20,3000,600,3000,3600000,21.042557,3.2987
n30_graph0,30,0.0,0.1,20,10000,600,3000,7800000,21.005131,7.3775
n30_graph0,30,0.0,0.2,1,100,30,3000,93000,21.893242,0.0706
n30_graph0,30,0.0,0.2,1,300,30,3000,99000,21.734507,0.0767
n30_graph0,30,0.0,0.2,1,1000,30,3000,120000,21.805528,0.1109
n30_graph0,30,0.0,0.2,1,3000,30,3000,180000,21.677932,0.1707
n30_graph0,30,0.0,0.2,1,10000,30,3000,390000,21.719877,0.3387
n30_graph0,30,0.0,0.2,4,100,120,3000,372000,21.149365,0.2835
n30_graph0,30,0.0,0.2,4,300,120,3000,396000,21.814786,0.3005
n30_graph0,30,0.0,0.2,4,1000,120,3000,480000,21.488048,0.4416
n30_graph0,30,0.0,0.2,4,3000,120,3000,720000,21.474357,0.6050
n30_graph0,30,0.0,0.2,4,10000,120,3000,1560000,21.541918,1.3703
n30_graph0,30,0.0,0.2,20,100,600,3000,1860000,21.422109,1.4448
n30_graph0,30,0.0,0.2,20,300,600,3000,1980000,21.567174,1.5361
n30_graph0,30,0.0,0.2,20,1000,600,3000,2400000,21.637527,1.9377
n30_graph0,30,0.0,0.2,20,3000,600,3000,3600000,21.748802,3.0773
n30_graph0,30,0.0,0.2,20,10000,600,3000,7800000,21.717628,6.9425
n30_graph0,30,0.0,0.3,1,100,30,3000,93000,22.428556,0.0727
n30_graph0,30,0.0,0.3,1,300,30,3000,99000,23.411432,0.0750
n30_graph0,30,0.0,0.3,1,1000,30,3000,120000,23.580462,0.0953
n30_graph0,30,0.0,0.3,1,3000,30,3000,180000,22.927737,0.1543
n30_graph0,30,0.0,0.3,1,10000,30,3000,390000,22.893760,0.3484
n30_graph0,30,0.0,0.3,4,100,120,3000,372000,23.319220,0.2952
n30_graph0,30,0.0,0.3,4,300,120,3000,396000,23.163761,0.3089
n30_graph0,30,0.0,0.3,4,1000,120,3000,480000,23.010553,0.3972
n30_graph0,30,0.0,0.3,4,3000,120,3000,720000,22.494206,0.6235
n30_graph0,30,0.0,0.3,4,10000,120,3000,1560000,22.795254,1.4506
n30_graph0,30,0.0,0.3,20,100,600,3000,1860000,22.339051,1.4620
n30_graph0,30,0.0,0.3,20,300,600,3000,1980000,22.961719,1.5296
n30_graph0,30,0.0,0.3,20,1000,600,3000,2400000,22.859875,1.8987
n30_graph0,30,0.0,0.3,20,3000,600,3000,3600000,22.884229,2.9811
n30_graph0,30,0.0,0.3,20,10000,600,3000,7800000,22.923398,6.9690
n30_graph0,30,0.0,0.5,1,100,30,3000,93000,26.334592,0.0709
n30_graph0,30,0.0,0.5,1,300,30,3000,99000,25.456453,0.0781
n30_graph0,30,0.0,0.5,1,1000,30,3000,120000,26.927378,0.0965
n30_graph0,30,0.0,0.5,1,3000,30,3000,180000,26.486466,0.1564
n30_graph0,30,0.0,0.5,1,10000,30,3000,390000,26.767915,0.3406
n30_graph0,30,0.0,0.5,4,100,120,3000,372000,26.979285,0.2860
n30_graph0,30,0.0,0.5,4,300,120,3000,396000,27.322318,0.3026
n30_graph0,30,0.0,0.5,4,1000,120,3000,480000,26.646843,0.3764
n30_graph0,30,0.0,0.5,4,3000,120,3000,720000,26.930963,0.6086
n30_graph0,30,0.0,0.5,4,10000,120,3000,1560000,26.712180,1.3843
n30_graph0,30,0.0,0.5,20,100,600,3000,1860000,27.015110,1.4510
n30_graph0,30,0.0,0.5,20,300,600,3000,1980000,26.410207,1.5476
n30_graph0,30,0.0,0.5,20,1000,600,3000,2400000,26.992365,1.9429
n30_graph0,30,0.0,0.5,20,3000,600,3000,3600000,26.689844,3.1134
n30_graph0,30,0.0,0.5,20,10000,600,3000,7800000,26.747216,7.2885
n30_graph0,30,0.0,0.8,1,100,30,3000,93000,33.273897,0.0781
n30_graph0,30,0.0,0.8,1,300,30,3000,99000,36.131845,0.0843
n30_graph0,30,0.0,0.8,1,1000,30,3000,120000,nan,0.1051
n30_graph0,30,0.0,0.8,1,3000,30,3000,180000,37.267356,0.1667
n30_graph0,30,0.0,0.8,1,10000,30,3000,390000,36.459360,0.3780
n30_graph0,30,0.0,0.8,4,100,120,3000,372000,35.911304,0.3007
n30_graph0,30,0.0,0.8,4,300,120,3000,396000,38.275580,0.3252
n30_graph0,30,0.0,0.8,4,1000,120,3000,480000,35.089783,0.4056
n30_graph0,30,0.0,0.8,4,3000,120,3000,720000,35.837143,0.6382
n30_graph0,30,0.0,0.8,4,10000,120,3000,1560000,37.125838,1.4567
n30_graph0,30,0.0,0.8,20,100,600,3000,1860000,36.955621,1.5179
n30_graph0,30,0.0,0.8,20,300,600,3000,1980000,37.259531,1.5777
n30_graph0,30,0.0,0.8,20,1000,600,3000,2400000,37.168554,1.9828
n30_graph0,30,0.0,0.8,20,3000,600,3000,3600000,37.126267,3.2790
n30_graph0,30,0.0,0.8,20,10000,600,3000,7800000,37.147913,6.7992
n30_graph0,30,0.0,1.0,1,100,30,3000,93000,nan,0.0659
n30_graph0,30,0.0,1.0,1,300,30,3000,99000,44.932416,0.0705
n30_graph0,30,0.0,1.0,1,1000,30,3000,120000,47.569621,0.0900
n30_graph0,30,0.0,1.0,1,3000,30,3000,180000,45.989323,0.1443
n30_graph0,30,0.0,1.0,1,10000,30,3000,390000,45.998374,0.3297
n30_graph0,30,0.0,1.0,4,100,120,3000,372000,43.381559,0.2642
n30_graph0,30,0.0,1.0,4,300,120,3000,396000,45.510556,0.2908
n30_graph0,30,0.0,1.0,4,1000,120,3000,480000,46.295398,0.3818
n30_graph0,30,0.0,1.0,4,3000,120,3000,720000,45.754672,0.5621
n30_graph0,30,0.0,1.0,4,10000,120,3000,1560000,45.272291,1.3002
n30_graph0,30,0.0,1.0,20,100,600,3000,1860000,45.635192,1.3447
n30_graph0,30,0.0,1.0,20,300,600,3000,1980000,46.039762,1.4516
n30_graph0,30,0.0,1.0,20,1000,600,3000,2400000,45.740949,1.8099
n30_graph0,30,0.0,1.0,20,3000,600,3000,3600000,45.690291,2.8373
n30_graph0,30,0.0,1.0,20,10000,600,3000,7800000,45.612421,6.6009
n30_graph0,30,0.0,1.3,1,100,30,3000,93000,56.971687,0.0667
n30_graph0,30,0.0,1.3,1,300,30,3000,99000,59.939193,0.0746
n30_graph0,30,0.0,1.3,1,1000,30,3000,120000,60.682297,0.0959
n30_graph0,30,0.0,1.3,1,3000,30,3000,180000,59.216590,0.1456
n30_graph0,30,0.0,1.3,1,10000,30,3000,390000,59.542455,0.3544
n30_graph0,30,0.0,1.3,4,100,120,3000,372000,59.575269,0.2860
n30_graph0,30,0.0,1.3,4,300,120,3000,396000,57.741464,0.2924
n30_graph0,30,0.0,1.3,4,1000,120,3000,480000,58.596310,0.3702
n30_graph0,30,0.0,1.3,4,3000,120,3000,720000,58.998985,0.5730
n30_graph0,30,0.0,1.3,4,10000,120,3000,1560000,59.420667,1.3693
n30_graph0,30,0.0,1.3,20,100,600,3000,1860000,59.362508,1.3794
n30_graph0,30,0.0,1.3,20,300,600,3000,1980000,59.208402,1.5784
n30_graph0,30,0.0,1.3,20,1000,600,3000,2400000,58.948999,1.8998
n30_graph0,30,0.0,1.3,20,3000,600,3000,3600000,59.574074,2.9322
n30_graph0,30,0.0,1.3,20,10000,600,3000,7800000,59.411971,6.6771
n30_graph0,30,0.0,1.8,1,100,30,3000,93000,78.262612,0.0705
n30_graph0,30,0.0,1.8,1,300,30,3000,99000,83.308679,0.0756
n30_graph0,30,0.0,1.8,1,1000,30,3000,120000,nan,0.0963
n30_graph0,30,0.0,1.8,1,3000,30,3000,180000,82.527829,0.1493
n30_graph0,30,0.0,1.8,1,10000,30,3000,390000,81.727259,0.3369
n30_graph0,30,0.0,1.8,4,100,120,3000,372000,80.802679,0.2721
n30_graph0,30,0.0,1.8,4,300,120,3000,396000,82.277539,0.2901
n30_graph0,30,0.0,1.8,4,1000,120,3000,480000,81.857734,0.3648
n30_graph0,30,0.0,1.8,4,3000,120,3000,720000,81.168424,0.5772
n30_graph0,30,0.0,1.8,4,10000,120,3000,1560000,82.076113,1.3183
n30_graph0,30,0.0,1.8,20,100,600,3000,1860000,81.778392,1.3991
n30_graph0,30,0.0,1.8,20,300,600,3000,1980000,82.570355,1.5565
n30_graph0,30,0.0,1.8,20,1000,600,3000,2400000,81.076826,1.8738
n30_graph0,30,0.0,1.8,20,3000,600,3000,3600000,81.427714,2.8571
n30_graph0,30,0.0,1.8,20,10000,600,3000,7800000,81.655296,6.7316
n30_graph0,30,0.0,2.5,1,100,30,3000,93000,112.474730,0.0708
n30_graph0,30,0.0,2.5,1,300,30,3000,99000,nan,0.0744
n30_graph0,30,0.0,2.5,1,1000,30,3000,120000,113.547589,0.0947
n30_graph0,30,0.0,2.5,1,3000,30,3000,180000,113.625317,0.1510
n30_graph0,30,0.0,2.5,1,10000,30,3000,390000,113.386219,0.3386
n30_graph0,30,0.0,2.5,4,100,120,3000,372000,110.835322,0.2812
n30_graph0,30,0.0,2.5,4,300,120,3000,396000,112.456391,0.3043
n30_graph0,30,0.0,2.5,4,1000,120,3000,480000,113.192419,0.3780
n30_graph0,30,0.0,2.5,4,3000,120,3000,720000,113.663411,0.6240
n30_graph0,30,0.0,2.5,4,10000,120,3000,1560000,113.031768,1.3432
n30_graph0,30,0.0,2.5,20,100,600,3000,1860000,113.601531,1.4018
n30_graph0,30,0.0,2.5,20,300,600,3000,1980000,111.998262,1.6076
n30_graph0,30,0.0,2.5,20,1000,600,3000,2400000,113.431613,1.8834
n30_graph0,30,0.0,2.5,20,3000,600,3000,3600000,113.077473,2.9941
n30_graph0,30,0.0,2.5,20,10000,600,3000,7800000,113.448291,6.5414
n30_graph0,30,0.0,5.0,1,100,30,3000,93000,220.605696,0.0671
n30_graph0,30,0.0,5.0,1,300,30,3000,99000,225.310569,0.0707
n30_graph0,30,0.0,5.0,1,1000,30,3000,120000,226.616391,0.0882
n30_graph0,30,0.0,5.0,1,3000,30,3000,180000,225.617366,0.1399
n30_graph0,30,0.0,5.0,1,10000,30,3000,390000,225.776994,0.3173
n30_graph0,30,0.0,5.0,4,100,120,3000,372000,225.900284,0.2642
n30_graph0,30,0.0,5.0,4,300,120,3000,396000,225.368044,0.2906
n30_graph0,30,0.0,5.0,4,1000,120,3000,480000,225.469599,0.3594
n30_graph0,30,0.0,5.0,4,3000,120,3000,720000,225.363955,0.5671
n30_graph0,30,0.0,5.0,4,10000,120,3000,1560000,225.788101,1.2946
n30_graph0,30,0.0,5.0,20,100,600,3000,1860000,225.337645,1.3827
n30_graph0,30,0.0,5.0,20,300,600,3000,1980000,225.212668,1.4551
n30_graph0,30,0.0,5.0,20,1000,600,3000,2400000,225.968621,1.8242
n30_graph0,30,0.0,5.0,20,3000,600,3000,3600000,226.080771,2.8821
n30_graph0,30,0.0,5.0,20,10000,600,3000,7800000,225.885376,6.4997
n30_graph0,30,0.1,0.1,1,100,30,3000,93000,20.296700,0.0640
n30_graph0,30,0.1,0.1,1,300,30,3000,99000,20.151462,0.0698
n30_graph0,30,0.1,0.1,1,1000,30,3000,120000,21.145638,0.0890
n30_graph0,30,0.1,0.1,1,3000,30,3000,180000,21.019728,0.1377
n30_graph0,30,0.1,0.1,1,10000,30,3000,390000,21.018812,0.3089
n30_graph0,30,0.1,0.1,4,100,119,3000,368900,21.261945,0.2666
n30_graph0,30,0.1,0.1,4,300,119,3000,392700,20.847188,0.2728
n30_graph0,30,0.1,0.1,4,1000,119,3000,476000,20.918502,0.3432
n30_graph0,30,0.1,0.1,4,3000,119,3000,714000,21.021697,0.5373
n30_graph0,30,0.1,0.1,4,10000,119,3000,1547000,20.963203,1.2234
n30_graph0,30,0.1,0.1,20,100,595,3000,1844500,20.965335,1.2705
n30_graph0,30,0.1,0.1,20,300,595,3000,1963500,21.006199,1.4003
n30_graph0,30,0.1,0.1,20,1000,595,3000,2380000,21.057728,1.7384
n30_graph0,30,0.1,0.1,20,3000,595,3000,3570000,21.070731,2.8048
n30_graph0,30,0.1,0.1,20,10000,595,3000,7735000,21.032060,6.3116
n30_graph0,30,0.1,0.2,1,100,30,3000,93000,20.849653,0.0665
n30_graph0,30,0.1,0.2,1,300,30,3000,99000,22.199048,0.0721
n30_graph0,30,0.1,0.2,1,1000,30,3000,120000,21.894385,0.0890
n30_graph0,30,0.1,0.2,1,3000,30,3000,180000,21.552137,0.1400
n30_graph0,30,0.1,0.2,1,10000,30,3000,390000,21.501145,0.3642
n30_graph0,30,0.1,0.2,4,100,118,3000,365800,21.880702,0.2610
n30_graph0,30,0.1,0.2,4,300,118,3000,389400,21.275084,0.2796
n30_graph0,30,0.1,0.2,4,1000,118,3000,472000,21.513277,0.3517
n30_graph0,30,0.1,0.2,4,3000,118,3000,708000,21.811827,0.5697
n30_graph0,30,0.1,0.2,4,10000,118,3000,1534000,21.694486,1.2614
n30_graph0,30,0.1,0.2,20,100,589,3000,1825900,21.692851,1.3305
n30_graph0,30,0.1,0.2,20,300,589,3000,1943700,21.677620,1.4230
n30_graph0,30,0.1,0.2,20,1000,589,3000,2356000,21.704479,1.7774
n30_graph0,30,0.1,0.2,20,3000,589,3000,3534000,21.667539,2.8364
n30_graph0,30,0.1,0.2,20,10000,589,3000,7657000,21.650041,6.3730
n30_graph0,30,0.1,0.3,1,100,30,3000,93000,22.630173,0.0675
n30_graph0,30,0.1,0.3,1,300,30,3000,99000,22.893356,0.0731
n30_graph0,30,0.1,0.3,1,1000,30,3000,120000,23.029206,0.0908
n30_graph0,30,0.1,0.3,1,3000,30,3000,180000,23.365461,0.1411
n30_graph0,30,0.1,0.3,1,10000,30,3000,390000,22.673062,0.3438
n30_graph0,30,0.1,0.3,4,100,117,3000,362700,22.796321,0.2651
n30_graph0,30,0.1,0.3,4,300,117,3000,386100,21.795892,0.2818
n30_graph0,30,0.1,0.3,4,1000,117,3000,468000,22.802585,0.3555
n30_graph0,30,0.1,0.3,4,3000,117,3000,702000,22.692576,0.6589
n30_graph0,30,0.1,0.3,4,10000,117,3000,1521000,22.980524,1.2661
n30_graph0,30,0.1,0.3,20,100,583,3000,1807300,23.184770,1.2909
n30_graph0,30,0.1,0.3,20,300,583,3000,1923900,22.930209,1.3997
n30_graph0,30,0.1,0.3,20,1000,583,3000,2332000,22.878605,1.7484
n30_graph0,30,0.1,0.3,20,3000,583,3000,3498000,22.918914,2.7312
n30_graph0,30,0.1,0.3,20,10000,583,3000,7579000,22.998270,7.3548
n30_graph0,30,0.1,0.5,1,100,29,3000,89900,26.906071,0.0642
n30_graph0,30,0.1,0.5,1,300,29,3000,95700,26.395735,0.0718
n30_graph0,30,0.1,0.5,1,1000,29,3000,116000,26.400899,0.0908
n30_graph0,30,0.1,0.5,1,3000,29,3000,174000,26.654080,0.1905
n30_graph0,30,0.1,0.5,1,10000,29,3000,377000,27.166513,0.3243
n30_graph0,30,0.1,0.5,4,100,115,3000,356500,26.001183,0.2726
n30_graph0,30,0.1,0.5,4,300,115,3000,379500,26.752719,0.3341
n30_graph0,30,0.1,0.5,4,1000,115,3000,460000,26.557167,0.3605
n30_graph0,30,0.1,0.5,4,3000,115,3000,690000,26.955728,0.5562
n30_graph0,30,0.1,0.5,4,10000,115,3000,1495000,27.165053,1.4117
n30_graph0,30,0.1,0.5,20,100,571,3000,1770100,26.898770,1.2842
n30_graph0,30,0.1,0.5,20,300,571,3000,1884300,26.899270,1.4173
n30_graph0,30,0.1,0.5,20,1000,571,3000,2284000,26.935593,1.8970
n30_graph0,30,0.1,0.5,20,3000,571,3000,3426000,27.270892,2.7036
n30_graph0,30,0.1,0.5,20,10000,571,3000,7423000,26.974099,6.3141
n30_graph0,30,0.1,0.8,1,100,28,3000,86800,37.827155,0.0656
n30_graph0,30,0.1,0.8,1,300,28,3000,92400,37.094300,0.0684
n30_graph0,30,0.1,0.8,1,1000,28,3000,112000,37.743093,0.0855
n30_graph0,30,0.1,0.8,1,3000,28,3000,168000,38.218205,0.1335
n30_graph0,30,0.1,0.8,1,10000,28,3000,364000,38.769320,0.3061
n30_graph0,30,0.1,0.8,4,100,111,3000,344100,38.591943,0.2616
n30_graph0,30,0.1,0.8,4,300,111,3000,366300,38.598983,0.2876
n30_graph0,30,0.1,0.8,4,1000,111,3000,444000,38.897679,0.3607
n30_graph0,30,0.1,0.8,4,3000,111,3000,666000,38.842958,0.5527
n30_graph0,30,0.1,0.8,4,10000,111,3000,1443000,38.675869,1.3369
n30_graph0,30,0.1,0.8,20,100,553,3000,1714300,38.677184,1.2963
n30_graph0,30,0.1,0.8,20,300,553,3000,1824900,38.787706,1.4375
n30_graph0,30,0.1,0.8,20,1000,553,3000,2212000,38.730947,1.7721
n30_graph0,30,0.1,0.8,20,3000,553,3000,3318000,38.689013,2.7967
n30_graph0,30,0.1,0.8,20,10000,553,3000,7189000,38.740033,6.5265
n30_graph0,30,0.1,1.0,1,100,28,3000,86800,48.822380,0.0632
n30_graph0,30,0.1,1.0,1,300,28,3000,92400,48.070018,0.0684
n30_graph0,30,0.1,1.0,1,1000,28,3000,112000,48.819154,0.0865
n30_graph0,30,0.1,1.0,1,3000,28,3000,168000,47.856933,0.1340
n30_graph0,30,0.1,1.0,1,10000,28,3000,364000,48.056159,0.3098
n30_graph0,30,0.1,1.0,4,100,109,3000,337900,48.782080,0.2734
n30_graph0,30,0.1,1.0,4,300,109,3000,359700,47.999311,0.2936
n30_graph0,30,0.1,1.0,4,1000,109,3000,436000,48.007971,0.3377
n30_graph0,30,0.1,1.0,4,3000,109,3000,654000,48.001033,0.5306
n30_graph0,30,0.1,1.0,4,10000,109,3000,1417000,48.057544,1.2452
n30_graph0,30,0.1,1.0,20,100,541,3000,1677100,47.733856,1.3423
n30_graph0,30,0.1,1.0,20,300,541,3000,1785300,48.105096,1.4565
n30_graph0,30,0.1,1.0,20,1000,541,3000,2164000,48.155655,1.7923
n30_graph0,30,0.1,1.0,20,3000,541,3000,3246000,48.101723,2.7538
n30_graph0,30,0.1,1.0,20,10000,541,3000,7033000,48.106668,6.3903
n30_graph0,30,0.1,1.3,1,100,27,3000,83700,63.001424,0.0630
n30_graph0,30,0.1,1.3,1,300,27,3000,89100,62.394872,0.0675
n30_graph0,30,0.1,1.3,1,1000,27,3000,108000,62.134814,0.0855
n30_graph0,30,0.1,1.3,1,3000,27,3000,162000,62.461176,0.1340
n30_graph0,30,0.1,1.3,1,10000,27,3000,351000,62.458957,0.3055
n30_graph0,30,0.1,1.3,4,100,105,3000,325500,62.367512,0.2519
n30_graph0,30,0.1,1.3,4,300,105,3000,346500,62.974064,0.2648
n30_graph0,30,0.1,1.3,4,1000,105,3000,420000,62.417672,0.3362
n30_graph0,30,0.1,1.3,4,3000,105,3000,630000,62.331016,0.5306
n30_graph0,30,0.1,1.3,4,10000,105,3000,1365000,62.463735,1.1822
n30_graph0,30,0.1,1.3,20,100,523,3000,1621300,62.320142,1.2166
n30_graph0,30,0.1,1.3,20,300,523,3000,1725900,62.445643,1.4395
n30_graph0,30,0.1,1.3,20,1000,523,3000,2092000,62.404738,1.7883
n30_graph0,30,0.1,1.3,20,3000,523,3000,3138000,62.395598,2.6260
n30_graph0,30,0.1,1.3,20,10000,523,3000,6799000,62.440679,8.8557
n30_graph0,30,0.1,1.8,1,100,25,3000,77500,86.937370,0.0926
n30_graph0,30,0.1,1.8,1,300,25,3000,82500,86.720904,0.0981
n30_graph0,30,0.1,1.8,1,1000,25,3000,100000,85.819422,0.1190
n30_graph0,30,0.1,1.8,1,3000,25,3000,150000,86.217844,0.1931
n30_graph0,30,0.1,1.8,1,10000,25,3000,325000,86.306462,0.4355
n30_graph0,30,0.1,1.8,4,100,99,3000,306900,85.971302,0.3574
n30_graph0,30,0.1,1.8,4,300,99,3000,326700,86.602090,0.3899
n30_graph0,30,0.1,1.8,4,1000,99,3000,396000,86.442341,0.4847
n30_graph0,30,0.1,1.8,4,3000,99,3000,594000,86.322608,0.7681
n30_graph0,30,0.1,1.8,4,10000,99,3000,1287000,86.380283,1.7347
n30_graph0,30,0.1,1.8,20,100,494,3000,1531400,86.357311,1.7914
n30_graph0,30,0.1,1.8,20,300,494,3000,1630200,86.362228,1.9185
n30_graph0,30,0.1,1.8,20,1000,494,3000,1976000,86.403373,2.4043
n30_graph0,30,0.1,1.8,20,3000,494,3000,2964000,86.393832,3.8026
n30_graph0,30,0.1,1.8,20,10000,494,3000,6422000,86.443145,8.6731
n30_graph0,30,0.1,2.5,1,100,23,3000,71300,119.575225,0.0833
n30_graph0,30,0.1,2.5,1,300,23,3000,75900,119.899235,0.0905
n30_graph0,30,0.1,2.5,1,1000,23,3000,92000,119.758895,0.1131
n30_graph0,30,0.1,2.5,1,3000,23,3000,138000,119.929776,0.1794
n30_graph0,30,0.1,2.5,1,10000,23,3000,299000,119.923624,0.4159
n30_graph0,30,0.1,2.5,4,100,91,3000,282100,120.029688,0.3482
n30_graph0,30,0.1,2.5,4,300,91,3000,300300,119.963749,0.3755
n30_graph0,30,0.1,2.5,4,1000,91,3000,364000,120.229009,0.4601
n30_graph0,30,0.1,2.5,4,3000,91,3000,546000,119.994595,0.7619
n30_graph0,30,0.1,2.5,4,10000,91,3000,1183000,119.986613,1.6201
n30_graph0,30,0.1,2.5,20,100,454,3000,1407400,119.869797,1.6694
n30_graph0,30,0.1,2.5,20,300,454,3000,1498200,119.996750,1.8335
n30_graph0,30,0.1,2.5,20,1000,454,3000,1816000,119.994943,2.3141
n30_graph0,30,0.1,2.5,20,3000,454,3000,2724000,120.000749,3.4818
n30_graph0,30,0.1,2.5,20,10000,454,3000,5902000,120.004038,8.0465
n30_graph0,30,0.1,5.0,1,100,17,3000,52700,240.307434,0.0611
n30_graph0,30,0.1,5.0,1,300,17,3000,56100,239.747740,0.0687
n30_graph0,30,0.1,5.0,1,1000,17,3000,68000,240.099075,0.0834
n30_graph0,30,0.1,5.0,1,3000,17,3000,102000,240.076757,0.1335
n30_graph0,30,0.1,5.0,1,10000,17,3000,221000,240.034572,0.3035
n30_graph0,30,0.1,5.0,4,100,65,3000,201500,240.057561,0.2449
n30_graph0,30,0.1,5.0,4,300,65,3000,214500,239.951362,0.2567
n30_graph0,30,0.1,5.0,4,1000,65,3000,260000,239.938756,0.3168
n30_graph0,30,0.1,5.0,4,3000,65,3000,390000,240.018264,0.4974
n30_graph0,30,0.1,5.0,4,10000,65,3000,845000,240.012886,1.1519
n30_graph0,30,0.1,5.0,20,100,323,3000,1001300,239.869939,1.2013
n30_graph0,30,0.1,5.0,20,300,323,3000,1065900,239.927749,1.2691
n30_graph0,30,0.1,5.0,20,1000,323,3000,1292000,239.999493,1.6127
n30_graph0,30,0.1,5.0,20,3000,323,3000,1938000,240.003974,2.5394
n30_graph0,30,0.1,5.0,20,10000,323,3000,4199000,239.999795,5.7918
n30_graph0,30,0.2,0.1,1,100,30,3000,93000,20.495877,0.1065
n30_graph0,30,0.2,0.1,1,300,30,3000,99000,20.110904,0.1128
n30_graph0,30,0.2,0.1,1,1000,30,3000,120000,20.823626,0.1385
n30_graph0,30,0.2,0.1,1,3000,30,3000,180000,21.254706,0.2200
n30_graph0,30,0.2,0.1,1,10000,30,3000,390000,21.095696,0.5049
n30_graph0,30,0.2,0.1,4,100,118,3000,365800,20.740884,0.4097
n30_graph0,30,0.2,0.1,4,300,118,3000,389400,21.516120,0.4381
n30_graph0,30,0.2,0.1,4,1000,118,3000,472000,21.079861,0.5538
n30_graph0,30,0.2,0.1,4,3000,118,3000,708000,21.045212,0.8640
n30_graph0,30,0.2,0.1,4,10000,118,3000,1534000,21.037002,1.9575
n30_graph0,30,0.2,0.1,20,100,589,3000,1825900,21.182414,2.0006
n30_graph0,30,0.2,0.1,20,300,589,3000,1943700,21.157454,2.1675
n30_graph0,30,0.2,0.1,20,1000,589,3000,2356000,20.935393,2.7055
n30_graph0,30,0.2,0.1,20,3000,589,3000,3534000,21.038110,4.2570
n30_graph0,30,0.2,0.1,20,10000,589,3000,7657000,21.022578,9.6508
n30_graph0,30,0.2,0.2,1,100,29,3000,89900,21.484176,0.1001
n30_graph0,30,0.2,0.2,1,300,29,3000,95700,19.914912,0.1084
n30_graph0,30,0.2,0.2,1,1000,29,3000,116000,21.714439,0.1337
n30_graph0,30,0.2,0.2,1,3000,29,3000,174000,21.770250,0.2108
n30_graph0,30,0.2,0.2,1,10000,29,3000,377000,21.623913,0.4878
n30_graph0,30,0.2,0.2,4,100,116,3000,359600,21.322210,0.4012
n30_graph0,30,0.2,0.2,4,300,116,3000,382800,22.187336,0.4308
n30_graph0,30,0.2,0.2,4,1000,116,3000,464000,21.831661,0.5331
n30_graph0,30,0.2,0.2,4,3000,116,3000,696000,21.899023,0.8397
n30_graph0,30,0.2,0.2,4,10000,116,3000,1508000,21.696696,1.9355
n30_graph0,30,0.2,0.2,20,100,577,3000,1788700,21.627421,1.9848
n30_graph0,30,0.2,0.2,20,300,577,3000,1904100,21.923568,2.1187
n30_graph0,30,0.2,0.2,20,1000,577,3000,2308000,21.821138,2.6400
n30_graph0,30,0.2,0.2,20,3000,577,3000,3462000,21.862431,4.1000
n30_graph0,30,0.2,0.2,20,10000,577,3000,7501000,21.803640,9.3510
n30_graph0,30,0.2,0.3,1,100,29,3000,89900,23.720131,0.0976
n30_graph0,30,0.2,0.3,1,300,29,3000,95700,22.753362,0.1061
n30_graph0,30,0.2,0.3,1,1000,29,3000,116000,23.177684,0.1317
n30_graph0,30,0.2,0.3,1,3000,29,3000,174000,23.049221,0.2120
n30_graph0,30,0.2,0.3,1,10000,29,3000,377000,22.883215,0.4773
n30_graph0,30,0.2,0.3,4,100,113,3000,350300,24.095189,0.3840
n30_graph0,30,0.2,0.3,4,300,113,3000,372900,23.395700,0.4102
n30_graph0,30,0.2,0.3,4,1000,113,3000,452000,23.021256,0.5168
n30_graph0,30,0.2,0.3,4,3000,113,3000,678000,22.992921,0.8169
n30_graph0,30,0.2,0.3,4,10000,113,3000,1469000,23.013441,1.8465
n30_graph0,30,0.2,0.3,20,100,565,3000,1751500,22.849996,1.9134
n30_graph0,30,0.2,0.3,20,300,565,3000,1864500,22.747021,2.0551
n30_graph0,30,0.2,0.3,20,1000,565,3000,2260000,23.068593,2.5703
n30_graph0,30,0.2,0.3,20,3000,565,3000,3390000,22.964967,4.0457
n30_graph0,30,0.2,0.3,20,10000,565,3000,7345000,23.006835,9.3785
n30_graph0,30,0.2,0.5,1,100,28,3000,86800,27.443020,0.0972
n30_graph0,30,0.2,0.5,1,300,28,3000,92400,27.409126,0.1048
n30_graph0,30,0.2,0.5,1,1000,28,3000,112000,27.444218,0.1302
n30_graph0,30,0.2,0.5,1,3000,28,3000,168000,27.738398,0.2053
n30_graph0,30,0.2,0.5,1,10000,28,3000,364000,27.485575,0.4727
n30_graph0,30,0.2,0.5,4,100,109,3000,337900,27.697860,0.3772
n30_graph0,30,0.2,0.5,4,300,109,3000,359700,27.410815,0.4110
n30_graph0,30,0.2,0.5,4,1000,109,3000,436000,28.144503,0.5172
n30_graph0,30,0.2,0.5,4,3000,109,3000,654000,27.964254,0.8661
n30_graph0,30,0.2,0.5,4,10000,109,3000,1417000,27.659238,1.8636
n30_graph0,30,0.2,0.5,20,100,541,3000,1677100,27.967133,1.9253
n30_graph0,30,0.2,0.5,20,300,541,3000,1785300,27.716559,2.0857
n30_graph0,30,0.2,0.5,20,1000,541,3000,2164000,27.743072,2.7446
n30_graph0,30,0.2,0.5,20,3000,541,3000,3246000,27.756945,3.9633
n30_graph0,30,0.2,0.5,20,10000,541,3000,7033000,27.811976,9.0454
n30_graph0,30,0.2,0.8,1,100,26,3000,80600,40.750861,0.0914
n30_graph0,30,0.2,0.8,1,300,26,3000,85800,41.839093,0.0986
n30_graph0,30,0.2,0.8,1,1000,26,3000,104000,41.765568,0.1242
n30_graph0,30,0.2,0.8,1,3000,26,3000,156000,41.286587,0.2003
n30_graph0,30,0.2,0.8,1,10000,26,3000,338000,41.091676,0.4390
n30_graph0,30,0.2,0.8,4,100,101,3000,313100,40.785464,0.3544
n30_graph0,30,0.2,0.8,4,300,101,3000,333300,41.518879,0.3807
n30_graph0,30,0.2,0.8,4,1000,101,3000,404000,40.984627,0.4845
n30_graph0,30,0.2,0.8,4,3000,101,3000,606000,41.142736,0.7617
n30_graph0,30,0.2,0.8,4,10000,101,3000,1313000,40.989757,250.9673
n30_graph0,30,0.2,0.8,20,100,505,3000,1565500,41.036833,1.8219
n30_graph0,30,0.2,0.8,20,300,505,3000,1666500,41.083854,1.9659
n30_graph0,30,0.2,0.8,20,1000,505,3000,2020000,41.098758,2.3963
n30_graph0,30,0.2,0.8,20,3000,505,3000,3030000,41.031898,1133.3519
n30_graph0,30,0.2,0.8,20,10000,505,3000,6565000,41.056206,20.1915
n30_graph0,30,0.2,1.0,1,100,25,3000,77500,50.462862,0.3628
n30_graph0,30,0.2,1.0,1,300,25,3000,82500,50.530781,0.4202
n30_graph0,30,0.2,1.0,1,1000,25,3000,100000,50.814561,0.5668
n30_graph0,30,0.2,1.0,1,3000,25,3000,150000,51.123245,0.7337
n30_graph0,30,0.2,1.0,1,10000,25,3000,325000,51.118101,1.7110
n30_graph0,30,0.2,1.0,4,100,97,3000,300700,51.048148,1.3558
n30_graph0,30,0.2,1.0,4,300,97,3000,320100,51.094651,1.4786
n30_graph0,30,0.2,1.0,4,1000,97,3000,388000,51.011989,1.6131
n30_graph0,30,0.2,1.0,4,3000,97,3000,582000,51.083305,1270.1398
n30_graph0,30,0.2,1.0,4,10000,97,3000,1261000,51.053118,3.7540
n30_graph0,30,0.2,1.0,20,100,482,3000,1494200,51.043127,3.0528
n30_graph0,30,0.2,1.0,20,300,482,3000,1590600,51.025276,1.8525
n30_graph0,30,0.2,1.0,20,1000,482,3000,1928000,51.109501,2.3507
n30_graph0,30,0.2,1.0,20,3000,482,3000,2892000,51.034479,3.6681
n30_graph0,30,0.2,1.0,20,10000,482,3000,6266000,51.062220,6.0450
n30_graph0,30,0.2,1.3,1,100,23,3000,71300,66.121603,0.0533
n30_graph0,30,0.2,1.3,1,300,23,3000,75900,65.807769,0.0601
n30_graph0,30,0.2,1.3,1,1000,23,3000,92000,66.305111,0.0771
n30_graph0,30,0.2,1.3,1,3000,23,3000,138000,66.437502,0.1162
n30_graph0,30,0.2,1.3,1,10000,23,3000,299000,66.227792,0.2690
n30_graph0,30,0.2,1.3,4,100,90,3000,279000,66.093176,0.2616
n30_graph0,30,0.2,1.3,4,300,90,3000,297000,66.123415,0.2270
n30_graph0,30,0.2,1.3,4,1000,90,3000,360000,66.349511,0.2767
n30_graph0,30,0.2,1.3,4,3000,90,3000,540000,66.161440,0.5224
n30_graph0,30,0.2,1.3,4,10000,90,3000,1170000,66.336595,1.0639
n30_graph0,30,0.2,1.3,20,100,448,3000,1388800,66.320500,1.0826
n30_graph0,30,0.2,1.3,20,300,448,3000,1478400,66.261939,1.3439
n30_graph0,30,0.2,1.3,20,1000,448,3000,1792000,66.282041,2.2691
n30_graph0,30,0.2,1.3,20,3000,448,3000,2688000,66.264830,2.7155
n30_graph0,30,0.2,1.3,20,10000,448,3000,5824000,66.298692,5.5763
n30_graph0,30,0.2,1.8,1,100,20,3000,62000,91.280201,0.0483
n30_graph0,30,0.2,1.8,1,300,20,3000,66000,92.340411,0.0549
n30_graph0,30,0.2,1.8,1,1000,20,3000,80000,91.672405,0.0707
n30_graph0,30,0.2,1.8,1,3000,20,3000,120000,91.735726,0.1004
n30_graph0,30,0.2,1.8,1,10000,20,3000,260000,91.806827,0.2287
n30_graph0,30,0.2,1.8,4,100,79,3000,244900,91.774218,0.1844
n30_graph0,30,0.2,1.8,4,300,79,3000,260700,91.835766,0.1980
n30_graph0,30,0.2,1.8,4,1000,79,3000,316000,91.809052,0.2498
n30_graph0,30,0.2,1.8,4,3000,79,3000,474000,91.799096,0.3913
n30_graph0,30,0.2,1.8,4,10000,79,3000,1027000,91.777065,0.9163
n30_graph0,30,0.2,1.8,20,100,393,3000,1218300,91.747237,0.9834
n30_graph0,30,0.2,1.8,20,300,393,3000,1296900,91.705492,1.0600
n30_graph0,30,0.2,1.8,20,1000,393,3000,1572000,91.814309,1.5511
n30_graph0,30,0.2,1.8,20,3000,393,3000,2358000,91.799361,2.6767
n30_graph0,30,0.2,1.8,20,10000,393,3000,5109000,91.796814,5.0956
n30_graph0,30,0.2,2.5,1,100,17,3000,52700,127.662916,0.0448
n30_graph0,30,0.2,2.5,1,300,17,3000,56100,127.574681,0.0484
n30_graph0,30,0.2,2.5,1,1000,17,3000,68000,127.520019,0.0599
n30_graph0,30,0.2,2.5,1,3000,17,3000,102000,127.576343,0.1048
n30_graph0,30,0.2,2.5,1,10000,17,3000,221000,127.553860,0.1971
n30_graph0,30,0.2,2.5,4,100,65,3000,201500,127.595897,0.1759
n30_graph0,30,0.2,2.5,4,300,65,3000,214500,127.735621,0.1877
n30_graph0,30,0.2,2.5,4,1000,65,3000,260000,127.411507,0.2343
n30_graph0,30,0.2,2.5,4,3000,65,3000,390000,127.467556,0.3759
n30_graph0,30,0.2,2.5,4,10000,65,3000,845000,127.462491,0.7835
n30_graph0,30,0.2,2.5,20,100,323,3000,1001300,127.442097,0.8120
n30_graph0,30,0.2,2.5,20,300,323,3000,1065900,127.443780,0.8101
n30_graph0,30,0.2,2.5,20,1000,323,3000,1292000,127.495632,1.0072
n30_graph0,30,0.2,2.5,20,3000,323,3000,1938000,127.489121,1.5766
n30_graph0,30,0.2,2.5,20,10000,323,3000,4199000,127.505208,3.6583
n30_graph0,30,0.2,5.0,1,100,8,3000,24800,255.079476,0.0201
n30_graph0,30,0.2,5.0,1,300,8,3000,26400,255.019405,0.0208
n30_graph0,30,0.2,5.0,1,1000,8,3000,32000,255.097700,0.0262
n30_graph0,30,0.2,5.0,1,3000,8,3000,48000,254.975324,0.0411
n30_graph0,30,0.2,5.0,1,10000,8,3000,104000,254.995868,0.0921
n30_graph0,30,0.2,5.0,4,100,29,3000,89900,254.898845,0.0680
n30_graph0,30,0.2,5.0,4,300,29,3000,95700,255.072291,0.1139
n30_graph0,30,0.2,5.0,4,1000,29,3000,116000,254.986968,0.1288
n30_graph0,30,0.2,5.0,4,3000,29,3000,174000,254.996096,0.1753
n30_graph0,30,0.2,5.0,4,10000,29,3000,377000,255.002374,0.3377
n30_graph0,30,0.2,5.0,20,100,144,3000,446400,254.985409,0.3475
n30_graph0,30,0.2,5.0,20,300,144,3000,475200,255.007723,0.3737
n30_graph0,30,0.2,5.0,20,1000,144,3000,576000,254.987129,0.4638
n30_graph0,30,0.2,5.0,20,3000,144,3000,864000,254.998134,0.7694
n30_graph0,30,0.2,5.0,20,10000,144,3000,1872000,255.000192,1.7723
n30_graph0,30,0.5,0.1,1,100,29,3000,89900,21.939760,0.0745
n30_graph0,30,0.5,0.1,1,300,29,3000,95700,20.632318,0.0856
n30_graph0,30,0.5,0.1,1,1000,29,3000,116000,21.032640,0.1255
n30_graph0,30,0.5,0.1,1,3000,29,3000,174000,21.114034,0.1811
n30_graph0,30,0.5,0.1,1,10000,29,3000,377000,21.031728,0.3188
n30_graph0,30,0.5,0.1,4,100,115,3000,356500,21.617425,0.2523
n30_graph0,30,0.5,0.1,4,300,115,3000,379500,21.079052,0.2897
n30_graph0,30,0.5,0.1,4,1000,115,3000,460000,20.842575,0.3446
n30_graph0,30,0.5,0.1,4,3000,115,3000,690000,21.134649,0.5472
n30_graph0,30,0.5,0.1,4,10000,115,3000,1495000,21.103383,1.1962
n30_graph0,30,0.5,0.1,20,100,571,3000,1770100,21.127915,1.2504
n30_graph0,30,0.5,0.1,20,300,571,3000,1884300,20.879594,1.3791
n30_graph0,30,0.5,0.1,20,1000,571,3000,2284000,21.125978,1.6541
n30_graph0,30,0.5,0.1,20,3000,571,3000,3426000,21.095889,2.7440
n30_graph0,30,0.5,0.1,20,10000,571,3000,7423000,21.068352,6.2987
n30_graph0,30,0.5,0.2,1,100,28,3000,86800,21.611866,0.0606
n30_graph0,30,0.5,0.2,1,300,28,3000,92400,21.375581,0.0650
n30_graph0,30,0.5,0.2,1,1000,28,3000,112000,22.033572,0.0837
n30_graph0,30,0.5,0.2,1,3000,28,3000,168000,22.001976,0.1395
n30_graph0,30,0.5,0.2,1,10000,28,3000,364000,21.885347,0.3018
n30_graph0,30,0.5,0.2,4,100,109,3000,337900,22.489317,0.2444
n30_graph0,30,0.5,0.2,4,300,109,3000,359700,21.782739,0.2553
n30_graph0,30,0.5,0.2,4,1000,109,3000,436000,22.122291,0.3253
n30_graph0,30,0.5,0.2,4,3000,109,3000,654000,21.953539,0.5177
n30_graph0,30,0.5,0.2,4,10000,109,3000,1417000,22.047096,1.1274
n30_graph0,30,0.5,0.2,20,100,541,3000,1677100,21.937391,1.1924
n30_graph0,30,0.5,0.2,20,300,541,3000,1785300,22.219419,1.4178
n30_graph0,30,0.5,0.2,20,1000,541,3000,2164000,22.078438,1.7038
n30_graph0,30,0.5,0.2,20,3000,541,3000,3246000,21.973168,2.6079
n30_graph0,30,0.5,0.2,20,10000,541,3000,7033000,22.048599,5.7646
n30_graph0,30,0.5,0.3,1,100,26,3000,80600,22.910346,0.0588
n30_graph0,30,0.5,0.3,1,300,26,3000,85800,23.664629,0.0601
n30_graph0,30,0.5,0.3,1,1000,26,3000,104000,23.725770,0.0768
n30_graph0,30,0.5,0.3,1,3000,26,3000,156000,23.882439,0.1194
n30_graph0,30,0.5,0.3,1,10000,26,3000,338000,23.697150,0.2786
n30_graph0,30,0.5,0.3,4,100,103,3000,319300,23.516616,0.2275
n30_graph0,30,0.5,0.3,4,300,103,3000,339900,23.821278,0.2450
n30_graph0,30,0.5,0.3,4,1000,103,3000,412000,23.789916,0.3022
n30_graph0,30,0.5,0.3,4,3000,103,3000,618000,23.591310,0.5082
n30_graph0,30,0.5,0.3,4,10000,103,3000,1339000,23.849973,1.1368
n30_graph0,30,0.5,0.3,20,100,511,3000,1584100,23.933435,1.3298
n30_graph0,30,0.5,0.3,20,300,511,3000,1686300,23.808416,1.3022
n30_graph0,30,0.5,0.3,20,1000,511,3000,2044000,23.932142,1.7047
n30_graph0,30,0.5,0.3,20,3000,511,3000,3066000,23.837990,2.5295
n30_graph0,30,0.5,0.3,20,10000,511,3000,6643000,23.836538,5.7086
n30_graph0,30,0.5,0.5,1,100,23,3000,71300,30.805123,0.0690
n30_graph0,30,0.5,0.5,1,300,23,3000,75900,31.489301,0.0697
n30_graph0,30,0.5,0.5,1,1000,23,3000,92000,31.277537,0.0715
n30_graph0,30,0.5,0.5,1,3000,23,3000,138000,31.317694,0.1154
n30_graph0,30,0.5,0.5,1,10000,23,3000,299000,31.315275,0.3100
n30_graph0,30,0.5,0.5,4,100,91,3000,282100,31.347847,0.2170
n30_graph0,30,0.5,0.5,4,300,91,3000,300300,31.320117,0.2897
n30_graph0,30,0.5,0.5,4,1000,91,3000,364000,31.588566,0.3294
n30_graph0,30,0.5,0.5,4,3000,91,3000,546000,31.396584,0.4942
n30_graph0,30,0.5,0.5,4,10000,91,3000,1183000,31.336554,1.0405
n30_graph0,30,0.5,0.5,20,100,454,3000,1407400,31.261406,1.4137
n30_graph0,30,0.5,0.5,20,300,454,3000,1498200,31.189281,1.4166
n30_graph0,30,0.5,0.5,20,1000,454,3000,1816000,31.474176,1.7078
n30_graph0,30,0.5,0.5,20,3000,454,3000,2724000,31.351688,2.4040
n30_graph0,30,0.5,0.5,20,10000,454,3000,5902000,31.311249,5.2940
n30_graph0,30,0.5,0.8,1,100,19,3000,58900,47.169190,0.0430
n30_graph0,30,0.5,0.8,1,300,19,3000,62700,48.134241,0.0461
n30_graph0,30,0.5,0.8,1,1000,19,3000,76000,48.013424,0.0578
n30_graph0,30,0.5,0.8,1,3000,19,3000,114000,48.148619,0.0916
n30_graph0,30,0.5,0.8,1,10000,19,3000,247000,48.098958,0.2086
n30_graph0,30,0.5,0.8,4,100,75,3000,232500,48.030752,0.1700
n30_graph0,30,0.5,0.8,4,300,75,3000,247500,48.353135,0.1825
n30_graph0,30,0.5,0.8,4,1000,75,3000,300000,48.232252,0.2299
n30_graph0,30,0.5,0.8,4,3000,75,3000,450000,48.212763,0.3650
n30_graph0,30,0.5,0.8,4,10000,75,3000,975000,48.138034,0.8218
n30_graph0,30,0.5,0.8,20,100,373,3000,1156300,48.170974,0.8473
n30_graph0,30,0.5,0.8,20,300,373,3000,1230900,48.053594,0.9136
n30_graph0,30,0.5,0.8,20,1000,373,3000,1492000,48.178204,1.1441
n30_graph0,30,0.5,0.8,20,3000,373,3000,2238000,48.116769,1.8718
n30_graph0,30,0.5,0.8,20,10000,373,3000,4849000,48.140538,4.1184
n30_graph0,30,0.5,1.0,1,100,17,3000,52700,59.719994,0.0389
n30_graph0,30,0.5,1.0,1,300,17,3000,56100,59.519136,0.0415
n30_graph0,30,0.5,1.0,1,1000,17,3000,68000,60.102706,0.0526
n30_graph0,30,0.5,1.0,1,3000,17,3000,102000,60.102991,0.0823
n30_graph0,30,0.5,1.0,1,10000,17,3000,221000,60.078015,0.1889
n30_graph0,30,0.5,1.0,4,100,65,3000,201500,59.829682,0.1470
n30_graph0,30,0.5,1.0,4,300,65,3000,214500,60.237123,0.1596
n30_graph0,30,0.5,1.0,4,1000,65,3000,260000,60.132422,0.1996
n30_graph0,30,0.5,1.0,4,3000,65,3000,390000,60.013279,0.3152
n30_graph0,30,0.5,1.0,4,10000,65,3000,845000,60.031458,0.7307
n30_graph0,30,0.5,1.0,20,100,323,3000,1001300,60.169941,0.7501
n30_graph0,30,0.5,1.0,20,300,323,3000,1065900,60.070857,0.7951
n30_graph0,30,0.5,1.0,20,1000,323,3000,1292000,60.049473,0.9900
n30_graph0,30,0.5,1.0,20,3000,323,3000,1938000,60.031547,1.5929
n30_graph0,30,0.5,1.0,20,10000,323,3000,4199000,60.019027,3.7573
n30_graph0,30,0.5,1.3,1,100,13,3000,40300,78.072506,0.0297
n30_graph0,30,0.5,1.3,1,300,13,3000,42900,78.059994,0.0332
n30_graph0,30,0.5,1.3,1,1000,13,3000,52000,78.054656,0.0400
n30_graph0,30,0.5,1.3,1,3000,13,3000,78000,77.956836,0.0630
n30_graph0,30,0.5,1.3,1,10000,13,3000,169000,77.922326,0.1478
n30_graph0,30,0.5,1.3,4,100,52,3000,161200,77.891686,0.1205
n30_graph0,30,0.5,1.3,4,300,52,3000,171600,77.966750,0.1313
n30_graph0,30,0.5,1.3,4,1000,52,3000,208000,78.024491,0.1619
n30_graph0,30,0.5,1.3,4,3000,52,3000,312000,78.007550,0.2530
n30_graph0,30,0.5,1.3,4,10000,52,3000,676000,78.015714,0.5838
n30_graph0,30,0.5,1.3,20,100,257,3000,796700,77.966758,0.6009
n30_graph0,30,0.5,1.3,20,300,257,3000,848100,78.012958,0.6580
n30_graph0,30,0.5,1.3,20,1000,257,3000,1028000,78.014716,0.8320
n30_graph0,30,0.5,1.3,20,3000,257,3000,1542000,78.006306,1.2920
n30_graph0,30,0.5,1.3,20,10000,257,3000,3341000,78.001963,3.0066
n30_graph0,30,0.5,1.8,1,100,9,3000,27900,108.090093,0.0203
n30_graph0,30,0.5,1.8,1,300,9,3000,29700,108.214681,0.0219
n30_graph0,30,0.5,1.8,1,1000,9,3000,36000,107.963635,0.0274
n30_graph0,30,0.5,1.8,1,3000,9,3000,54000,108.005085,0.0439
n30_graph0,30,0.5,1.8,1,10000,9,3000,117000,107.992312,0.1018
n30_graph0,30,0.5,1.8,4,100,35,3000,108500,108.079076,0.0818
n30_graph0,30,0.5,1.8,4,300,35,3000,115500,108.056276,0.0902
n30_graph0,30,0.5,1.8,4,1000,35,3000,140000,107.990669,0.1152
n30_graph0,30,0.5,1.8,4,3000,35,3000,210000,107.984495,0.1818
n30_graph0,30,0.5,1.8,4,10000,35,3000,455000,107.995904,0.4157
n30_graph0,30,0.5,1.8,20,100,171,3000,530100,107.998111,0.3956
n30_graph0,30,0.5,1.8,20,300,171,3000,564300,107.954991,0.4388
n30_graph0,30,0.5,1.8,20,1000,171,3000,684000,107.996901,0.5573
n30_graph0,30,0.5,1.8,20,3000,171,3000,1026000,108.002032,0.8977
n30_graph0,30,0.5,1.8,20,10000,171,3000,2223000,107.997831,2.0435
n30_graph0,30,0.5,2.5,1,100,5,3000,15500,150.002508,0.0126
n30_graph0,30,0.5,2.5,1,300,5,3000,16500,149.839346,0.0125
n30_graph0,30,0.5,2.5,1,1000,5,3000,20000,150.013780,0.0159
n30_graph0,30,0.5,2.5,1,3000,5,3000,30000,150.009141,0.0250
n30_graph0,30,0.5,2.5,1,10000,5,3000,65000,150.010590,0.0622
n30_graph0,30,0.5,2.5,4,100,19,3000,58900,149.981577,0.0452
n30_graph0,30,0.5,2.5,4,300,19,3000,62700,149.945445,0.0506
n30_graph0,30,0.5,2.5,4,1000,19,3000,76000,150.015803,0.0624
n30_graph0,30,0.5,2.5,4,3000,19,3000,114000,150.003516,0.0944
n30_graph0,30,0.5,2.5,4,10000,19,3000,247000,149.996734,0.2361
n30_graph0,30,0.5,2.5,20,100,92,3000,285200,150.015970,0.2176
n30_graph0,30,0.5,2.5,20,300,92,3000,303600,149.992726,0.2628
n30_graph0,30,0.5,2.5,20,1000,92,3000,368000,149.999159,0.3467
n30_graph0,30,0.5,2.5,20,3000,92,3000,552000,150.005212,0.5455
n30_graph0,30,0.5,2.5,20,10000,92,3000,1196000,149.999874,1.3101
n30_graph0,30,0.5,5.0,1,100,1,3000,3100,299.981933,0.0025
n30_graph0,30,0.5,5.0,1,300,1,3000,3300,300.011820,0.0025
n30_graph0,30,0.5,5.0,1,1000,1,3000,4000,300.004169,0.0033
n30_graph0,30,0.5,5.0,1,3000,1,3000,6000,300.012121,0.0053
n30_graph0,30,0.5,5.0,1,10000,1,3000,13000,299.994457,0.0116
n30_graph0,30,0.5,5.0,4,100,2,3000,6200,299.991360,0.0047
n30_graph0,30,0.5,5.0,4,300,2,3000,6600,299.995252,0.0053
n30_graph0,30,0.5,5.0,4,1000,2,3000,8000,299.994648,0.0068
n30_graph0,30,0.5,5.0,4,3000,2,3000,12000,299.998626,0.0105
n30_graph0,30,0.5,5.0,4,10000,2,3000,26000,299.997127,0.0246
n30_graph0,30,0.5,5.0,20,100,9,3000,27900,299.994626,0.0251
n30_graph0,30,0.5,5.0,20,300,9,3000,29700,300.007534,0.0250
n30_graph0,30,0.5,5.0,20,1000,9,3000,36000,299.999237,0.0302
n30_graph0,30,0.5,5.0,20,3000,9,3000,54000,300.000487,0.0490
n30_graph0,30,0.5,5.0,20,10000,9,3000,117000,300.001595,0.1158
n30_graph0,30,1.0,0.1,1,100,28,3000,86800,20.836363,0.0676
n30_graph0,30,1.0,0.1,1,300,28,3000,92400,21.603073,0.0865
n30_graph0,30,1.0,0.1,1,1000,28,3000,112000,21.420457,0.1213
n30_graph0,30,1.0,0.1,1,3000,28,3000,168000,21.139058,0.1628
n30_graph0,30,1.0,0.1,1,10000,28,3000,364000,21.373827,0.3049
n30_graph0,30,1.0,0.1,4,100,109,3000,337900,20.781954,0.2936
n30_graph0,30,1.0,0.1,4,300,109,3000,359700,21.104595,0.2925
n30_graph0,30,1.0,0.1,4,1000,109,3000,436000,21.132379,0.3670
n30_graph0,30,1.0,0.1,4,3000,109,3000,654000,21.215845,0.5805
n30_graph0,30,1.0,0.1,4,10000,109,3000,1417000,21.251007,1.3367
n30_graph0,30,1.0,0.1,20,100,541,3000,1677100,21.379223,1.2062
n30_graph0,30,1.0,0.1,20,300,541,3000,1785300,21.154078,1.2898
n30_graph0,30,1.0,0.1,20,1000,541,3000,2164000,21.269515,1.6186
n30_graph0,30,1.0,0.1,20,3000,541,3000,3246000,21.228797,2.7813
n30_graph0,30,1.0,0.1,20,10000,541,3000,7033000,21.216002,5.7904
n30_graph0,30,1.0,0.2,1,100,25,3000,77500,22.194227,0.0575
n30_graph0,30,1.0,0.2,1,300,25,3000,82500,22.865958,0.0626
n30_graph0,30,1.0,0.2,1,1000,25,3000,100000,22.996330,0.0797
n30_graph0,30,1.0,0.2,1,3000,25,3000,150000,23.249100,0.1495
n30_graph0,30,1.0,0.2,1,10000,25,3000,325000,22.912952,0.2819
n30_graph0,30,1.0,0.2,4,100,97,3000,300700,22.941662,0.2605
n30_graph0,30,1.0,0.2,4,300,97,3000,320100,22.927980,0.3005
n30_graph0,30,1.0,0.2,4,1000,97,3000,388000,23.051358,0.2897
n30_graph0,30,1.0,0.2,4,3000,97,3000,582000,22.960251,0.4595
n30_graph0,30,1.0,0.2,4,10000,97,3000,1261000,22.833744,1.0510
n30_graph0,30,1.0,0.2,20,100,482,3000,1494200,23.037712,1.3358
n30_graph0,30,1.0,0.2,20,300,482,3000,1590600,22.896965,1.3035
n30_graph0,30,1.0,0.2,20,1000,482,3000,1928000,22.854506,1.7288
n30_graph0,30,1.0,0.2,20,3000,482,3000,2892000,22.840390,2.5235
n30_graph0,30,1.0,0.2,20,10000,482,3000,6266000,22.884699,5.4862
n30_graph0,30,1.0,0.3,1,100,22,3000,68200,25.842973,0.0527
n30_graph0,30,1.0,0.3,1,300,22,3000,72600,27.151204,0.0593
n30_graph0,30,1.0,0.3,1,1000,22,3000,88000,26.052818,0.0766
n30_graph0,30,1.0,0.3,1,3000,22,3000,132000,26.174926,0.1124
n30_graph0,30,1.0,0.3,1,10000,22,3000,286000,26.277701,0.2335
n30_graph0,30,1.0,0.3,4,100,86,3000,266600,26.270622,0.1878
n30_graph0,30,1.0,0.3,4,300,86,3000,283800,25.997621,0.2045
n30_graph0,30,1.0,0.3,4,1000,86,3000,344000,26.420313,0.3054
n30_graph0,30,1.0,0.3,4,3000,86,3000,516000,26.235194,0.4228
n30_graph0,30,1.0,0.3,4,10000,86,3000,1118000,26.233362,0.9718
n30_graph0,30,1.0,0.3,20,100,426,3000,1320600,26.280352,0.9631
n30_graph0,30,1.0,0.3,20,300,426,3000,1405800,26.248911,1.1514
n30_graph0,30,1.0,0.3,20,1000,426,3000,1704000,26.267309,1.3152
n30_graph0,30,1.0,0.3,20,3000,426,3000,2556000,26.251069,2.1011
n30_graph0,30,1.0,0.3,20,10000,426,3000,5538000,26.294696,4.6538
n30_graph0,30,1.0,0.5,1,100,17,3000,52700,37.698792,0.0383
n30_graph0,30,1.0,0.5,1,300,17,3000,56100,38.556765,0.0415
n30_graph0,30,1.0,0.5,1,1000,17,3000,68000,37.974842,0.0515
n30_graph0,30,1.0,0.5,1,3000,17,3000,102000,38.055804,0.0813
n30_graph0,30,1.0,0.5,1,10000,17,3000,221000,38.142089,0.1854
n30_graph0,30,1.0,0.5,4,100,65,3000,201500,38.373403,0.1469
n30_graph0,30,1.0,0.5,4,300,65,3000,214500,38.200301,0.1586
n30_graph0,30,1.0,0.5,4,1000,65,3000,260000,38.099820,0.1985
n30_graph0,30,1.0,0.5,4,3000,65,3000,390000,38.091872,0.3202
n30_graph0,30,1.0,0.5,4,10000,65,3000,845000,38.175595,0.7084
n30_graph0,30,1.0,0.5,20,100,323,3000,1001300,38.139096,0.7205
n30_graph0,30,1.0,0.5,20,300,323,3000,1065900,38.076025,0.7937
n30_graph0,30,1.0,0.5,20,1000,323,3000,1292000,38.138949,1.0036
n30_graph0,30,1.0,0.5,20,3000,323,3000,1938000,38.173807,1.6288
n30_graph0,30,1.0,0.5,20,10000,323,3000,4199000,38.164457,3.6077
n30_graph0,30,1.0,0.8,1,100,11,3000,34100,60.256418,0.0267
n30_graph0,30,1.0,0.8,1,300,11,3000,36300,60.108741,0.0282
n30_graph0,30,1.0,0.8,1,1000,11,3000,44000,60.057534,0.0347
n30_graph0,30,1.0,0.8,1,3000,11,3000,66000,60.044783,0.0558
n30_graph0,30,1.0,0.8,1,10000,11,3000,143000,60.068666,0.1237
n30_graph0,30,1.0,0.8,4,100,41,3000,127100,60.258117,0.0948
n30_graph0,30,1.0,0.8,4,300,41,3000,135300,60.112116,0.1013
n30_graph0,30,1.0,0.8,4,1000,41,3000,164000,59.983676,0.1273
n30_graph0,30,1.0,0.8,4,3000,41,3000,246000,60.087669,0.1999
n30_graph0,30,1.0,0.8,4,10000,41,3000,533000,60.052275,0.4556
n30_graph0,30,1.0,0.8,20,100,202,3000,626200,60.048389,0.4722
n30_graph0,30,1.0,0.8,20,300,202,3000,666600,60.026588,0.5117
n30_graph0,30,1.0,0.8,20,1000,202,3000,808000,60.074102,0.6416
n30_graph0,30,1.0,0.8,20,3000,202,3000,1212000,60.063686,0.9811
n30_graph0,30,1.0,0.8,20,10000,202,3000,2626000,60.045405,2.2999
n30_graph0,30,1.0,1.0,1,100,8,3000,24800,74.890161,0.0188
n30_graph0,30,1.0,1.0,1,300,8,3000,26400,75.014487,0.0206
n30_graph0,30,1.0,1.0,1,1000,8,3000,32000,75.043413,0.0253
n30_graph0,30,1.0,1.0,1,3000,8,3000,48000,75.059935,0.0401
n30_graph0,30,1.0,1.0,1,10000,8,3000,104000,75.020512,0.0900
n30_graph0,30,1.0,1.0,4,100,29,3000,89900,74.886993,0.0678
n30_graph0,30,1.0,1.0,4,300,29,3000,95700,75.033362,0.0728
n30_graph0,30,1.0,1.0,4,1000,29,3000,116000,74.995261,0.0913
n30_graph0,30,1.0,1.0,4,3000,29,3000,174000,75.004177,0.1509
n30_graph0,30,1.0,1.0,4,10000,29,3000,377000,75.004256,0.3269
n30_graph0,30,1.0,1.0,20,100,144,3000,446400,74.973973,0.3605
n30_graph0,30,1.0,1.0,20,300,144,3000,475200,75.001385,0.3631
n30_graph0,30,1.0,1.0,20,1000,144,3000,576000,74.997761,0.4630
n30_graph0,30,1.0,1.0,20,3000,144,3000,864000,75.000440,0.7276
n30_graph0,30,1.0,1.0,20,10000,144,3000,1872000,75.012298,1.6194
n30_graph0,30,1.0,1.3,1,100,5,3000,15500,97.644303,0.0126
n30_graph0,30,1.0,1.3,1,300,5,3000,16500,97.433706,0.0140
n30_graph0,30,1.0,1.3,1,1000,5,3000,20000,97.443716,0.0168
n30_graph0,30,1.0,1.3,1,3000,5,3000,30000,97.498893,0.0256
n30_graph0,30,1.0,1.3,1,10000,5,3000,65000,97.504484,0.0641
n30_graph0,30,1.0,1.3,4,100,17,3000,52700,97.516720,0.0562
n30_graph0,30,1.0,1.3,4,300,17,3000,56100,97.489474,0.0616
n30_graph0,30,1.0,1.3,4,1000,17,3000,68000,97.507709,0.0822
n30_graph0,30,1.0,1.3,4,3000,17,3000,102000,97.514785,0.0900
n30_graph0,30,1.0,1.3,4,10000,17,3000,221000,97.494337,0.1917
n30_graph0,30,1.0,1.3,20,100,83,3000,257300,97.505742,0.1991
n30_graph0,30,1.0,1.3,20,300,83,3000,273900,97.479560,0.2263
n30_graph0,30,1.0,1.3,20,1000,83,3000,332000,97.490580,0.2710
n30_graph0,30,1.0,1.3,20,3000,83,3000,498000,97.499548,0.4071
n30_graph0,30,1.0,1.3,20,10000,83,3000,1079000,97.502198,0.9445
n30_graph0,30,1.0,1.8,1,100,2,3000,6200,134.962345,0.0049
n30_graph0,30,1.0,1.8,1,300,2,3000,6600,135.031501,0.0052
n30_graph0,30,1.0,1.8,1,1000,2,3000,8000,135.002008,0.0066
n30_graph0,30,1.0,1.8,1,3000,2,3000,12000,135.009787,0.0101
n30_graph0,30,1.0,1.8,1,10000,2,3000,26000,134.992740,0.0233
n30_graph0,30,1.0,1.8,4,100,7,3000,21700,135.046634,0.0170
n30_graph0,30,1.0,1.8,4,300,7,3000,23100,134.972980,0.0183
n30_graph0,30,1.0,1.8,4,1000,7,3000,28000,134.998582,0.0220
n30_graph0,30,1.0,1.8,4,3000,7,3000,42000,134.992994,0.0344
n30_graph0,30,1.0,1.8,4,10000,7,3000,91000,134.992612,0.0783
n30_graph0,30,1.0,1.8,20,100,32,3000,99200,135.020370,0.0730
n30_graph0,30,1.0,1.8,20,300,32,3000,105600,134.995198,0.0825
n30_graph0,30,1.0,1.8,20,1000,32,3000,128000,134.999746,0.1070
n30_graph0,30,1.0,1.8,20,3000,32,3000,192000,135.002953,0.1656
n30_graph0,30,1.0,1.8,20,10000,32,3000,416000,135.000360,0.3633
n30_graph0,30,1.0,2.5,1,100,1,3000,3100,187.480575,0.0024
n30_graph0,30,1.0,2.5,1,300,1,3000,3300,187.475755,0.0025
n30_graph0,30,1.0,2.5,1,1000,1,3000,4000,187.501661,0.0031
n30_graph0,30,1.0,2.5,1,3000,1,3000,6000,187.498144,0.0049
n30_graph0,30,1.0,2.5,1,10000,1,3000,13000,187.502201,0.0110
n30_graph0,30,1.0,2.5,4,100,2,3000,6200,187.497945,0.0046
n30_graph0,30,1.0,2.5,4,300,2,3000,6600,187.503647,0.0050
n30_graph0,30,1.0,2.5,4,1000,2,3000,8000,187.507655,0.0063
n30_graph0,30,1.0,2.5,4,3000,2,3000,12000,187.501709,0.0098
n30_graph0,30,1.0,2.5,4,10000,2,3000,26000,187.497565,0.0220
n30_graph0,30,1.0,2.5,20,100,9,3000,27900,187.504107,0.0207
n30_graph0,30,1.0,2.5,20,300,9,3000,29700,187.508244,0.0227
n30_graph0,30,1.0,2.5,20,1000,9,3000,36000,187.500473,0.0280
n30_graph0,30,1.0,2.5,20,3000,9,3000,54000,187.501472,0.0440
n30_graph0,30,1.0,2.5,20,10000,9,3000,117000,187.500382,0.1048
n30_graph0,30,1.0,5.0,1,100,1,3000,3100,375.000053,0.0025
n30_graph0,30,1.0,5.0,1,300,1,3000,3300,375.000151,0.0027
n30_graph0,30,1.0,5.0,1,1000,1,3000,4000,375.000036,0.0035
n30_graph0,30,1.0,5.0,1,3000,1,3000,6000,375.000017,0.0048
n30_graph0,30,1.0,5.0,1,10000,1,3000,13000,375.000025,0.0107
n30_graph0,30,1.0,5.0,4,100,1,3000,3100,374.999984,0.0024
n30_graph0,30,1.0,5.0,4,300,1,3000,3300,374.999988,0.0028
n30_graph0,30,1.0,5.0,4,1000,1,3000,4000,375.000081,0.0034
n30_graph0,30,1.0,5.0,4,3000,1,3000,6000,375.000050,0.0054
n30_graph0,30,1.0,5.0,4,10000,1,3000,13000,375.000002,0.0122
n30_graph0,30,1.0,5.0,20,100,1,3000,3100,375.000229,0.0025
n30_graph0,30,1.0,5.0,20,300,1,3000,3300,374.999877,0.0028
n30_graph0,30,1.0,5.0,20,1000,1,3000,4000,374.999966,0.0035
n30_graph0,30,1.0,5.0,20,3000,1,3000,6000,375.000008,0.0055
n30_graph0,30,1.0,5.0,20,10000,1,3000,13000,374.999997,0.0127
n16_graph2,16,0.0,0.1,1,100,16,3000,49600,11.453606,0.0543
n16_graph2,16,0.0,0.1,1,300,16,3000,52800,11.505367,0.0577
n16_graph2,16,0.0,0.1,1,1000,16,3000,64000,11.325868,0.0724
n16_graph2,16,0.0,0.1,1,3000,16,3000,96000,11.260101,0.1142
n16_graph2,16,0.0,0.1,1,10000,16,3000,208000,11.319453,0.2612
n16_graph2,16,0.0,0.1,4,100,64,3000,198400,10.989494,0.2200
n16_graph2,16,0.0,0.1,4,300,64,3000,211200,11.295788,0.2346
n16_graph2,16,0.0,0.1,4,1000,64,3000,256000,11.263859,0.2927
n16_graph2,16,0.0,0.1,4,3000,64,3000,384000,11.111744,0.4566
n16_graph2,16,0.0,0.1,4,10000,64,3000,832000,11.235912,1.0538
n16_graph2,16,0.0,0.1,20,100,320,3000,992000,11.304181,1.1163
n16_graph2,16,0.0,0.1,20,300,320,3000,1056000,11.083226,1.2228
n16_graph2,16,0.0,0.1,20,1000,320,3000,1280000,11.194165,1.5108
n16_graph2,16,0.0,0.1,20,3000,320,3000,1920000,11.238695,2.3000
n16_graph2,16,0.0,0.1,20,10000,320,3000,4160000,11.213267,5.1260
n16_graph2,16,0.0,0.2,1,100,16,3000,49600,12.242852,0.0546
n16_graph2,16,0.0,0.2,1,300,16,3000,52800,10.621311,0.0573
n16_graph2,16,0.0,0.2,1,1000,16,3000,64000,11.701235,0.0736
n16_graph2,16,0.0,0.2,1,3000,16,3000,96000,11.764328,0.1127
n16_graph2,16,0.0,0.2,1,10000,16,3000,208000,11.564549,0.2606
n16_graph2,16,0.0,0.2,4,100,64,3000,198400,11.203564,0.2143
n16_graph2,16,0.0,0.2,4,300,64,3000,211200,11.866232,0.2317
n16_graph2,16,0.0,0.2,4,1000,64,3000,256000,11.632226,0.2873
n16_graph2,16,0.0,0.2,4,3000,64,3000,384000,11.674732,0.4557
n16_graph2,16,0.0,0.2,4,10000,64,3000,832000,11.524829,1.0666
n16_graph2,16,0.0,0.2,20,100,320,3000,992000,11.566628,1.1336
n16_graph2,16,0.0,0.2,20,300,320,3000,1056000,11.619078,1.2092
n16_graph2,16,0.0,0.2,20,1000,320,3000,1280000,11.724088,1.4983
n16_graph2,16,0.0,0.2,20,3000,320,3000,1920000,11.622132,2.4072
n16_graph2,16,0.0,0.2,20,10000,320,3000,4160000,11.581907,5.3086
n16_graph2,16,0.0,0.3,1,100,16,3000,49600,12.105690,0.0538
n16_graph2,16,0.0,0.3,1,300,16,3000,52800,11.901916,0.0578
n16_graph2,16,0.0,0.3,1,1000,16,3000,64000,12.181361,0.0747
n16_graph2,16,0.0,0.3,1,3000,16,3000,96000,12.640556,0.1315
n16_graph2,16,0.0,0.3,1,10000,16,3000,208000,12.227525,0.2705
n16_graph2,16,0.0,0.3,4,100,64,3000,198400,12.508459,0.2195
n16_graph2,16,0.0,0.3,4,300,64,3000,211200,11.722490,0.2363
n16_graph2,16,0.0,0.3,4,1000,64,3000,256000,11.998184,0.3010
n16_graph2,16,0.0,0.3,4,3000,64,3000,384000,11.967860,0.4700
n16_graph2,16,0.0,0.3,4,10000,64,3000,832000,12.166286,1.0621
n16_graph2,16,0.0,0.3,20,100,320,3000,992000,12.243167,1.1085
n16_graph2,16,0.0,0.3,20,300,320,3000,1056000,12.385408,1.1883
n16_graph2,16,0.0,0.3,20,1000,320,3000,1280000,12.092587,1.4861
n16_graph2,16,0.0,0.3,20,3000,320,3000,1920000,12.257725,2.2584
n16_graph2,16,0.0,0.3,20,10000,320,3000,4160000,12.291619,5.1934
n16_graph2,16,0.0,0.5,1,100,16,3000,49600,15.316803,0.0540
n16_graph2,16,0.0,0.5,1,300,16,3000,52800,15.100355,0.0584
n16_graph2,16,0.0,0.5,1,1000,16,3000,64000,13.777951,0.0727
n16_graph2,16,0.0,0.5,1,3000,16,3000,96000,14.379801,0.1151
n16_graph2,16,0.0,0.5,1,10000,16,3000,208000,14.557534,0.2612
n16_graph2,16,0.0,0.5,4,100,64,3000,198400,13.990560,0.2171
n16_graph2,16,0.0,0.5,4,300,64,3000,211200,14.966517,0.2342
n16_graph2,16,0.0,0.5,4,1000,64,3000,256000,14.576949,0.2937
n16_graph2,16,0.0,0.5,4,3000,64,3000,384000,14.714469,0.4630
n16_graph2,16,0.0,0.5,4,10000,64,3000,832000,14.422533,1.0471
n16_graph2,16,0.0,0.5,20,100,320,3000,992000,14.455937,1.0890
n16_graph2,16,0.0,0.5,20,300,320,3000,1056000,14.734894,1.1688
n16_graph2,16,0.0,0.5,20,1000,320,3000,1280000,14.200360,1.4873
n16_graph2,16,0.0,0.5,20,3000,320,3000,1920000,14.590653,2.3565
n16_graph2,16,0.0,0.5,20,10000,320,3000,4160000,14.314312,5.3086
n16_graph2,16,0.0,0.8,1,100,16,3000,49600,nan,0.0572
n16_graph2,16,0.0,0.8,1,300,16,3000,52800,18.787462,0.0655
n16_graph2,16,0.0,0.8,1,1000,16,3000,64000,20.799604,0.0797
n16_graph2,16,0.0,0.8,1,3000,16,3000,96000,20.090851,0.1191
n16_graph2,16,0.0,0.8,1,10000,16,3000,208000,19.893824,0.2762
n16_graph2,16,0.0,0.8,4,100,64,3000,198400,19.989374,0.2235
n16_graph2,16,0.0,0.8,4,300,64,3000,211200,19.770416,0.2435
n16_graph2,16,0.0,0.8,4,1000,64,3000,256000,20.186339,0.3028
n16_graph2,16,0.0,0.8,4,3000,64,3000,384000,20.154284,0.4731
n16_graph2,16,0.0,0.8,4,10000,64,3000,832000,20.050890,1.0797
n16_graph2,16,0.0,0.8,20,100,320,3000,992000,20.083933,1.1124
n16_graph2,16,0.0,0.8,20,300,320,3000,1056000,20.112576,1.2146
n16_graph2,16,0.0,0.8,20,1000,320,3000,1280000,20.446615,1.5020
n16_graph2,16,0.0,0.8,20,3000,320,3000,1920000,19.937632,2.3849
n16_graph2,16,0.0,0.8,20,10000,320,3000,4160000,20.184916,5.4222
n16_graph2,16,0.0,1.0,1,100,16,3000,49600,25.003317,0.0564
n16_graph2,16,0.0,1.0,1,300,16,3000,52800,25.684924,0.0624
n16_graph2,16,0.0,1.0,1,1000,16,3000,64000,24.616257,0.0810
n16_graph2,16,0.0,1.0,1,3000,16,3000,96000,24.666852,0.1213
n16_graph2,16,0.0,1.0,1,10000,16,3000,208000,24.427630,0.2698
n16_graph2,16,0.0,1.0,4,100,64,3000,198400,25.104598,0.2258
n16_graph2,16,0.0,1.0,4,300,64,3000,211200,24.460354,0.2383
n16_graph2,16,0.0,1.0,4,1000,64,3000,256000,24.362286,0.3122
n16_graph2,16,0.0,1.0,4,3000,64,3000,384000,24.869738,0.4695
n16_graph2,16,0.0,1.0,4,10000,64,3000,832000,24.524477,1.0734
n16_graph2,16,0.0,1.0,20,100,320,3000,992000,24.599044,1.1071
n16_graph2,16,0.0,1.0,20,300,320,3000,1056000,24.910269,1.1951
n16_graph2,16,0.0,1.0,20,1000,320,3000,1280000,24.735079,1.5248
n16_graph2,16,0.0,1.0,20,3000,320,3000,1920000,24.855654,2.3810
n16_graph2,16,0.0,1.0,20,10000,320,3000,4160000,24.829147,5.4375
n16_graph2,16,0.0,1.3,1,100,16,3000,49600,31.052601,0.0576
n16_graph2,16,0.0,1.3,1,300,16,3000,52800,nan,0.0597
n16_graph2,16,0.0,1.3,1,1000,16,3000,64000,33.156021,0.0746
n16_graph2,16,0.0,1.3,1,3000,16,3000,96000,32.030675,0.1175
n16_graph2,16,0.0,1.3,1,10000,16,3000,208000,31.551954,0.2736
n16_graph2,16,0.0,1.3,4,100,64,3000,198400,31.832024,0.2236
n16_graph2,16,0.0,1.3,4,300,64,3000,211200,32.263710,0.2420
n16_graph2,16,0.0,1.3,4,1000,64,3000,256000,32.617748,0.3011
n16_graph2,16,0.0,1.3,4,3000,64,3000,384000,31.715053,0.4803
n16_graph2,16,0.0,1.3,4,10000,64,3000,832000,32.034459,1.0784
n16_graph2,16,0.0,1.3,20,100,320,3000,992000,31.918535,1.1441
n16_graph2,16,0.0,1.3,20,300,320,3000,1056000,32.041794,1.2239
n16_graph2,16,0.0,1.3,20,1000,320,3000,1280000,31.723943,1.5307
n16_graph2,16,0.0,1.3,20,3000,320,3000,1920000,31.879129,2.3830
n16_graph2,16,0.0,1.3,20,10000,320,3000,4160000,31.890870,5.4690
n16_graph2,16,0.0,1.8,1,100,16,3000,49600,44.983063,0.0568
n16_graph2,16,0.0,1.8,1,300,16,3000,52800,44.444341,0.0612
n16_graph2,16,0.0,1.8,1,1000,16,3000,64000,43.226271,0.0766
n16_graph2,16,0.0,1.8,1,3000,16,3000,96000,43.435067,0.1192
n16_graph2,16,0.0,1.8,1,10000,16,3000,208000,43.849281,0.2686
n16_graph2,16,0.0,1.8,4,100,64,3000,198400,42.848822,0.2258
n16_graph2,16,0.0,1.8,4,300,64,3000,211200,43.508015,0.2465
n16_graph2,16,0.0,1.8,4,1000,64,3000,256000,43.930571,0.3034
n16_graph2,16,0.0,1.8,4,3000,64,3000,384000,43.715082,0.4830
n16_graph2,16,0.0,1.8,4,10000,64,3000,832000,43.991331,1.1386
n16_graph2,16,0.0,1.8,20,100,320,3000,992000,42.761350,1.1385
n16_graph2,16,0.0,1.8,20,300,320,3000,1056000,43.869814,1.2754
n16_graph2,16,0.0,1.8,20,1000,320,3000,1280000,43.688639,1.5625
n16_graph2,16,0.0,1.8,20,3000,320,3000,1920000,43.858604,2.4071
n16_graph2,16,0.0,1.8,20,10000,320,3000,4160000,43.835728,5.5360
n16_graph2,16,0.0,2.5,1,100,16,3000,49600,61.378923,0.0581
n16_graph2,16,0.0,2.5,1,300,16,3000,52800,61.916357,0.0620
n16_graph2,16,0.0,2.5,1,1000,16,3000,64000,58.738534,0.0776
n16_graph2,16,0.0,2.5,1,3000,16,3000,96000,60.861615,0.1209
n16_graph2,16,0.0,2.5,1,10000,16,3000,208000,60.635777,0.2688
n16_graph2,16,0.0,2.5,4,100,64,3000,198400,59.233691,0.2249
n16_graph2,16,0.0,2.5,4,300,64,3000,211200,61.421122,0.2417
n16_graph2,16,0.0,2.5,4,1000,64,3000,256000,60.703227,0.3066
n16_graph2,16,0.0,2.5,4,3000,64,3000,384000,60.260015,0.4733
n16_graph2,16,0.0,2.5,4,10000,64,3000,832000,60.210424,1.0770
n16_graph2,16,0.0,2.5,20,100,320,3000,992000,60.883082,1.1124
n16_graph2,16,0.0,2.5,20,300,320,3000,1056000,60.139581,1.1961
n16_graph2,16,0.0,2.5,20,1000,320,3000,1280000,60.958003,1.5015
n16_graph2,16,0.0,2.5,20,3000,320,3000,1920000,60.717137,2.3785
n16_graph2,16,0.0,2.5,20,10000,320,3000,4160000,60.604595,5.4449
n16_graph2,16,0.0,5.0,1,100,16,3000,49600,119.483761,0.0576
n16_graph2,16,0.0,5.0,1,300,16,3000,52800,nan,0.0616
n16_graph2,16,0.0,5.0,1,1000,16,3000,64000,120.264018,0.0768
n16_graph2,16,0.0,5.0,1,3000,16,3000,96000,120.756643,0.1214
n16_graph2,16,0.0,5.0,1,10000,16,3000,208000,120.909483,0.2704
n16_graph2,16,0.0,5.0,4,100,64,3000,198400,nan,0.2267
n16_graph2,16,0.0,5.0,4,300,64,3000,211200,120.848242,0.2427
n16_graph2,16,0.0,5.0,4,1000,64,3000,256000,121.151406,0.3038
n16_graph2,16,0.0,5.0,4,3000,64,3000,384000,120.722104,0.4809
n16_graph2,16,0.0,5.0,4,10000,64,3000,832000,120.919863,1.0797
n16_graph2,16,0.0,5.0,20,100,320,3000,992000,121.098415,1.1352
n16_graph2,16,0.0,5.0,20,300,320,3000,1056000,120.725697,1.2282
n16_graph2,16,0.0,5.0,20,1000,320,3000,1280000,120.903240,1.5289
n16_graph2,16,0.0,5.0,20,3000,320,3000,1920000,120.794912,2.3734
n16_graph2,16,0.0,5.0,20,10000,320,3000,4160000,120.672906,5.3971
n16_graph2,16,0.1,0.1,1,100,16,3000,49600,11.032335,0.0527
n16_graph2,16,0.1,0.1,1,300,16,3000,52800,11.285324,0.0563
n16_graph2,16,0.1,0.1,1,1000,16,3000,64000,10.991201,0.0707
n16_graph2,16,0.1,0.1,1,3000,16,3000,96000,11.291446,0.1110
n16_graph2,16,0.1,0.1,1,10000,16,3000,208000,11.218298,0.2507
n16_graph2,16,0.1,0.1,4,100,64,3000,198400,11.232379,0.2114
n16_graph2,16,0.1,0.1,4,300,64,3000,211200,11.307567,0.2254
n16_graph2,16,0.1,0.1,4,1000,64,3000,256000,11.056555,0.2826
n16_graph2,16,0.1,0.1,4,3000,64,3000,384000,11.248663,0.4411
n16_graph2,16,0.1,0.1,4,10000,64,3000,832000,11.220041,1.0204
n16_graph2,16,0.1,0.1,20,100,317,3000,982700,11.009873,1.0514
n16_graph2,16,0.1,0.1,20,300,317,3000,1046100,11.374238,1.1324
n16_graph2,16,0.1,0.1,20,1000,317,3000,1268000,11.246253,1.4017
n16_graph2,16,0.1,0.1,20,3000,317,3000,1902000,11.229757,2.1849
n16_graph2,16,0.1,0.1,20,10000,317,3000,4121000,11.212875,5.1346
n16_graph2,16,0.1,0.2,1,100,16,3000,49600,11.491010,0.0531
n16_graph2,16,0.1,0.2,1,300,16,3000,52800,11.311689,0.0573
n16_graph2,16,0.1,0.2,1,1000,16,3000,64000,10.980908,0.0714
n16_graph2,16,0.1,0.2,1,3000,16,3000,96000,11.619254,0.1119
n16_graph2,16,0.1,0.2,1,10000,16,3000,208000,11.449824,0.2561
n16_graph2,16,0.1,0.2,4,100,63,3000,195300,12.038497,0.2100
n16_graph2,16,0.1,0.2,4,300,63,3000,207900,11.664592,0.2238
n16_graph2,16,0.1,0.2,4,1000,63,3000,252000,11.514147,0.2814
n16_graph2,16,0.1,0.2,4,3000,63,3000,378000,11.423322,0.4436
n16_graph2,16,0.1,0.2,4,10000,63,3000,819000,11.644804,1.0093
n16_graph2,16,0.1,0.2,20,100,314,3000,973400,11.454537,1.0396
n16_graph2,16,0.1,0.2,20,300,314,3000,1036200,11.528978,1.1204
n16_graph2,16,0.1,0.2,20,1000,314,3000,1256000,11.590742,1.4028
n16_graph2,16,0.1,0.2,20,3000,314,3000,1884000,11.639009,2.1998
n16_graph2,16,0.1,0.2,20,10000,314,3000,4082000,11.630772,4.9958
n16_graph2,16,0.1,0.3,1,100,16,3000,49600,12.669977,0.0538
n16_graph2,16,0.1,0.3,1,300,16,3000,52800,12.604448,0.0573
n16_graph2,16,0.1,0.3,1,1000,16,3000,64000,12.534577,0.0725
n16_graph2,16,0.1,0.3,1,3000,16,3000,96000,12.471440,0.1130
n16_graph2,16,0.1,0.3,1,10000,16,3000,208000,12.202378,0.2569
n16_graph2,16,0.1,0.3,4,100,63,3000,195300,12.145095,0.2114
n16_graph2,16,0.1,0.3,4,300,63,3000,207900,11.306378,0.2263
n16_graph2,16,0.1,0.3,4,1000,63,3000,252000,12.058280,0.2819
n16_graph2,16,0.1,0.3,4,3000,63,3000,378000,12.200919,0.4467
n16_graph2,16,0.1,0.3,4,10000,63,3000,819000,12.269639,1.0193
n16_graph2,16,0.1,0.3,20,100,311,3000,964100,12.406062,1.0427
n16_graph2,16,0.1,0.3,20,300,311,3000,1026300,12.564433,1.1244
n16_graph2,16,0.1,0.3,20,1000,311,3000,1244000,12.105323,1.4000
n16_graph2,16,0.1,0.3,20,3000,311,3000,1866000,12.272745,2.1965
n16_graph2,16,0.1,0.3,20,10000,311,3000,4043000,12.292897,5.0147
n16_graph2,16,0.1,0.5,1,100,16,3000,49600,12.583671,0.0551
n16_graph2,16,0.1,0.5,1,300,16,3000,52800,13.384279,0.0592
n16_graph2,16,0.1,0.5,1,1000,16,3000,64000,14.860861,0.0737
n16_graph2,16,0.1,0.5,1,3000,16,3000,96000,14.102490,0.1162
n16_graph2,16,0.1,0.5,1,10000,16,3000,208000,14.712726,0.2613
n16_graph2,16,0.1,0.5,4,100,61,3000,189100,16.141316,0.2075
n16_graph2,16,0.1,0.5,4,300,61,3000,201300,14.834778,0.2227
n16_graph2,16,0.1,0.5,4,1000,61,3000,244000,14.561630,0.2806
n16_graph2,16,0.1,0.5,4,3000,61,3000,366000,14.564935,0.4383
n16_graph2,16,0.1,0.5,4,10000,61,3000,793000,14.417071,1.0005
n16_graph2,16,0.1,0.5,20,100,305,3000,945500,14.103131,1.0405
n16_graph2,16,0.1,0.5,20,300,305,3000,1006500,14.835920,1.1284
n16_graph2,16,0.1,0.5,20,1000,305,3000,1220000,14.771763,1.3959
n16_graph2,16,0.1,0.5,20,3000,305,3000,1830000,14.727535,2.1885
n16_graph2,16,0.1,0.5,20,10000,305,3000,3965000,14.575277,5.0203
n16_graph2,16,0.1,0.8,1,100,15,3000,46500,20.443229,0.0516
n16_graph2,16,0.1,0.8,1,300,15,3000,49500,20.857393,0.0557
n16_graph2,16,0.1,0.8,1,1000,15,3000,60000,20.075646,0.0701
n16_graph2,16,0.1,0.8,1,3000,15,3000,90000,20.449075,0.1104
n16_graph2,16,0.1,0.8,1,10000,15,3000,195000,20.629913,0.2508
n16_graph2,16,0.1,0.8,4,100,59,3000,182900,20.099602,0.2038
n16_graph2,16,0.1,0.8,4,300,59,3000,194700,21.141382,0.2187
n16_graph2,16,0.1,0.8,4,1000,59,3000,236000,20.849743,0.2731
n16_graph2,16,0.1,0.8,4,3000,59,3000,354000,20.741218,0.4337
n16_graph2,16,0.1,0.8,4,10000,59,3000,767000,20.741549,0.9820
n16_graph2,16,0.1,0.8,20,100,295,3000,914500,20.781142,1.0224
n16_graph2,16,0.1,0.8,20,300,295,3000,973500,20.771075,1.1117
n16_graph2,16,0.1,0.8,20,1000,295,3000,1180000,20.825187,1.4170
n16_graph2,16,0.1,0.8,20,3000,295,3000,1770000,20.709634,2.2254
n16_graph2,16,0.1,0.8,20,10000,295,3000,3835000,20.676199,5.0384
n16_graph2,16,0.1,1.0,1,100,15,3000,46500,25.148754,0.0537
n16_graph2,16,0.1,1.0,1,300,15,3000,49500,26.299777,0.0569
n16_graph2,16,0.1,1.0,1,1000,15,3000,60000,25.734342,0.0716
n16_graph2,16,0.1,1.0,1,3000,15,3000,90000,25.464819,0.1114
n16_graph2,16,0.1,1.0,1,10000,15,3000,195000,25.758882,0.2595
n16_graph2,16,0.1,1.0,4,100,58,3000,179800,26.103385,0.2048
n16_graph2,16,0.1,1.0,4,300,58,3000,191400,25.945480,0.2242
n16_graph2,16,0.1,1.0,4,1000,58,3000,232000,25.872287,0.2786
n16_graph2,16,0.1,1.0,4,3000,58,3000,348000,25.664563,0.4360
n16_graph2,16,0.1,1.0,4,10000,58,3000,754000,25.681408,1.0034
n16_graph2,16,0.1,1.0,20,100,289,3000,895900,25.609920,1.0219
n16_graph2,16,0.1,1.0,20,300,289,3000,953700,25.717106,1.1013
n16_graph2,16,0.1,1.0,20,1000,289,3000,1156000,25.628095,1.3794
n16_graph2,16,0.1,1.0,20,3000,289,3000,1734000,25.771912,2.1579
n16_graph2,16,0.1,1.0,20,10000,289,3000,3757000,25.737147,4.9286
n16_graph2,16,0.1,1.3,1,100,14,3000,43400,32.850531,0.0489
n16_graph2,16,0.1,1.3,1,300,14,3000,46200,33.755726,0.0529
n16_graph2,16,0.1,1.3,1,1000,14,3000,56000,33.269963,0.0658
n16_graph2,16,0.1,1.3,1,3000,14,3000,84000,32.872295,0.1044
n16_graph2,16,0.1,1.3,1,10000,14,3000,182000,33.477798,0.2423
n16_graph2,16,0.1,1.3,4,100,56,3000,173600,33.483336,0.2027
n16_graph2,16,0.1,1.3,4,300,56,3000,184800,33.295833,0.2173
n16_graph2,16,0.1,1.3,4,1000,56,3000,224000,33.164159,0.2723
n16_graph2,16,0.1,1.3,4,3000,56,3000,336000,33.204539,0.4285
n16_graph2,16,0.1,1.3,4,10000,56,3000,728000,33.268398,0.9576
n16_graph2,16,0.1,1.3,20,100,279,3000,864900,33.363715,0.9700
n16_graph2,16,0.1,1.3,20,300,279,3000,920700,33.237860,1.0521
n16_graph2,16,0.1,1.3,20,1000,279,3000,1116000,33.301841,1.3182
n16_graph2,16,0.1,1.3,20,3000,279,3000,1674000,33.313378,2.0668
n16_graph2,16,0.1,1.3,20,10000,279,3000,3627000,33.281770,4.6921
n16_graph2,16,0.1,1.8,1,100,14,3000,43400,46.171908,0.0489
n16_graph2,16,0.1,1.8,1,300,14,3000,46200,46.062258,0.0523
n16_graph2,16,0.1,1.8,1,1000,14,3000,56000,46.100031,0.0658
n16_graph2,16,0.1,1.8,1,3000,14,3000,84000,45.829727,0.1030
n16_graph2,16,0.1,1.8,1,10000,14,3000,182000,46.125599,0.2336
n16_graph2,16,0.1,1.8,4,100,53,3000,164300,46.260897,0.1857
n16_graph2,16,0.1,1.8,4,300,53,3000,174900,45.929072,0.2008
n16_graph2,16,0.1,1.8,4,1000,53,3000,212000,46.140842,0.2493
n16_graph2,16,0.1,1.8,4,3000,53,3000,318000,46.084092,0.3916
n16_graph2,16,0.1,1.8,4,10000,53,3000,689000,46.141511,0.8988
n16_graph2,16,0.1,1.8,20,100,264,3000,818400,46.194157,0.9239
n16_graph2,16,0.1,1.8,20,300,264,3000,871200,46.077250,1.0072
n16_graph2,16,0.1,1.8,20,1000,264,3000,1056000,46.056913,1.2535
n16_graph2,16,0.1,1.8,20,3000,264,3000,1584000,46.040425,1.9551
n16_graph2,16,0.1,1.8,20,10000,264,3000,3432000,46.084259,4.5548
n16_graph2,16,0.1,2.5,1,100,13,3000,40300,64.264849,0.0459
n16_graph2,16,0.1,2.5,1,300,13,3000,42900,63.543118,0.0502
n16_graph2,16,0.1,2.5,1,1000,13,3000,52000,63.954154,0.0632
n16_graph2,16,0.1,2.5,1,3000,13,3000,78000,63.912311,0.0992
n16_graph2,16,0.1,2.5,1,10000,13,3000,169000,64.024948,0.2326
n16_graph2,16,0.1,2.5,4,100,49,3000,151900,64.127256,0.1835
n16_graph2,16,0.1,2.5,4,300,49,3000,161700,64.015575,0.2004
n16_graph2,16,0.1,2.5,4,1000,49,3000,196000,63.946565,0.2479
n16_graph2,16,0.1,2.5,4,3000,49,3000,294000,64.022745,0.3773
n16_graph2,16,0.1,2.5,4,10000,49,3000,637000,64.013416,0.8568
n16_graph2,16,0.1,2.5,20,100,242,3000,750200,64.160599,0.8658
n16_graph2,16,0.1,2.5,20,300,242,3000,798600,63.927987,0.9213
n16_graph2,16,0.1,2.5,20,1000,242,3000,968000,64.012246,1.1630
n16_graph2,16,0.1,2.5,20,3000,242,3000,1452000,64.001706,1.8490
n16_graph2,16,0.1,2.5,20,10000,242,3000,3146000,63.987899,4.2148
n16_graph2,16,0.1,5.0,1,100,9,3000,27900,127.929766,0.0329
n16_graph2,16,0.1,5.0,1,300,9,3000,29700,127.990227,0.0352
n16_graph2,16,0.1,5.0,1,1000,9,3000,36000,127.994310,0.0445
n16_graph2,16,0.1,5.0,1,3000,9,3000,54000,127.973320,0.0694
n16_graph2,16,0.1,5.0,1,10000,9,3000,117000,127.991312,0.1555
n16_graph2,16,0.1,5.0,4,100,35,3000,108500,128.013607,0.1274
n16_graph2,16,0.1,5.0,4,300,35,3000,115500,128.135206,0.1359
n16_graph2,16,0.1,5.0,4,1000,35,3000,140000,127.964762,0.1718
n16_graph2,16,0.1,5.0,4,3000,35,3000,210000,128.010010,0.2679
n16_graph2,16,0.1,5.0,4,10000,35,3000,455000,128.006868,0.6072
n16_graph2,16,0.1,5.0,20,100,173,3000,536300,127.974362,0.6226
n16_graph2,16,0.1,5.0,20,300,173,3000,570900,128.081296,0.6687
n16_graph2,16,0.1,5.0,20,1000,173,3000,692000,128.007745,0.8448
n16_graph2,16,0.1,5.0,20,3000,173,3000,1038000,127.991690,1.3183
n16_graph2,16,0.1,5.0,20,10000,173,3000,2249000,127.990402,3.0219
n16_graph2,16,0.2,0.1,1,100,16,3000,49600,11.949588,0.0557
n16_graph2,16,0.2,0.1,1,300,16,3000,52800,11.646702,0.0587
n16_graph2,16,0.2,0.1,1,1000,16,3000,64000,10.877256,0.0731
n16_graph2,16,0.2,0.1,1,3000,16,3000,96000,11.472200,0.1156
n16_graph2,16,0.2,0.1,1,10000,16,3000,208000,11.222148,0.2612
n16_graph2,16,0.2,0.1,4,100,63,3000,195300,10.926134,0.2148
n16_graph2,16,0.2,0.1,4,300,63,3000,207900,11.370296,0.2275
n16_graph2,16,0.2,0.1,4,1000,63,3000,252000,11.096753,0.2792
n16_graph2,16,0.2,0.1,4,3000,63,3000,378000,11.263145,0.4399
n16_graph2,16,0.2,0.1,4,10000,63,3000,819000,11.212621,1.0015
n16_graph2,16,0.2,0.1,20,100,314,3000,973400,11.080191,1.0363
n16_graph2,16,0.2,0.1,20,300,314,3000,1036200,11.162359,1.1195
n16_graph2,16,0.2,0.1,20,1000,314,3000,1256000,11.175421,1.4263
n16_graph2,16,0.2,0.1,20,3000,314,3000,1884000,11.206555,2.2339
n16_graph2,16,0.2,0.1,20,10000,314,3000,4082000,11.199135,4.9763
n16_graph2,16,0.2,0.2,1,100,16,3000,49600,12.104506,0.0537
n16_graph2,16,0.2,0.2,1,300,16,3000,52800,11.747525,0.0582
n16_graph2,16,0.2,0.2,1,1000,16,3000,64000,12.019781,0.0718
n16_graph2,16,0.2,0.2,1,3000,16,3000,96000,11.456248,0.1129
n16_graph2,16,0.2,0.2,1,10000,16,3000,208000,11.510597,0.2558
n16_graph2,16,0.2,0.2,4,100,62,3000,192200,11.913956,0.2088
n16_graph2,16,0.2,0.2,4,300,62,3000,204600,11.548608,0.2296
n16_graph2,16,0.2,0.2,4,1000,62,3000,248000,11.870818,0.2866
n16_graph2,16,0.2,0.2,4,3000,62,3000,372000,11.508409,0.4486
n16_graph2,16,0.2,0.2,4,10000,62,3000,806000,11.645111,1.0201
n16_graph2,16,0.2,0.2,20,100,308,3000,954800,11.554026,1.0384
n16_graph2,16,0.2,0.2,20,300,308,3000,1016400,11.672293,1.1306
n16_graph2,16,0.2,0.2,20,1000,308,3000,1232000,11.575262,1.4108
n16_graph2,16,0.2,0.2,20,3000,308,3000,1848000,11.588345,2.1839
n16_graph2,16,0.2,0.2,20,10000,308,3000,4004000,11.632320,5.0618
n16_graph2,16,0.2,0.3,1,100,16,3000,49600,12.269252,0.0542
n16_graph2,16,0.2,0.3,1,300,16,3000,52800,12.100944,0.0575
n16_graph2,16,0.2,0.3,1,1000,16,3000,64000,12.138035,0.0722
n16_graph2,16,0.2,0.3,1,3000,16,3000,96000,12.331205,0.1143
n16_graph2,16,0.2,0.3,1,10000,16,3000,208000,12.063073,0.2586
n16_graph2,16,0.2,0.3,4,100,61,3000,189100,12.265857,0.2073
n16_graph2,16,0.2,0.3,4,300,61,3000,201300,12.166107,0.2241
n16_graph2,16,0.2,0.3,4,1000,61,3000,244000,12.353241,0.2809
n16_graph2,16,0.2,0.3,4,3000,61,3000,366000,12.475376,0.4445
n16_graph2,16,0.2,0.3,4,10000,61,3000,793000,12.384576,1.0377
n16_graph2,16,0.2,0.3,20,100,301,3000,933100,12.120888,1.0526
n16_graph2,16,0.2,0.3,20,300,301,3000,993300,12.430878,1.1116
n16_graph2,16,0.2,0.3,20,1000,301,3000,1204000,12.460670,1.3809
n16_graph2,16,0.2,0.3,20,3000,301,3000,1806000,12.335659,2.1576
n16_graph2,16,0.2,0.3,20,10000,301,3000,3913000,12.324919,5.0266
n16_graph2,16,0.2,0.5,1,100,15,3000,46500,14.108286,0.0528
n16_graph2,16,0.2,0.5,1,300,15,3000,49500,15.601281,0.0581
n16_graph2,16,0.2,0.5,1,1000,15,3000,60000,14.968798,0.0767
n16_graph2,16,0.2,0.5,1,3000,15,3000,90000,15.178262,0.1162
n16_graph2,16,0.2,0.5,1,10000,15,3000,195000,15.104717,0.2593
n16_graph2,16,0.2,0.5,4,100,58,3000,179800,14.922971,0.2137
n16_graph2,16,0.2,0.5,4,300,58,3000,191400,15.143729,0.2387
n16_graph2,16,0.2,0.5,4,1000,58,3000,232000,14.684730,0.2817
n16_graph2,16,0.2,0.5,4,3000,58,3000,348000,15.050086,0.4465
n16_graph2,16,0.2,0.5,4,10000,58,3000,754000,14.888881,1.0166
n16_graph2,16,0.2,0.5,20,100,289,3000,895900,14.731142,1.0186
n16_graph2,16,0.2,0.5,20,300,289,3000,953700,14.964778,1.0893
n16_graph2,16,0.2,0.5,20,1000,289,3000,1156000,15.153565,1.3886
n16_graph2,16,0.2,0.5,20,3000,289,3000,1734000,14.832892,2.1612
n16_graph2,16,0.2,0.5,20,10000,289,3000,3757000,14.892896,4.8429
n16_graph2,16,0.2,0.8,1,100,14,3000,43400,21.611377,0.0497
n16_graph2,16,0.2,0.8,1,300,14,3000,46200,21.490859,0.0522
n16_graph2,16,0.2,0.8,1,1000,14,3000,56000,21.580012,0.0662
n16_graph2,16,0.2,0.8,1,3000,14,3000,84000,21.712368,0.1059
n16_graph2,16,0.2,0.8,1,10000,14,3000,182000,21.940806,0.2383
n16_graph2,16,0.2,0.8,4,100,54,3000,167400,21.443765,0.1895
n16_graph2,16,0.2,0.8,4,300,54,3000,178200,21.819778,0.2035
n16_graph2,16,0.2,0.8,4,1000,54,3000,216000,22.177238,0.2535
n16_graph2,16,0.2,0.8,4,3000,54,3000,324000,21.859276,0.3966
n16_graph2,16,0.2,0.8,4,10000,54,3000,702000,21.889893,0.9273
n16_graph2,16,0.2,0.8,20,100,270,3000,837000,21.928495,0.9546
n16_graph2,16,0.2,0.8,20,300,270,3000,891000,21.902071,1.0172
n16_graph2,16,0.2,0.8,20,1000,270,3000,1080000,21.899246,1.2640
n16_graph2,16,0.2,0.8,20,3000,270,3000,1620000,21.943057,2.0007
n16_graph2,16,0.2,0.8,20,10000,270,3000,3510000,21.911302,4.5498
n16_graph2,16,0.2,1.0,1,100,13,3000,40300,27.320915,0.0461
n16_graph2,16,0.2,1.0,1,300,13,3000,42900,27.368703,0.0496
n16_graph2,16,0.2,1.0,1,1000,13,3000,52000,27.352289,0.0621
n16_graph2,16,0.2,1.0,1,3000,13,3000,78000,27.272583,0.0967
n16_graph2,16,0.2,1.0,1,10000,13,3000,169000,27.142061,0.2197
n16_graph2,16,0.2,1.0,4,100,52,3000,161200,27.299138,0.1822
n16_graph2,16,0.2,1.0,4,300,52,3000,171600,27.302594,0.1988
n16_graph2,16,0.2,1.0,4,1000,52,3000,208000,27.033552,0.2524
n16_graph2,16,0.2,1.0,4,3000,52,3000,312000,27.257149,0.3937
n16_graph2,16,0.2,1.0,4,10000,52,3000,676000,27.298520,0.8927
n16_graph2,16,0.2,1.0,20,100,257,3000,796700,27.233361,0.9077
n16_graph2,16,0.2,1.0,20,300,257,3000,848100,27.266737,0.9706
n16_graph2,16,0.2,1.0,20,1000,257,3000,1028000,27.153088,1.2270
n16_graph2,16,0.2,1.0,20,3000,257,3000,1542000,27.256926,1.9499
n16_graph2,16,0.2,1.0,20,10000,257,3000,3341000,27.259496,4.3445
n16_graph2,16,0.2,1.3,1,100,12,3000,37200,36.084435,0.0423
n16_graph2,16,0.2,1.3,1,300,12,3000,39600,35.865971,0.0456
n16_graph2,16,0.2,1.3,1,1000,12,3000,48000,35.394860,0.0567
n16_graph2,16,0.2,1.3,1,3000,12,3000,72000,35.444118,0.0893
n16_graph2,16,0.2,1.3,1,10000,12,3000,156000,35.347962,0.2025
n16_graph2,16,0.2,1.3,4,100,48,3000,148800,35.717477,0.1702
n16_graph2,16,0.2,1.3,4,300,48,3000,158400,35.265248,0.1827
n16_graph2,16,0.2,1.3,4,1000,48,3000,192000,35.429755,0.2266
n16_graph2,16,0.2,1.3,4,3000,48,3000,288000,35.334599,0.3549
n16_graph2,16,0.2,1.3,4,10000,48,3000,624000,35.346479,0.8100
n16_graph2,16,0.2,1.3,20,100,239,3000,740900,35.312723,0.8352
n16_graph2,16,0.2,1.3,20,300,239,3000,788700,35.352902,0.9076
n16_graph2,16,0.2,1.3,20,1000,239,3000,956000,35.363392,1.1307
n16_graph2,16,0.2,1.3,20,3000,239,3000,1434000,35.330871,1.7843
n16_graph2,16,0.2,1.3,20,10000,239,3000,3107000,35.387201,4.0366
n16_graph2,16,0.2,1.8,1,100,11,3000,34100,49.206042,0.0388
n16_graph2,16,0.2,1.8,1,300,11,3000,36300,49.012874,0.0421
n16_graph2,16,0.2,1.8,1,1000,11,3000,44000,48.929425,0.0521
n16_graph2,16,0.2,1.8,1,3000,11,3000,66000,49.018579,0.0823
n16_graph2,16,0.2,1.8,1,10000,11,3000,143000,48.893912,0.1872
n16_graph2,16,0.2,1.8,4,100,42,3000,130200,49.209269,0.1491
n16_graph2,16,0.2,1.8,4,300,42,3000,138600,48.960514,0.1596
n16_graph2,16,0.2,1.8,4,1000,42,3000,168000,48.942062,0.2010
n16_graph2,16,0.2,1.8,4,3000,42,3000,252000,48.956291,0.3171
n16_graph2,16,0.2,1.8,4,10000,42,3000,546000,48.971170,0.7198
n16_graph2,16,0.2,1.8,20,100,210,3000,651000,48.888873,0.7441
n16_graph2,16,0.2,1.8,20,300,210,3000,693000,48.999471,0.8015
n16_graph2,16,0.2,1.8,20,1000,210,3000,840000,48.959567,1.0059
n16_graph2,16,0.2,1.8,20,3000,210,3000,1260000,48.980316,1.5957
n16_graph2,16,0.2,1.8,20,10000,210,3000,2730000,48.957974,3.6449
n16_graph2,16,0.2,2.5,1,100,9,3000,27900,67.859589,0.0337
n16_graph2,16,0.2,2.5,1,300,9,3000,29700,68.229463,0.0349
n16_graph2,16,0.2,2.5,1,1000,9,3000,36000,67.938512,0.0443
n16_graph2,16,0.2,2.5,1,3000,9,3000,54000,67.984888,0.0683
n16_graph2,16,0.2,2.5,1,10000,9,3000,117000,68.029373,0.1542
n16_graph2,16,0.2,2.5,4,100,35,3000,108500,68.024799,0.1250
n16_graph2,16,0.2,2.5,4,300,35,3000,115500,68.227619,0.1336
n16_graph2,16,0.2,2.5,4,1000,35,3000,140000,67.927048,0.1681
n16_graph2,16,0.2,2.5,4,3000,35,3000,210000,67.997906,0.2640
n16_graph2,16,0.2,2.5,4,10000,35,3000,455000,68.015657,0.6122
n16_graph2,16,0.2,2.5,20,100,173,3000,536300,67.968284,0.6312
n16_graph2,16,0.2,2.5,20,300,173,3000,570900,67.987348,0.6704
n16_graph2,16,0.2,2.5,20,1000,173,3000,692000,67.982645,0.8450
n16_graph2,16,0.2,2.5,20,3000,173,3000,1038000,68.001492,1.3453
n16_graph2,16,0.2,2.5,20,10000,173,3000,2249000,68.001451,2.9751
n16_graph2,16,0.2,5.0,1,100,4,3000,12400,136.008996,0.0142
n16_graph2,16,0.2,5.0,1,300,4,3000,13200,135.934691,0.0155
n16_graph2,16,0.2,5.0,1,1000,4,3000,16000,135.974376,0.0195
n16_graph2,16,0.2,5.0,1,3000,4,3000,24000,135.983402,0.0306
n16_graph2,16,0.2,5.0,1,10000,4,3000,52000,136.003393,0.0698
n16_graph2,16,0.2,5.0,4,100,16,3000,49600,136.037486,0.0584
n16_graph2,16,0.2,5.0,4,300,16,3000,52800,135.974412,0.0620
n16_graph2,16,0.2,5.0,4,1000,16,3000,64000,136.014410,0.0771
n16_graph2,16,0.2,5.0,4,3000,16,3000,96000,135.960543,0.1221
n16_graph2,16,0.2,5.0,4,10000,16,3000,208000,135.989987,0.2782
n16_graph2,16,0.2,5.0,20,100,77,3000,238700,135.984727,0.2803
n16_graph2,16,0.2,5.0,20,300,77,3000,254100,135.998783,0.3001
n16_graph2,16,0.2,5.0,20,1000,77,3000,308000,136.003455,0.3709
n16_graph2,16,0.2,5.0,20,3000,77,3000,462000,135.998531,0.5907
n16_graph2,16,0.2,5.0,20,10000,77,3000,1001000,135.994412,1.3199
n16_graph2,16,0.5,0.1,1,100,16,3000,49600,11.232805,0.0528
n16_graph2,16,0.5,0.1,1,300,16,3000,52800,11.089182,0.0571
n16_graph2,16,0.5,0.1,1,1000,16,3000,64000,10.829251,0.0725
n16_graph2,16,0.5,0.1,1,3000,16,3000,96000,11.270104,0.1132
n16_graph2,16,0.5,0.1,1,10000,16,3000,208000,11.211573,0.2533
n16_graph2,16,0.5,0.1,4,100,61,3000,189100,10.907455,0.2009
n16_graph2,16,0.5,0.1,4,300,61,3000,201300,10.652361,0.2170
n16_graph2,16,0.5,0.1,4,1000,61,3000,244000,11.118650,0.2697
n16_graph2,16,0.5,0.1,4,3000,61,3000,366000,11.226223,0.4218
n16_graph2,16,0.5,0.1,4,10000,61,3000,793000,11.223675,0.9629
n16_graph2,16,0.5,0.1,20,100,305,3000,945500,11.000941,1.0066
n16_graph2,16,0.5,0.1,20,300,305,3000,1006500,11.248339,1.0888
n16_graph2,16,0.5,0.1,20,1000,305,3000,1220000,11.194084,1.3520
n16_graph2,16,0.5,0.1,20,3000,305,3000,1830000,11.228395,2.1222
n16_graph2,16,0.5,0.1,20,10000,305,3000,3965000,11.257742,4.7958
n16_graph2,16,0.5,0.2,1,100,15,3000,46500,11.756881,0.0498
n16_graph2,16,0.5,0.2,1,300,15,3000,49500,12.369623,0.0540
n16_graph2,16,0.5,0.2,1,1000,15,3000,60000,11.654888,0.0674
n16_graph2,16,0.5,0.2,1,3000,15,3000,90000,11.701662,0.1071
n16_graph2,16,0.5,0.2,1,10000,15,3000,195000,11.945173,0.2406
n16_graph2,16,0.5,0.2,4,100,58,3000,179800,10.990222,0.1936
n16_graph2,16,0.5,0.2,4,300,58,3000,191400,11.559755,0.2071
n16_graph2,16,0.5,0.2,4,1000,58,3000,232000,11.686201,0.2596
n16_graph2,16,0.5,0.2,4,3000,58,3000,348000,11.802207,0.4062
n16_graph2,16,0.5,0.2,4,10000,58,3000,754000,11.877758,0.9289
n16_graph2,16,0.5,0.2,20,100,289,3000,895900,11.675175,0.9602
n16_graph2,16,0.5,0.2,20,300,289,3000,953700,11.595278,1.0320
n16_graph2,16,0.5,0.2,20,1000,289,3000,1156000,11.675618,1.2936
n16_graph2,16,0.5,0.2,20,3000,289,3000,1734000,11.743348,2.0950
n16_graph2,16,0.5,0.2,20,10000,289,3000,3757000,11.737451,4.6346
n16_graph2,16,0.5,0.3,1,100,14,3000,43400,12.937894,0.0474
n16_graph2,16,0.5,0.3,1,300,14,3000,46200,13.148056,0.0511
n16_graph2,16,0.5,0.3,1,1000,14,3000,56000,11.868847,0.0635
n16_graph2,16,0.5,0.3,1,3000,14,3000,84000,12.634583,0.0995
n16_graph2,16,0.5,0.3,1,10000,14,3000,182000,12.722640,0.2270
n16_graph2,16,0.5,0.3,4,100,55,3000,170500,12.952170,0.1869
n16_graph2,16,0.5,0.3,4,300,55,3000,181500,12.757605,0.1998
n16_graph2,16,0.5,0.3,4,1000,55,3000,220000,12.691733,0.2499
n16_graph2,16,0.5,0.3,4,3000,55,3000,330000,12.683798,0.3918
n16_graph2,16,0.5,0.3,4,10000,55,3000,715000,12.732560,0.8944
n16_graph2,16,0.5,0.3,20,100,273,3000,846300,12.750466,0.9236
n16_graph2,16,0.5,0.3,20,300,273,3000,900900,12.723104,0.9915
n16_graph2,16,0.5,0.3,20,1000,273,3000,1092000,12.769706,1.2380
n16_graph2,16,0.5,0.3,20,3000,273,3000,1638000,12.747244,1.9540
n16_graph2,16,0.5,0.3,20,10000,273,3000,3549000,12.718961,4.5448
n16_graph2,16,0.5,0.5,1,100,13,3000,40300,16.432488,0.0448
n16_graph2,16,0.5,0.5,1,300,13,3000,42900,17.064569,0.0475
n16_graph2,16,0.5,0.5,1,1000,13,3000,52000,16.921504,0.0613
n16_graph2,16,0.5,0.5,1,3000,13,3000,78000,16.900928,0.0947
n16_graph2,16,0.5,0.5,1,10000,13,3000,169000,16.755369,0.2141
n16_graph2,16,0.5,0.5,4,100,49,3000,151900,16.096793,0.1677
n16_graph2,16,0.5,0.5,4,300,49,3000,161700,16.398328,0.1810
n16_graph2,16,0.5,0.5,4,1000,49,3000,196000,16.809051,0.2328
n16_graph2,16,0.5,0.5,4,3000,49,3000,294000,16.689033,0.3579
n16_graph2,16,0.5,0.5,4,10000,49,3000,637000,16.788194,0.8179
n16_graph2,16,0.5,0.5,20,100,242,3000,750200,16.695931,0.8362
n16_graph2,16,0.5,0.5,20,300,242,3000,798600,16.709694,0.8988
n16_graph2,16,0.5,0.5,20,1000,242,3000,968000,16.741343,1.1285
n16_graph2,16,0.5,0.5,20,3000,242,3000,1452000,16.710113,1.7635
n16_graph2,16,0.5,0.5,20,10000,242,3000,3146000,16.762120,4.0144
n16_graph2,16,0.5,0.8,1,100,10,3000,31000,25.433846,0.0351
n16_graph2,16,0.5,0.8,1,300,10,3000,33000,25.833177,0.0377
n16_graph2,16,0.5,0.8,1,1000,10,3000,40000,25.706938,0.0475
n16_graph2,16,0.5,0.8,1,3000,10,3000,60000,25.665847,0.0754
n16_graph2,16,0.5,0.8,1,10000,10,3000,130000,25.694837,0.1689
n16_graph2,16,0.5,0.8,4,100,40,3000,124000,25.709171,0.1408
n16_graph2,16,0.5,0.8,4,300,40,3000,132000,25.578442,0.1509
n16_graph2,16,0.5,0.8,4,1000,40,3000,160000,25.719738,0.1898
n16_graph2,16,0.5,0.8,4,3000,40,3000,240000,25.691246,0.2981
n16_graph2,16,0.5,0.8,4,10000,40,3000,520000,25.707154,0.6833
n16_graph2,16,0.5,0.8,20,100,199,3000,616900,25.739368,0.7009
n16_graph2,16,0.5,0.8,20,300,199,3000,656700,25.684539,0.7533
n16_graph2,16,0.5,0.8,20,1000,199,3000,796000,25.650164,1.0247
n16_graph2,16,0.5,0.8,20,3000,199,3000,1194000,25.678306,1.4799
n16_graph2,16,0.5,0.8,20,10000,199,3000,2587000,25.677640,3.3469
n16_graph2,16,0.5,1.0,1,100,9,3000,27900,31.808168,0.0316
n16_graph2,16,0.5,1.0,1,300,9,3000,29700,31.994627,0.0345
n16_graph2,16,0.5,1.0,1,1000,9,3000,36000,31.970793,0.0440
n16_graph2,16,0.5,1.0,1,3000,9,3000,54000,32.068802,0.0675
n16_graph2,16,0.5,1.0,1,10000,9,3000,117000,31.990725,0.1533
n16_graph2,16,0.5,1.0,4,100,35,3000,108500,31.965196,0.1237
n16_graph2,16,0.5,1.0,4,300,35,3000,115500,32.011968,0.1343
n16_graph2,16,0.5,1.0,4,1000,35,3000,140000,32.006677,0.1676
n16_graph2,16,0.5,1.0,4,3000,35,3000,210000,32.043116,0.2639
n16_graph2,16,0.5,1.0,4,10000,35,3000,455000,32.011388,0.5949
n16_graph2,16,0.5,1.0,20,100,173,3000,536300,31.965400,0.6102
n16_graph2,16,0.5,1.0,20,300,173,3000,570900,31.982943,0.6533
n16_graph2,16,0.5,1.0,20,1000,173,3000,692000,32.024606,0.8199
n16_graph2,16,0.5,1.0,20,3000,173,3000,1038000,32.020904,1.2862
n16_graph2,16,0.5,1.0,20,10000,173,3000,2249000,32.016176,2.9368
n16_graph2,16,0.5,1.3,1,100,7,3000,21700,41.647681,0.0251
n16_graph2,16,0.5,1.3,1,300,7,3000,23100,41.654197,0.0272
n16_graph2,16,0.5,1.3,1,1000,7,3000,28000,41.616609,0.0338
n16_graph2,16,0.5,1.3,1,3000,7,3000,42000,41.558853,0.0529
n16_graph2,16,0.5,1.3,1,10000,7,3000,91000,41.614916,0.1201
n16_graph2,16,0.5,1.3,4,100,28,3000,86800,41.599154,0.0999
n16_graph2,16,0.5,1.3,4,300,28,3000,92400,41.661626,0.1076
n16_graph2,16,0.5,1.3,4,1000,28,3000,112000,41.615880,0.1342
n16_graph2,16,0.5,1.3,4,3000,28,3000,168000,41.564277,0.2100
n16_graph2,16,0.5,1.3,4,10000,28,3000,364000,41.608159,0.4792
n16_graph2,16,0.5,1.3,20,100,138,3000,427800,41.627301,0.4994
n16_graph2,16,0.5,1.3,20,300,138,3000,455400,41.587914,0.5528
n16_graph2,16,0.5,1.3,20,1000,138,3000,552000,41.616709,0.6869
n16_graph2,16,0.5,1.3,20,3000,138,3000,828000,41.611316,1.0971
n16_graph2,16,0.5,1.3,20,10000,138,3000,1794000,41.600379,2.4352
n16_graph2,16,0.5,1.8,1,100,5,3000,15500,57.544062,0.0179
n16_graph2,16,0.5,1.8,1,300,5,3000,16500,57.573947,0.0193
n16_graph2,16,0.5,1.8,1,1000,5,3000,20000,57.608699,0.0245
n16_graph2,16,0.5,1.8,1,3000,5,3000,30000,57.617067,0.0395
n16_graph2,16,0.5,1.8,1,10000,5,3000,65000,57.613516,0.0870
n16_graph2,16,0.5,1.8,4,100,19,3000,58900,57.473858,0.0711
n16_graph2,16,0.5,1.8,4,300,19,3000,62700,57.624650,0.0742
n16_graph2,16,0.5,1.8,4,1000,19,3000,76000,57.612105,0.0942
n16_graph2,16,0.5,1.8,4,3000,19,3000,114000,57.589435,0.1430
n16_graph2,16,0.5,1.8,4,10000,19,3000,247000,57.606127,0.3331
n16_graph2,16,0.5,1.8,20,100,91,3000,282100,57.603611,0.3329
n16_graph2,16,0.5,1.8,20,300,91,3000,300300,57.584248,0.3669
n16_graph2,16,0.5,1.8,20,1000,91,3000,364000,57.613664,0.4508
n16_graph2,16,0.5,1.8,20,3000,91,3000,546000,57.598181,0.6974
n16_graph2,16,0.5,1.8,20,10000,91,3000,1183000,57.597924,1.5878
n16_graph2,16,0.5,2.5,1,100,3,3000,9300,79.937574,0.0115
n16_graph2,16,0.5,2.5,1,300,3,3000,9900,79.981264,0.0120
n16_graph2,16,0.5,2.5,1,1000,3,3000,12000,79.995704,0.0153
n16_graph2,16,0.5,2.5,1,3000,3,3000,18000,80.005263,0.0226
n16_graph2,16,0.5,2.5,1,10000,3,3000,39000,79.997802,0.0510
n16_graph2,16,0.5,2.5,4,100,10,3000,31000,79.995893,0.0359
n16_graph2,16,0.5,2.5,4,300,10,3000,33000,79.989516,0.0390
n16_graph2,16,0.5,2.5,4,1000,10,3000,40000,80.002906,0.0481
n16_graph2,16,0.5,2.5,4,3000,10,3000,60000,80.011956,0.0766
n16_graph2,16,0.5,2.5,4,10000,10,3000,130000,79.997612,0.1769
n16_graph2,16,0.5,2.5,20,100,49,3000,151900,80.001638,0.1820
n16_graph2,16,0.5,2.5,20,300,49,3000,161700,79.968356,0.1941
n16_graph2,16,0.5,2.5,20,1000,49,3000,196000,80.000111,0.2428
n16_graph2,16,0.5,2.5,20,3000,49,3000,294000,80.000552,0.3873
n16_graph2,16,0.5,2.5,20,10000,49,3000,637000,79.996828,0.8687
n16_graph2,16,0.5,5.0,1,100,1,3000,3100,159.995323,0.0036
n16_graph2,16,0.5,5.0,1,300,1,3000,3300,160.003632,0.0038
n16_graph2,16,0.5,5.0,1,1000,1,3000,4000,160.001374,0.0047
n16_graph2,16,0.5,5.0,1,3000,1,3000,6000,160.001378,0.0075
n16_graph2,16,0.5,5.0,1,10000,1,3000,13000,160.001797,0.0173
n16_graph2,16,0.5,5.0,4,100,1,3000,3100,160.001449,0.0037
n16_graph2,16,0.5,5.0,4,300,1,3000,3300,159.997201,0.0040
n16_graph2,16,0.5,5.0,4,1000,1,3000,4000,160.000876,0.0049
n16_graph2,16,0.5,5.0,4,3000,1,3000,6000,160.000283,0.0077
n16_graph2,16,0.5,5.0,4,10000,1,3000,13000,160.001388,0.0179
n16_graph2,16,0.5,5.0,20,100,5,3000,15500,160.002328,0.0185
n16_graph2,16,0.5,5.0,20,300,5,3000,16500,159.998987,0.0202
n16_graph2,16,0.5,5.0,20,1000,5,3000,20000,159.999747,0.0253
n16_graph2,16,0.5,5.0,20,3000,5,3000,30000,159.999977,0.0386
n16_graph2,16,0.5,5.0,20,10000,5,3000,65000,160.000997,0.0894
n16_graph2,16,1.0,0.1,1,100,15,3000,46500,11.359683,0.0518
n16_graph2,16,1.0,0.1,1,300,15,3000,49500,11.445424,0.0534
n16_graph2,16,1.0,0.1,1,1000,15,3000,60000,10.981831,0.0701
n16_graph2,16,1.0,0.1,1,3000,15,3000,90000,11.338986,0.1074
n16_graph2,16,1.0,0.1,1,10000,15,3000,195000,11.389068,0.2413
n16_graph2,16,1.0,0.1,4,100,58,3000,179800,11.486500,0.1973
n16_graph2,16,1.0,0.1,4,300,58,3000,191400,11.499008,0.2093
n16_graph2,16,1.0,0.1,4,1000,58,3000,232000,11.276164,0.2662
n16_graph2,16,1.0,0.1,4,3000,58,3000,348000,11.366259,0.4160
n16_graph2,16,1.0,0.1,4,10000,58,3000,754000,11.366952,0.9439
n16_graph2,16,1.0,0.1,20,100,289,3000,895900,11.430137,0.9671
n16_graph2,16,1.0,0.1,20,300,289,3000,953700,11.353512,1.0512
n16_graph2,16,1.0,0.1,20,1000,289,3000,1156000,11.286045,1.2990
n16_graph2,16,1.0,0.1,20,3000,289,3000,1734000,11.314738,2.0549
n16_graph2,16,1.0,0.1,20,10000,289,3000,3757000,11.315029,4.6760
n16_graph2,16,1.0,0.2,1,100,13,3000,40300,12.298838,0.0455
n16_graph2,16,1.0,0.2,1,300,13,3000,42900,11.850289,0.0492
n16_graph2,16,1.0,0.2,1,1000,13,3000,52000,12.034774,0.0620
n16_graph2,16,1.0,0.2,1,3000,13,3000,78000,12.194864,0.0949
n16_graph2,16,1.0,0.2,1,10000,13,3000,169000,12.232023,0.2149
n16_graph2,16,1.0,0.2,4,100,52,3000,161200,11.603328,0.1786
n16_graph2,16,1.0,0.2,4,300,52,3000,171600,11.976601,0.1915
n16_graph2,16,1.0,0.2,4,1000,52,3000,208000,12.196510,0.2546
n16_graph2,16,1.0,0.2,4,3000,52,3000,312000,12.097256,0.3742
n16_graph2,16,1.0,0.2,4,10000,52,3000,676000,12.217427,0.9128
n16_graph2,16,1.0,0.2,20,100,257,3000,796700,12.185029,0.8771
n16_graph2,16,1.0,0.2,20,300,257,3000,848100,12.259784,0.9800
n16_graph2,16,1.0,0.2,20,1000,257,3000,1028000,12.242322,1.3508
n16_graph2,16,1.0,0.2,20,3000,257,3000,1542000,12.128334,2.0109
n16_graph2,16,1.0,0.2,20,10000,257,3000,3341000,12.172915,4.5302
n16_graph2,16,1.0,0.3,1,100,12,3000,37200,13.361585,0.0457
n16_graph2,16,1.0,0.3,1,300,12,3000,39600,13.656472,0.0479
n16_graph2,16,1.0,0.3,1,1000,12,3000,48000,13.951060,0.0633
n16_graph2,16,1.0,0.3,1,3000,12,3000,72000,14.008048,0.0992
n16_graph2,16,1.0,0.3,1,10000,12,3000,156000,13.990089,0.2165
n16_graph2,16,1.0,0.3,4,100,46,3000,142600,13.931801,0.1651
n16_graph2,16,1.0,0.3,4,300,46,3000,151800,14.100292,0.1874
n16_graph2,16,1.0,0.3,4,1000,46,3000,184000,14.085202,0.2315
n16_graph2,16,1.0,0.3,4,3000,46,3000,276000,14.061152,0.3502
n16_graph2,16,1.0,0.3,4,10000,46,3000,598000,14.051597,0.7850
n16_graph2,16,1.0,0.3,20,100,227,3000,703700,14.180031,0.8758
n16_graph2,16,1.0,0.3,20,300,227,3000,749100,13.935389,1.0247
n16_graph2,16,1.0,0.3,20,1000,227,3000,908000,14.021827,1.1655
n16_graph2,16,1.0,0.3,20,3000,227,3000,1362000,13.996790,1.8481
n16_graph2,16,1.0,0.3,20,10000,227,3000,2951000,14.002958,4.2178
n16_graph2,16,1.0,0.5,1,100,9,3000,27900,20.388203,0.0351
n16_graph2,16,1.0,0.5,1,300,9,3000,29700,20.534693,0.0431
n16_graph2,16,1.0,0.5,1,1000,9,3000,36000,20.328266,0.0494
n16_graph2,16,1.0,0.5,1,3000,9,3000,54000,20.418987,0.1010
n16_graph2,16,1.0,0.5,1,10000,9,3000,117000,20.347364,0.1739
n16_graph2,16,1.0,0.5,4,100,35,3000,108500,20.501118,0.1688
n16_graph2,16,1.0,0.5,4,300,35,3000,115500,20.292716,0.2537
n16_graph2,16,1.0,0.5,4,1000,35,3000,140000,20.387158,0.2182
n16_graph2,16,1.0,0.5,4,3000,35,3000,210000,20.355675,0.3130
n16_graph2,16,1.0,0.5,4,10000,35,3000,455000,20.352986,0.7897
n16_graph2,16,1.0,0.5,20,100,173,3000,536300,20.233608,0.6987
n16_graph2,16,1.0,0.5,20,300,173,3000,570900,20.335198,0.7673
n16_graph2,16,1.0,0.5,20,1000,173,3000,692000,20.344809,1.6358
n16_graph2,16,1.0,0.5,20,3000,173,3000,1038000,20.360090,2.1216
n16_graph2,16,1.0,0.5,20,10000,173,3000,2249000,20.366780,4.3074
n16_graph2,16,1.0,0.8,1,100,6,3000,18600,32.116084,0.0290
n16_graph2,16,1.0,0.8,1,300,6,3000,19800,32.164468,0.0317
n16_graph2,16,1.0,0.8,1,1000,6,3000,24000,32.032313,0.0505
n16_graph2,16,1.0,0.8,1,3000,6,3000,36000,32.021742,0.0673
n16_graph2,16,1.0,0.8,1,10000,6,3000,78000,32.021382,0.1141
n16_graph2,16,1.0,0.8,4,100,22,3000,68200,32.076635,0.0901
n16_graph2,16,1.0,0.8,4,300,22,3000,72600,32.040106,0.0900
n16_graph2,16,1.0,0.8,4,1000,22,3000,88000,31.996101,0.1136
n16_graph2,16,1.0,0.8,4,3000,22,3000,132000,32.037125,0.1810
n16_graph2,16,1.0,0.8,4,10000,22,3000,286000,32.014719,0.4132
n16_graph2,16,1.0,0.8,20,100,108,3000,334800,32.043148,0.4262
n16_graph2,16,1.0,0.8,20,300,108,3000,356400,31.981465,0.4596
n16_graph2,16,1.0,0.8,20,1000,108,3000,432000,32.032637,0.5769
n16_graph2,16,1.0,0.8,20,3000,108,3000,648000,32.029092,0.8774
n16_graph2,16,1.0,0.8,20,10000,108,3000,1404000,32.038886,2.0324
n16_graph2,16,1.0,1.0,1,100,4,3000,12400,39.984925,0.0157
n16_graph2,16,1.0,1.0,1,300,4,3000,13200,40.011966,0.0164
n16_graph2,16,1.0,1.0,1,1000,4,3000,16000,40.023268,0.0208
n16_graph2,16,1.0,1.0,1,3000,4,3000,24000,39.955190,0.0321
n16_graph2,16,1.0,1.0,1,10000,4,3000,52000,40.003554,0.0764
n16_graph2,16,1.0,1.0,4,100,16,3000,49600,39.908753,0.0614
n16_graph2,16,1.0,1.0,4,300,16,3000,52800,39.990737,0.0673
n16_graph2,16,1.0,1.0,4,1000,16,3000,64000,39.994214,0.0848
n16_graph2,16,1.0,1.0,4,3000,16,3000,96000,40.011957,0.1282
n16_graph2,16,1.0,1.0,4,10000,16,3000,208000,40.003247,0.2943
n16_graph2,16,1.0,1.0,20,100,77,3000,238700,40.012602,0.2973
n16_graph2,16,1.0,1.0,20,300,77,3000,254100,40.028625,0.3313
n16_graph2,16,1.0,1.0,20,1000,77,3000,308000,39.999229,0.4127
n16_graph2,16,1.0,1.0,20,3000,77,3000,462000,40.004394,0.6268
n16_graph2,16,1.0,1.0,20,10000,77,3000,1001000,40.007034,1.4450
n16_graph2,16,1.0,1.3,1,100,3,3000,9300,51.912040,0.0130
n16_graph2,16,1.0,1.3,1,300,3,3000,9900,52.042425,0.0129
n16_graph2,16,1.0,1.3,1,1000,3,3000,12000,51.961702,0.0161
n16_graph2,16,1.0,1.3,1,3000,3,3000,18000,52.027272,0.0252
n16_graph2,16,1.0,1.3,1,10000,3,3000,39000,52.006386,0.0569
n16_graph2,16,1.0,1.3,4,100,9,3000,27900,51.998555,0.0380
n16_graph2,16,1.0,1.3,4,300,9,3000,29700,51.975464,0.0414
n16_graph2,16,1.0,1.3,4,1000,9,3000,36000,52.000273,0.0472
n16_graph2,16,1.0,1.3,4,3000,9,3000,54000,52.005385,0.0732
n16_graph2,16,1.0,1.3,4,10000,9,3000,117000,52.000139,0.1745
n16_graph2,16,1.0,1.3,20,100,45,3000,139500,52.001206,0.1803
n16_graph2,16,1.0,1.3,20,300,45,3000,148500,51.998475,0.1880
n16_graph2,16,1.0,1.3,20,1000,45,3000,180000,51.989421,0.2539
n16_graph2,16,1.0,1.3,20,3000,45,3000,270000,52.000970,0.3844
n16_graph2,16,1.0,1.3,20,10000,45,3000,585000,52.000149,1.0702
n16_graph2,16,1.0,1.8,1,100,1,3000,3100,71.979557,0.0075
n16_graph2,16,1.0,1.8,1,300,1,3000,3300,71.991497,0.0049
n16_graph2,16,1.0,1.8,1,1000,1,3000,4000,72.018590,0.0061
n16_graph2,16,1.0,1.8,1,3000,1,3000,6000,72.012026,0.0086
n16_graph2,16,1.0,1.8,1,10000,1,3000,13000,71.996929,0.0199
n16_graph2,16,1.0,1.8,4,100,4,3000,12400,72.005340,0.0340
n16_graph2,16,1.0,1.8,4,300,4,3000,13200,72.012593,0.0194
n16_graph2,16,1.0,1.8,4,1000,4,3000,16000,71.987212,0.0260
n16_graph2,16,1.0,1.8,4,3000,4,3000,24000,71.998236,0.0424
n16_graph2,16,1.0,1.8,4,10000,4,3000,52000,72.001356,0.0821
n16_graph2,16,1.0,1.8,20,100,18,3000,55800,71.993385,0.0768
n16_graph2,16,1.0,1.8,20,300,18,3000,59400,72.002796,0.0842
n16_graph2,16,1.0,1.8,20,1000,18,3000,72000,71.996471,0.1096
n16_graph2,16,1.0,1.8,20,3000,18,3000,108000,72.002344,0.1623
n16_graph2,16,1.0,1.8,20,10000,18,3000,234000,71.996702,0.3469
n16_graph2,16,1.0,2.5,1,100,1,3000,3100,99.985828,0.0037
n16_graph2,16,1.0,2.5,1,300,1,3000,3300,99.998346,0.0039
n16_graph2,16,1.0,2.5,1,1000,1,3000,4000,100.000760,0.0058
n16_graph2,16,1.0,2.5,1,3000,1,3000,6000,100.000820,0.0083
n16_graph2,16,1.0,2.5,1,10000,1,3000,13000,99.998517,0.0205
n16_graph2,16,1.0,2.5,4,100,1,3000,3100,100.018291,0.0050
n16_graph2,16,1.0,2.5,4,300,1,3000,3300,100.009029,0.0046
n16_graph2,16,1.0,2.5,4,1000,1,3000,4000,99.999484,0.0069
n16_graph2,16,1.0,2.5,4,3000,1,3000,6000,100.005022,0.0078
n16_graph2,16,1.0,2.5,4,10000,1,3000,13000,99.999424,0.0202
n16_graph2,16,1.0,2.5,20,100,5,3000,15500,99.996224,0.0222
n16_graph2,16,1.0,2.5,20,300,5,3000,16500,99.999109,0.0220
n16_graph2,16,1.0,2.5,20,1000,5,3000,20000,100.000775,0.0269
n16_graph2,16,1.0,2.5,20,3000,5,3000,30000,99.999740,0.0413
n16_graph2,16,1.0,2.5,20,10000,5,3000,65000,99.999602,0.0992
n16_graph2,16,1.0,5.0,1,100,1,3000,3100,200.000015,0.0044
n16_graph2,16,1.0,5.0,1,300,1,3000,3300,200.000012,0.0043
n16_graph2,16,1.0,5.0,1,1000,1,3000,4000,200.000008,0.0049
n16_graph2,16,1.0,5.0,1,3000,1,3000,6000,200.000008,0.0092
n16_graph2,16,1.0,5.0,1,10000,1,3000,13000,200.000002,0.0191
n16_graph2,16,1.0,5.0,4,100,1,3000,3100,200.000038,0.0050
n16_graph2,16,1.0,5.0,4,300,1,3000,3300,200.000038,0.0044
n16_graph2,16,1.0,5.0,4,1000,1,3000,4000,199.999983,0.0063
n16_graph2,16,1.0,5.0,4,3000,1,3000,6000,199.999982,0.0095
n16_graph2,16,1.0,5.0,4,10000,1,3000,13000,199.999989,0.0207
n16_graph2,16,1.0,5.0,20,100,1,3000,3100,199.999969,0.0039
n16_graph2,16,1.0,5.0,20,300,1,3000,3300,199.999995,0.0048
n16_graph2,16,1.0,5.0,20,1000,1,3000,4000,200.000025,0.0051
n16_graph2,16,1.0,5.0,20,3000,1,3000,6000,199.999988,0.0093
n16_graph2,16,1.0,5.0,20,10000,1,3000,13000,200.000011,0.0229
n16_graph3,16,0.0,0.1,1,100,16,3000,49600,11.024241,0.0609
n16_graph3,16,0.0,0.1,1,300,16,3000,52800,11.441532,0.0811
n16_graph3,16,0.0,0.1,1,1000,16,3000,64000,11.440506,0.0806
n16_graph3,16,0.0,0.1,1,3000,16,3000,96000,11.406186,0.1284
n16_graph3,16,0.0,0.1,1,10000,16,3000,208000,11.400376,0.2721
n16_graph3,16,0.0,0.1,4,100,64,3000,198400,10.994349,0.2327
n16_graph3,16,0.0,0.1,4,300,64,3000,211200,11.115621,0.2498
n16_graph3,16,0.0,0.1,4,1000,64,3000,256000,11.315190,0.3100
n16_graph3,16,0.0,0.1,4,3000,64,3000,384000,11.141258,0.4787
n16_graph3,16,0.0,0.1,4,10000,64,3000,832000,11.253929,1.0958
n16_graph3,16,0.0,0.1,20,100,320,3000,992000,11.126703,1.1773
n16_graph3,16,0.0,0.1,20,300,320,3000,1056000,11.326043,1.2660
n16_graph3,16,0.0,0.1,20,1000,320,3000,1280000,11.261544,1.5402
n16_graph3,16,0.0,0.1,20,3000,320,3000,1920000,11.268288,2.4259
n16_graph3,16,0.0,0.1,20,10000,320,3000,4160000,11.223749,5.3793
n16_graph3,16,0.0,0.2,1,100,16,3000,49600,12.117482,0.0566
n16_graph3,16,0.0,0.2,1,300,16,3000,52800,11.606689,0.0615
n16_graph3,16,0.0,0.2,1,1000,16,3000,64000,11.604344,0.0748
n16_graph3,16,0.0,0.2,1,3000,16,3000,96000,11.283625,0.1174
n16_graph3,16,0.0,0.2,1,10000,16,3000,208000,11.435229,0.2715
n16_graph3,16,0.0,0.2,4,100,64,3000,198400,11.279867,0.2215
n16_graph3,16,0.0,0.2,4,300,64,3000,211200,11.917007,0.2418
n16_graph3,16,0.0,0.2,4,1000,64,3000,256000,11.445843,0.3000
n16_graph3,16,0.0,0.2,4,3000,64,3000,384000,11.446190,0.4709
n16_graph3,16,0.0,0.2,4,10000,64,3000,832000,11.561576,1.0684
n16_graph3,16,0.0,0.2,20,100,320,3000,992000,11.666187,1.1138
n16_graph3,16,0.0,0.2,20,300,320,3000,1056000,11.581629,1.1967
n16_graph3,16,0.0,0.2,20,1000,320,3000,1280000,11.635029,1.5064
n16_graph3,16,0.0,0.2,20,3000,320,3000,1920000,11.553761,2.3799
n16_graph3,16,0.0,0.2,20,10000,320,3000,4160000,11.614098,5.4557
n16_graph3,16,0.0,0.3,1,100,16,3000,49600,9.794399,0.0553
n16_graph3,16,0.0,0.3,1,300,16,3000,52800,12.400164,0.0599
n16_graph3,16,0.0,0.3,1,1000,16,3000,64000,12.179052,0.0741
n16_graph3,16,0.0,0.3,1,3000,16,3000,96000,12.024294,0.1190
n16_graph3,16,0.0,0.3,1,10000,16,3000,208000,12.354005,0.2871
n16_graph3,16,0.0,0.3,4,100,64,3000,198400,12.054977,0.2261
n16_graph3,16,0.0,0.3,4,300,64,3000,211200,11.907550,0.2446
n16_graph3,16,0.0,0.3,4,1000,64,3000,256000,12.326615,0.2980
n16_graph3,16,0.0,0.3,4,3000,64,3000,384000,12.202168,0.4748
n16_graph3,16,0.0,0.3,4,10000,64,3000,832000,12.304491,1.0849
n16_graph3,16,0.0,0.3,20,100,320,3000,992000,12.349779,1.1180
n16_graph3,16,0.0,0.3,20,300,320,3000,1056000,12.240933,1.2139
n16_graph3,16,0.0,0.3,20,1000,320,3000,1280000,12.281267,1.5079
n16_graph3,16,0.0,0.3,20,3000,320,3000,1920000,12.099334,2.4576
n16_graph3,16,0.0,0.3,20,10000,320,3000,4160000,12.178259,5.6738
n16_graph3,16,0.0,0.5,1,100,16,3000,49600,12.973202,0.0574
n16_graph3,16,0.0,0.5,1,300,16,3000,52800,13.897024,0.0615
n16_graph3,16,0.0,0.5,1,1000,16,3000,64000,14.632742,0.0758
n16_graph3,16,0.0,0.5,1,3000,16,3000,96000,14.340761,0.1232
n16_graph3,16,0.0,0.5,1,10000,16,3000,208000,14.036146,0.2868
n16_graph3,16,0.0,0.5,4,100,64,3000,198400,14.837155,0.2378
n16_graph3,16,0.0,0.5,4,300,64,3000,211200,14.228299,0.2554
n16_graph3,16,0.0,0.5,4,1000,64,3000,256000,14.294548,0.3091
n16_graph3,16,0.0,0.5,4,3000,64,3000,384000,14.637315,0.5002
n16_graph3,16,0.0,0.5,4,10000,64,3000,832000,14.427574,1.1546
n16_graph3,16,0.0,0.5,20,100,320,3000,992000,14.798664,1.2884
n16_graph3,16,0.0,0.5,20,300,320,3000,1056000,14.376146,1.3148
n16_graph3,16,0.0,0.5,20,1000,320,3000,1280000,14.399055,1.6858
n16_graph3,16,0.0,0.5,20,3000,320,3000,1920000,14.581780,2.4783
n16_graph3,16,0.0,0.5,20,10000,320,3000,4160000,14.414954,6.1123
n16_graph3,16,0.0,0.8,1,100,16,3000,49600,18.803514,0.0622
n16_graph3,16,0.0,0.8,1,300,16,3000,52800,18.995491,0.0673
n16_graph3,16,0.0,0.8,1,1000,16,3000,64000,20.121446,0.0835
n16_graph3,16,0.0,0.8,1,3000,16,3000,96000,19.689118,0.1297
n16_graph3,16,0.0,0.8,1,10000,16,3000,208000,20.280381,0.3021
n16_graph3,16,0.0,0.8,4,100,64,3000,198400,20.148018,0.2593
n16_graph3,16,0.0,0.8,4,300,64,3000,211200,18.828134,0.3008
n16_graph3,16,0.0,0.8,4,1000,64,3000,256000,20.317258,0.3325
n16_graph3,16,0.0,0.8,4,3000,64,3000,384000,19.545580,0.5337
n16_graph3,16,0.0,0.8,4,10000,64,3000,832000,20.266268,1.1993
n16_graph3,16,0.0,0.8,20,100,320,3000,992000,20.387978,1.2755
n16_graph3,16,0.0,0.8,20,300,320,3000,1056000,20.436846,1.2991
n16_graph3,16,0.0,0.8,20,1000,320,3000,1280000,20.123915,1.6963
n16_graph3,16,0.0,0.8,20,3000,320,3000,1920000,20.351007,2.5501
n16_graph3,16,0.0,0.8,20,10000,320,3000,4160000,20.194270,6.1905
n16_graph3,16,0.0,1.0,1,100,16,3000,49600,25.470886,0.0613
n16_graph3,16,0.0,1.0,1,300,16,3000,52800,24.338103,0.0671
n16_graph3,16,0.0,1.0,1,1000,16,3000,64000,24.688617,0.0872
n16_graph3,16,0.0,1.0,1,3000,16,3000,96000,24.632671,0.1392
n16_graph3,16,0.0,1.0,1,10000,16,3000,208000,24.655007,0.3038
n16_graph3,16,0.0,1.0,4,100,64,3000,198400,22.960401,0.2666
n16_graph3,16,0.0,1.0,4,300,64,3000,211200,23.450637,0.2640
n16_graph3,16,0.0,1.0,4,1000,64,3000,256000,24.256561,0.3520
n16_graph3,16,0.0,1.0,4,3000,64,3000,384000,24.578313,0.5318
n16_graph3,16,0.0,1.0,4,10000,64,3000,832000,24.912552,1.1999
n16_graph3,16,0.0,1.0,20,100,320,3000,992000,24.297705,1.2639
n16_graph3,16,0.0,1.0,20,300,320,3000,1056000,24.923999,1.3460
n16_graph3,16,0.0,1.0,20,1000,320,3000,1280000,24.771956,1.6771
n16_graph3,16,0.0,1.0,20,3000,320,3000,1920000,24.708668,2.6827
n16_graph3,16,0.0,1.0,20,10000,320,3000,4160000,24.799409,6.5028
n16_graph3,16,0.0,1.3,1,100,16,3000,49600,nan,0.0686
n16_graph3,16,0.0,1.3,1,300,16,3000,52800,30.927423,0.0876
n16_graph3,16,0.0,1.3,1,1000,16,3000,64000,30.342742,0.0979
n16_graph3,16,0.0,1.3,1,3000,16,3000,96000,31.491739,0.1465
n16_graph3,16,0.0,1.3,1,10000,16,3000,208000,31.562229,0.3154
n16_graph3,16,0.0,1.3,4,100,64,3000,198400,30.987101,0.2765
n16_graph3,16,0.0,1.3,4,300,64,3000,211200,30.589652,0.2887
n16_graph3,16,0.0,1.3,4,1000,64,3000,256000,32.338355,0.3549
n16_graph3,16,0.0,1.3,4,3000,64,3000,384000,31.969939,0.5438
n16_graph3,16,0.0,1.3,4,10000,64,3000,832000,31.980361,1.2921
n16_graph3,16,0.0,1.3,20,100,320,3000,992000,32.394274,1.4054
n16_graph3,16,0.0,1.3,20,300,320,3000,1056000,32.377147,1.4394
n16_graph3,16,0.0,1.3,20,1000,320,3000,1280000,32.079719,1.8542
n16_graph3,16,0.0,1.3,20,3000,320,3000,1920000,31.801775,2.9360
n16_graph3,16,0.0,1.3,20,10000,320,3000,4160000,31.956540,6.5409
n16_graph3,16,0.0,1.8,1,100,16,3000,49600,44.286762,0.0676
n16_graph3,16,0.0,1.8,1,300,16,3000,52800,nan,0.0688
n16_graph3,16,0.0,1.8,1,1000,16,3000,64000,43.144655,0.0887
n16_graph3,16,0.0,1.8,1,3000,16,3000,96000,42.999238,0.1394
n16_graph3,16,0.0,1.8,1,10000,16,3000,208000,43.638308,0.3145
n16_graph3,16,0.0,1.8,4,100,64,3000,198400,44.746739,0.2752
n16_graph3,16,0.0,1.8,4,300,64,3000,211200,42.719269,0.2941
n16_graph3,16,0.0,1.8,4,1000,64,3000,256000,43.967320,0.3863
n16_graph3,16,0.0,1.8,4,3000,64,3000,384000,44.185676,0.6146
n16_graph3,16,0.0,1.8,4,10000,64,3000,832000,44.089058,1.3089
n16_graph3,16,0.0,1.8,20,100,320,3000,992000,43.707296,1.4118
n16_graph3,16,0.0,1.8,20,300,320,3000,1056000,43.676497,1.4644
n16_graph3,16,0.0,1.8,20,1000,320,3000,1280000,43.993761,1.7769
n16_graph3,16,0.0,1.8,20,3000,320,3000,1920000,43.868390,2.8734
n16_graph3,16,0.0,1.8,20,10000,320,3000,4160000,43.996134,6.5466
n16_graph3,16,0.0,2.5,1,100,16,3000,49600,nan,0.0654
n16_graph3,16,0.0,2.5,1,300,16,3000,52800,58.501458,0.0693
n16_graph3,16,0.0,2.5,1,1000,16,3000,64000,60.037373,0.0853
n16_graph3,16,0.0,2.5,1,3000,16,3000,96000,61.121327,0.1386
n16_graph3,16,0.0,2.5,1,10000,16,3000,208000,60.947382,0.3195
n16_graph3,16,0.0,2.5,4,100,64,3000,198400,60.182419,0.2725
n16_graph3,16,0.0,2.5,4,300,64,3000,211200,60.192428,0.2834
n16_graph3,16,0.0,2.5,4,1000,64,3000,256000,60.635309,0.3527
n16_graph3,16,0.0,2.5,4,3000,64,3000,384000,61.006675,0.5881
n16_graph3,16,0.0,2.5,4,10000,64,3000,832000,60.569356,1.2650
n16_graph3,16,0.0,2.5,20,100,320,3000,992000,60.252360,1.2810
n16_graph3,16,0.0,2.5,20,300,320,3000,1056000,60.449906,1.4176
n16_graph3,16,0.0,2.5,20,1000,320,3000,1280000,60.683717,1.8413
n16_graph3,16,0.0,2.5,20,3000,320,3000,1920000,60.738243,2.9390
n16_graph3,16,0.0,2.5,20,10000,320,3000,4160000,60.707359,7.2943
n16_graph3,16,0.0,5.0,1,100,16,3000,49600,119.521802,0.0959
n16_graph3,16,0.0,5.0,1,300,16,3000,52800,nan,0.1084
n16_graph3,16,0.0,5.0,1,1000,16,3000,64000,120.352022,0.1134
n16_graph3,16,0.0,5.0,1,3000,16,3000,96000,119.611168,0.1754
n16_graph3,16,0.0,5.0,1,10000,16,3000,208000,120.756321,0.3944
n16_graph3,16,0.0,5.0,4,100,64,3000,198400,120.496798,0.3667
n16_graph3,16,0.0,5.0,4,300,64,3000,211200,120.259173,0.3297
n16_graph3,16,0.0,5.0,4,1000,64,3000,256000,120.777737,0.4091
n16_graph3,16,0.0,5.0,4,3000,64,3000,384000,120.488551,0.6751
n16_graph3,16,0.0,5.0,4,10000,64,3000,832000,120.714567,1.4813
n16_graph3,16,0.0,5.0,20,100,320,3000,992000,120.840316,1.5949
n16_graph3,16,0.0,5.0,20,300,320,3000,1056000,120.887799,1.6755
n16_graph3,16,0.0,5.0,20,1000,320,3000,1280000,120.751565,2.0955
n16_graph3,16,0.0,5.0,20,3000,320,3000,1920000,120.697978,3.2556
n16_graph3,16,0.0,5.0,20,10000,320,3000,4160000,120.725444,7.0219
n16_graph3,16,0.1,0.1,1,100,16,3000,49600,10.724827,0.0660
n16_graph3,16,0.1,0.1,1,300,16,3000,52800,11.938527,0.0686
n16_graph3,16,0.1,0.1,1,1000,16,3000,64000,11.443721,0.0905
n16_graph3,16,0.1,0.1,1,3000,16,3000,96000,11.039075,0.1425
n16_graph3,16,0.1,0.1,1,10000,16,3000,208000,11.166213,0.3148
n16_graph3,16,0.1,0.1,4,100,64,3000,198400,11.771666,0.2731
n16_graph3,16,0.1,0.1,4,300,64,3000,211200,10.678168,0.2849
n16_graph3,16,0.1,0.1,4,1000,64,3000,256000,11.126676,0.3679
n16_graph3,16,0.1,0.1,4,3000,64,3000,384000,11.277286,0.5783
n16_graph3,16,0.1,0.1,4,10000,64,3000,832000,11.111745,1.2079
n16_graph3,16,0.1,0.1,20,100,317,3000,982700,11.440705,1.3100
n16_graph3,16,0.1,0.1,20,300,317,3000,1046100,11.252876,1.5324
n16_graph3,16,0.1,0.1,20,1000,317,3000,1268000,11.195955,2.0282
n16_graph3,16,0.1,0.1,20,3000,317,3000,1902000,11.258713,3.0625
n16_graph3,16,0.1,0.1,20,10000,317,3000,4121000,11.205552,6.3385
n16_graph3,16,0.1,0.2,1,100,16,3000,49600,10.159636,0.0629
n16_graph3,16,0.1,0.2,1,300,16,3000,52800,11.293251,0.0687
n16_graph3,16,0.1,0.2,1,1000,16,3000,64000,11.596948,0.0818
n16_graph3,16,0.1,0.2,1,3000,16,3000,96000,11.736269,0.1287
n16_graph3,16,0.1,0.2,1,10000,16,3000,208000,11.616652,0.2966
n16_graph3,16,0.1,0.2,4,100,63,3000,195300,12.316441,0.2430
n16_graph3,16,0.1,0.2,4,300,63,3000,207900,11.322671,0.2624
n16_graph3,16,0.1,0.2,4,1000,63,3000,252000,11.526973,0.3274
n16_graph3,16,0.1,0.2,4,3000,63,3000,378000,11.586064,0.5200
n16_graph3,16,0.1,0.2,4,10000,63,3000,819000,11.557894,1.2814
n16_graph3,16,0.1,0.2,20,100,314,3000,973400,11.700984,1.2647
n16_graph3,16,0.1,0.2,20,300,314,3000,1036200,11.746537,1.3773
n16_graph3,16,0.1,0.2,20,1000,314,3000,1256000,11.506420,1.7887
n16_graph3,16,0.1,0.2,20,3000,314,3000,1884000,11.603759,2.8372
n16_graph3,16,0.1,0.2,20,10000,314,3000,4082000,11.600055,6.4929
n16_graph3,16,0.1,0.3,1,100,16,3000,49600,12.496511,0.0693
n16_graph3,16,0.1,0.3,1,300,16,3000,52800,10.928085,0.0697
n16_graph3,16,0.1,0.3,1,1000,16,3000,64000,11.936158,0.0909
n16_graph3,16,0.1,0.3,1,3000,16,3000,96000,12.410961,0.1403
n16_graph3,16,0.1,0.3,1,10000,16,3000,208000,12.275144,0.3138
n16_graph3,16,0.1,0.3,4,100,63,3000,195300,11.263415,0.2479
n16_graph3,16,0.1,0.3,4,300,63,3000,207900,12.185755,0.2588
n16_graph3,16,0.1,0.3,4,1000,63,3000,252000,12.258762,0.3249
n16_graph3,16,0.1,0.3,4,3000,63,3000,378000,12.260046,0.5218
n16_graph3,16,0.1,0.3,4,10000,63,3000,819000,12.263498,1.2134
n16_graph3,16,0.1,0.3,20,100,311,3000,964100,11.836287,1.2541
n16_graph3,16,0.1,0.3,20,300,311,3000,1026300,12.314521,1.3105
n16_graph3,16,0.1,0.3,20,1000,311,3000,1244000,12.268082,1.6173
n16_graph3,16,0.1,0.3,20,3000,311,3000,1866000,12.257359,2.7205
n16_graph3,16,0.1,0.3,20,10000,311,3000,4043000,12.250795,5.9540
n16_graph3,16,0.1,0.5,1,100,16,3000,49600,13.028647,0.0828
n16_graph3,16,0.1,0.5,1,300,16,3000,52800,14.620150,0.0731
n16_graph3,16,0.1,0.5,1,1000,16,3000,64000,14.604277,0.0841
n16_graph3,16,0.1,0.5,1,3000,16,3000,96000,14.785609,0.1330
n16_graph3,16,0.1,0.5,1,10000,16,3000,208000,14.588449,0.3145
n16_graph3,16,0.1,0.5,4,100,61,3000,189100,14.311050,0.2510
n16_graph3,16,0.1,0.5,4,300,61,3000,201300,14.941347,0.2715
n16_graph3,16,0.1,0.5,4,1000,61,3000,244000,14.998933,0.3370
n16_graph3,16,0.1,0.5,4,3000,61,3000,366000,14.461123,0.5228
n16_graph3,16,0.1,0.5,4,10000,61,3000,793000,14.606919,1.1710
n16_graph3,16,0.1,0.5,20,100,305,3000,945500,14.626204,1.2707
n16_graph3,16,0.1,0.5,20,300,305,3000,1006500,14.702825,1.3299
n16_graph3,16,0.1,0.5,20,1000,305,3000,1220000,14.756740,1.6699
n16_graph3,16,0.1,0.5,20,3000,305,3000,1830000,14.621938,2.6332
n16_graph3,16,0.1,0.5,20,10000,305,3000,3965000,14.591629,5.8244
n16_graph3,16,0.1,0.8,1,100,15,3000,46500,19.615286,0.0586
n16_graph3,16,0.1,0.8,1,300,15,3000,49500,20.754608,0.0653
n16_graph3,16,0.1,0.8,1,1000,15,3000,60000,20.921153,0.0811
n16_graph3,16,0.1,0.8,1,3000,15,3000,90000,20.605130,0.1233
n16_graph3,16,0.1,0.8,1,10000,15,3000,195000,20.874634,0.2817
n16_graph3,16,0.1,0.8,4,100,59,3000,182900,20.986647,0.2297
n16_graph3,16,0.1,0.8,4,300,59,3000,194700,21.032998,0.2529
n16_graph3,16,0.1,0.8,4,1000,59,3000,236000,20.765382,0.3127
n16_graph3,16,0.1,0.8,4,3000,59,3000,354000,20.765219,0.4943
n16_graph3,16,0.1,0.8,4,10000,59,3000,767000,20.822811,1.1184
n16_graph3,16,0.1,0.8,20,100,295,3000,914500,20.567290,1.1471
n16_graph3,16,0.1,0.8,20,300,295,3000,973500,20.751167,1.2198
n16_graph3,16,0.1,0.8,20,1000,295,3000,1180000,20.658369,1.5850
n16_graph3,16,0.1,0.8,20,3000,295,3000,1770000,20.603906,2.5347
n16_graph3,16,0.1,0.8,20,10000,295,3000,3835000,20.748718,5.7532
n16_graph3,16,0.1,1.0,1,100,15,3000,46500,23.647731,0.0611
n16_graph3,16,0.1,1.0,1,300,15,3000,49500,25.472111,0.0648
n16_graph3,16,0.1,1.0,1,1000,15,3000,60000,26.093209,0.0823
n16_graph3,16,0.1,1.0,1,3000,15,3000,90000,25.704696,0.1242
n16_graph3,16,0.1,1.0,1,10000,15,3000,195000,25.655756,0.2867
n16_graph3,16,0.1,1.0,4,100,58,3000,179800,26.052399,0.2347
n16_graph3,16,0.1,1.0,4,300,58,3000,191400,25.788728,0.2468
n16_graph3,16,0.1,1.0,4,1000,58,3000,232000,25.489014,0.3126
n16_graph3,16,0.1,1.0,4,3000,58,3000,348000,25.602025,0.5078
n16_graph3,16,0.1,1.0,4,10000,58,3000,754000,25.669255,1.1572
n16_graph3,16,0.1,1.0,20,100,289,3000,895900,25.478670,1.2423
n16_graph3,16,0.1,1.0,20,300,289,3000,953700,25.777081,1.2647
n16_graph3,16,0.1,1.0,20,1000,289,3000,1156000,25.562328,1.5819
n16_graph3,16,0.1,1.0,20,3000,289,3000,1734000,25.715861,2.5325
n16_graph3,16,0.1,1.0,20,10000,289,3000,3757000,25.677164,5.8131
n16_graph3,16,0.1,1.3,1,100,14,3000,43400,32.499923,0.0555
n16_graph3,16,0.1,1.3,1,300,14,3000,46200,32.767374,0.0590
n16_graph3,16,0.1,1.3,1,1000,14,3000,56000,33.226930,0.0767
n16_graph3,16,0.1,1.3,1,3000,14,3000,84000,33.210207,0.1146
n16_graph3,16,0.1,1.3,1,10000,14,3000,182000,33.374468,0.2641
n16_graph3,16,0.1,1.3,4,100,56,3000,173600,33.192998,0.2183
n16_graph3,16,0.1,1.3,4,300,56,3000,184800,32.868927,0.2351
n16_graph3,16,0.1,1.3,4,1000,56,3000,224000,33.059681,0.2996
n16_graph3,16,0.1,1.3,4,3000,56,3000,336000,33.295147,0.4640
n16_graph3,16,0.1,1.3,4,10000,56,3000,728000,33.272745,1.0463
n16_graph3,16,0.1,1.3,20,100,279,3000,864900,33.166393,1.0845
n16_graph3,16,0.1,1.3,20,300,279,3000,920700,33.263418,1.1917
n16_graph3,16,0.1,1.3,20,1000,279,3000,1116000,33.257431,1.6519
n16_graph3,16,0.1,1.3,20,3000,279,3000,1674000,33.300487,2.3710
n16_graph3,16,0.1,1.3,20,10000,279,3000,3627000,33.292890,5.3645
n16_graph3,16,0.1,1.8,1,100,14,3000,43400,46.204200,0.0596
n16_graph3,16,0.1,1.8,1,300,14,3000,46200,45.651762,0.0641
n16_graph3,16,0.1,1.8,1,1000,14,3000,56000,46.028836,0.0808
n16_graph3,16,0.1,1.8,1,3000,14,3000,84000,45.997783,0.1254
n16_graph3,16,0.1,1.8,1,10000,14,3000,182000,46.171814,0.2842
n16_graph3,16,0.1,1.8,4,100,53,3000,164300,46.281272,0.2252
n16_graph3,16,0.1,1.8,4,300,53,3000,174900,46.205716,0.2382
n16_graph3,16,0.1,1.8,4,1000,53,3000,212000,46.115538,0.2967
n16_graph3,16,0.1,1.8,4,3000,53,3000,318000,46.181544,0.4587
n16_graph3,16,0.1,1.8,4,10000,53,3000,689000,46.136774,1.0538
n16_graph3,16,0.1,1.8,20,100,264,3000,818400,45.856373,1.1172
n16_graph3,16,0.1,1.8,20,300,264,3000,871200,46.128775,1.1944
n16_graph3,16,0.1,1.8,20,1000,264,3000,1056000,46.129147,1.4743
n16_graph3,16,0.1,1.8,20,3000,264,3000,1584000,46.054155,2.2447
n16_graph3,16,0.1,1.8,20,10000,264,3000,3432000,46.069564,5.2639
n16_graph3,16,0.1,2.5,1,100,13,3000,40300,63.226952,0.0530
n16_graph3,16,0.1,2.5,1,300,13,3000,42900,63.988217,0.0566
n16_graph3,16,0.1,2.5,1,1000,13,3000,52000,63.867407,0.0700
n16_graph3,16,0.1,2.5,1,3000,13,3000,78000,63.964473,0.1113
n16_graph3,16,0.1,2.5,1,10000,13,3000,169000,64.007406,0.2631
n16_graph3,16,0.1,2.5,4,100,49,3000,151900,63.843419,0.2009
n16_graph3,16,0.1,2.5,4,300,49,3000,161700,63.849055,0.2129
n16_graph3,16,0.1,2.5,4,1000,49,3000,196000,64.071910,0.2649
n16_graph3,16,0.1,2.5,4,3000,49,3000,294000,64.040390,0.4069
n16_graph3,16,0.1,2.5,4,10000,49,3000,637000,63.983135,0.9631
n16_graph3,16,0.1,2.5,20,100,242,3000,750200,63.993224,0.9862
n16_graph3,16,0.1,2.5,20,300,242,3000,798600,63.940507,1.0493
n16_graph3,16,0.1,2.5,20,1000,242,3000,968000,63.965660,1.3635
n16_graph3,16,0.1,2.5,20,3000,242,3000,1452000,64.040227,2.2178
n16_graph3,16,0.1,2.5,20,10000,242,3000,3146000,64.001920,4.9059
n16_graph3,16,0.1,5.0,1,100,9,3000,27900,127.934823,0.0367
n16_graph3,16,0.1,5.0,1,300,9,3000,29700,127.845941,0.0410
n16_graph3,16,0.1,5.0,1,1000,9,3000,36000,128.056819,0.0512
n16_graph3,16,0.1,5.0,1,3000,9,3000,54000,127.976971,0.0817
n16_graph3,16,0.1,5.0,1,10000,9,3000,117000,128.004657,0.1789
n16_graph3,16,0.1,5.0,4,100,35,3000,108500,127.935111,0.1404
n16_graph3,16,0.1,5.0,4,300,35,3000,115500,127.835284,0.1507
n16_graph3,16,0.1,5.0,4,1000,35,3000,140000,128.010475,0.1855
n16_graph3,16,0.1,5.0,4,3000,35,3000,210000,127.967288,0.2826
n16_graph3,16,0.1,5.0,4,10000,35,3000,455000,127.998442,0.6778
n16_graph3,16,0.1,5.0,20,100,173,3000,536300,128.010457,0.7556
n16_graph3,16,0.1,5.0,20,300,173,3000,570900,128.012953,0.7761
n16_graph3,16,0.1,5.0,20,1000,173,3000,692000,127.992341,1.0111
n16_graph3,16,0.1,5.0,20,3000,173,3000,1038000,128.003773,1.5121
n16_graph3,16,0.1,5.0,20,10000,173,3000,2249000,128.006553,3.3966
n16_graph3,16,0.2,0.1,1,100,16,3000,49600,10.648591,0.0625
n16_graph3,16,0.2,0.1,1,300,16,3000,52800,11.333038,0.0647
n16_graph3,16,0.2,0.1,1,1000,16,3000,64000,11.269994,0.0795
n16_graph3,16,0.2,0.1,1,3000,16,3000,96000,11.317198,0.1273
n16_graph3,16,0.2,0.1,1,10000,16,3000,208000,11.121787,0.3035
n16_graph3,16,0.2,0.1,4,100,63,3000,195300,11.035840,0.2709
n16_graph3,16,0.2,0.1,4,300,63,3000,207900,11.098110,0.2738
n16_graph3,16,0.2,0.1,4,1000,63,3000,252000,11.290285,0.3150
n16_graph3,16,0.2,0.1,4,3000,63,3000,378000,11.269667,0.5011
n16_graph3,16,0.2,0.1,4,10000,63,3000,819000,11.231869,1.1526
n16_graph3,16,0.2,0.1,20,100,314,3000,973400,11.202204,1.2592
n16_graph3,16,0.2,0.1,20,300,314,3000,1036200,11.139282,1.2617
n16_graph3,16,0.2,0.1,20,1000,314,3000,1256000,11.188333,1.7228
n16_graph3,16,0.2,0.1,20,3000,314,3000,1884000,11.242932,2.6457
n16_graph3,16,0.2,0.1,20,10000,314,3000,4082000,11.233256,5.8483
n16_graph3,16,0.2,0.2,1,100,16,3000,49600,11.692166,0.0627
n16_graph3,16,0.2,0.2,1,300,16,3000,52800,10.026489,0.0670
n16_graph3,16,0.2,0.2,1,1000,16,3000,64000,11.043399,0.0886
n16_graph3,16,0.2,0.2,1,3000,16,3000,96000,11.528982,0.1450
n16_graph3,16,0.2,0.2,1,10000,16,3000,208000,11.626805,0.3013
n16_graph3,16,0.2,0.2,4,100,62,3000,192200,11.816872,0.2321
n16_graph3,16,0.2,0.2,4,300,62,3000,204600,11.925676,0.2522
n16_graph3,16,0.2,0.2,4,1000,62,3000,248000,11.680600,0.3244
n16_graph3,16,0.2,0.2,4,3000,62,3000,372000,11.662889,0.5162
n16_graph3,16,0.2,0.2,4,10000,62,3000,806000,11.601013,1.1552
n16_graph3,16,0.2,0.2,20,100,308,3000,954800,11.455516,1.1403
n16_graph3,16,0.2,0.2,20,300,308,3000,1016400,11.604039,1.2453
n16_graph3,16,0.2,0.2,20,1000,308,3000,1232000,11.702355,1.5331
n16_graph3,16,0.2,0.2,20,3000,308,3000,1848000,11.575124,2.4140
n16_graph3,16,0.2,0.2,20,10000,308,3000,4004000,11.615562,5.4592
n16_graph3,16,0.2,0.3,1,100,16,3000,49600,11.023365,0.0735
n16_graph3,16,0.2,0.3,1,300,16,3000,52800,11.473425,0.0745
n16_graph3,16,0.2,0.3,1,1000,16,3000,64000,12.753352,0.0911
n16_graph3,16,0.2,0.3,1,3000,16,3000,96000,12.422212,0.1257
n16_graph3,16,0.2,0.3,1,10000,16,3000,208000,12.449473,0.2847
n16_graph3,16,0.2,0.3,4,100,61,3000,189100,12.374655,0.2281
n16_graph3,16,0.2,0.3,4,300,61,3000,201300,12.167290,0.2494
n16_graph3,16,0.2,0.3,4,1000,61,3000,244000,12.496990,0.3055
n16_graph3,16,0.2,0.3,4,3000,61,3000,366000,12.410920,0.4856
n16_graph3,16,0.2,0.3,4,10000,61,3000,793000,12.291304,1.1179
n16_graph3,16,0.2,0.3,20,100,301,3000,933100,12.665189,1.1238
n16_graph3,16,0.2,0.3,20,300,301,3000,993300,12.204896,1.1999
n16_graph3,16,0.2,0.3,20,1000,301,3000,1204000,12.356867,1.5189
n16_graph3,16,0.2,0.3,20,3000,301,3000,1806000,12.268670,2.4396
n16_graph3,16,0.2,0.3,20,10000,301,3000,3913000,12.261033,5.4865
n16_graph3,16,0.2,0.5,1,100,15,3000,46500,14.682351,0.0638
n16_graph3,16,0.2,0.5,1,300,15,3000,49500,15.805180,0.0707
n16_graph3,16,0.2,0.5,1,1000,15,3000,60000,14.951309,0.0798
n16_graph3,16,0.2,0.5,1,3000,15,3000,90000,15.204649,0.1229
n16_graph3,16,0.2,0.5,1,10000,15,3000,195000,14.854779,0.2792
n16_graph3,16,0.2,0.5,4,100,58,3000,179800,14.355083,0.2218
n16_graph3,16,0.2,0.5,4,300,58,3000,191400,14.894443,0.2379
n16_graph3,16,0.2,0.5,4,1000,58,3000,232000,14.967775,0.3013
n16_graph3,16,0.2,0.5,4,3000,58,3000,348000,14.916047,0.4928
n16_graph3,16,0.2,0.5,4,10000,58,3000,754000,14.921846,1.0966
n16_graph3,16,0.2,0.5,20,100,289,3000,895900,14.847151,1.1394
n16_graph3,16,0.2,0.5,20,300,289,3000,953700,15.019586,1.2224
n16_graph3,16,0.2,0.5,20,1000,289,3000,1156000,14.792348,1.5803
n16_graph3,16,0.2,0.5,20,3000,289,3000,1734000,15.001179,2.3657
n16_graph3,16,0.2,0.5,20,10000,289,3000,3757000,14.967020,5.3293
n16_graph3,16,0.2,0.8,1,100,14,3000,43400,21.612567,0.0568
n16_graph3,16,0.2,0.8,1,300,14,3000,46200,21.651013,0.0602
n16_graph3,16,0.2,0.8,1,1000,14,3000,56000,21.778647,0.0747
n16_graph3,16,0.2,0.8,1,3000,14,3000,84000,21.925190,0.1147
n16_graph3,16,0.2,0.8,1,10000,14,3000,182000,21.903733,0.2626
n16_graph3,16,0.2,0.8,4,100,54,3000,167400,22.147118,0.2200
n16_graph3,16,0.2,0.8,4,300,54,3000,178200,21.828470,0.2376
n16_graph3,16,0.2,0.8,4,1000,54,3000,216000,21.941708,0.2811
n16_graph3,16,0.2,0.8,4,3000,54,3000,324000,21.948816,0.4575
n16_graph3,16,0.2,0.8,4,10000,54,3000,702000,21.906407,1.0377
n16_graph3,16,0.2,0.8,20,100,270,3000,837000,21.792199,1.0770
n16_graph3,16,0.2,0.8,20,300,270,3000,891000,22.206392,1.1572
n16_graph3,16,0.2,0.8,20,1000,270,3000,1080000,21.994092,1.4332
n16_graph3,16,0.2,0.8,20,3000,270,3000,1620000,21.899031,2.2577
n16_graph3,16,0.2,0.8,20,10000,270,3000,3510000,21.932766,4.9567
n16_graph3,16,0.2,1.0,1,100,13,3000,40300,26.260176,0.0497
n16_graph3,16,0.2,1.0,1,300,13,3000,42900,27.420052,0.0537
n16_graph3,16,0.2,1.0,1,1000,13,3000,52000,27.262601,0.0679
n16_graph3,16,0.2,1.0,1,3000,13,3000,78000,27.261409,0.1047
n16_graph3,16,0.2,1.0,1,10000,13,3000,169000,27.202268,0.2407
n16_graph3,16,0.2,1.0,4,100,52,3000,161200,27.084185,0.2014
n16_graph3,16,0.2,1.0,4,300,52,3000,171600,27.435516,0.2170
n16_graph3,16,0.2,1.0,4,1000,52,3000,208000,27.195277,0.2674
n16_graph3,16,0.2,1.0,4,3000,52,3000,312000,27.398027,0.4246
n16_graph3,16,0.2,1.0,4,10000,52,3000,676000,27.267801,0.9828
n16_graph3,16,0.2,1.0,20,100,257,3000,796700,27.219035,1.0048
n16_graph3,16,0.2,1.0,20,300,257,3000,848100,27.223639,1.0588
n16_graph3,16,0.2,1.0,20,1000,257,3000,1028000,27.277873,1.3372
n16_graph3,16,0.2,1.0,20,3000,257,3000,1542000,27.194273,2.2302
n16_graph3,16,0.2,1.0,20,10000,257,3000,3341000,27.246028,4.8773
n16_graph3,16,0.2,1.3,1,100,12,3000,37200,35.422965,0.0472
n16_graph3,16,0.2,1.3,1,300,12,3000,39600,35.097688,0.0608
n16_graph3,16,0.2,1.3,1,1000,12,3000,48000,35.357168,0.0844
n16_graph3,16,0.2,1.3,1,3000,12,3000,72000,35.438922,0.1117
n16_graph3,16,0.2,1.3,1,10000,12,3000,156000,35.400593,0.2382
n16_graph3,16,0.2,1.3,4,100,48,3000,148800,35.537370,0.2018
n16_graph3,16,0.2,1.3,4,300,48,3000,158400,35.262980,0.2061
n16_graph3,16,0.2,1.3,4,1000,48,3000,192000,35.310493,0.2591
n16_graph3,16,0.2,1.3,4,3000,48,3000,288000,35.393815,0.4115
n16_graph3,16,0.2,1.3,4,10000,48,3000,624000,35.340382,0.9414
n16_graph3,16,0.2,1.3,20,100,239,3000,740900,35.539598,1.0171
n16_graph3,16,0.2,1.3,20,300,239,3000,788700,35.346705,1.0291
n16_graph3,16,0.2,1.3,20,1000,239,3000,956000,35.336421,1.2924
n16_graph3,16,0.2,1.3,20,3000,239,3000,1434000,35.351455,2.0253
n16_graph3,16,0.2,1.3,20,10000,239,3000,3107000,35.377939,4.4618
n16_graph3,16,0.2,1.8,1,100,11,3000,34100,49.200719,0.0440
n16_graph3,16,0.2,1.8,1,300,11,3000,36300,49.027122,0.0467
n16_graph3,16,0.2,1.8,1,1000,11,3000,44000,48.978528,0.0582
n16_graph3,16,0.2,1.8,1,3000,11,3000,66000,48.926091,0.0913
n16_graph3,16,0.2,1.8,1,10000,11,3000,143000,48.909746,0.2062
n16_graph3,16,0.2,1.8,4,100,42,3000,130200,49.144561,0.1638
n16_graph3,16,0.2,1.8,4,300,42,3000,138600,48.970956,0.1766
n16_graph3,16,0.2,1.8,4,1000,42,3000,168000,48.858888,0.2211
n16_graph3,16,0.2,1.8,4,3000,42,3000,252000,48.946268,0.3453
n16_graph3,16,0.2,1.8,4,10000,42,3000,546000,48.911863,0.8229
n16_graph3,16,0.2,1.8,20,100,210,3000,651000,48.962470,0.8255
n16_graph3,16,0.2,1.8,20,300,210,3000,693000,48.945140,0.8771
n16_graph3,16,0.2,1.8,20,1000,210,3000,840000,48.955263,1.0985
n16_graph3,16,0.2,1.8,20,3000,210,3000,1260000,48.946671,1.7262
n16_graph3,16,0.2,1.8,20,10000,210,3000,2730000,48.956986,3.9672
n16_graph3,16,0.2,2.5,1,100,9,3000,27900,67.646382,0.0348
n16_graph3,16,0.2,2.5,1,300,9,3000,29700,68.014170,0.0373
n16_graph3,16,0.2,2.5,1,1000,9,3000,36000,67.891834,0.0454
n16_graph3,16,0.2,2.5,1,3000,9,3000,54000,68.082977,0.0736
n16_graph3,16,0.2,2.5,1,10000,9,3000,117000,67.960766,0.1662
n16_graph3,16,0.2,2.5,4,100,35,3000,108500,68.177751,0.1367
n16_graph3,16,0.2,2.5,4,300,35,3000,115500,67.920748,0.1474
n16_graph3,16,0.2,2.5,4,1000,35,3000,140000,67.957962,0.1828
n16_graph3,16,0.2,2.5,4,3000,35,3000,210000,67.980899,0.2860
n16_graph3,16,0.2,2.5,4,10000,35,3000,455000,67.994815,0.6585
n16_graph3,16,0.2,2.5,20,100,173,3000,536300,67.960765,0.6785
n16_graph3,16,0.2,2.5,20,300,173,3000,570900,67.952935,0.7332
n16_graph3,16,0.2,2.5,20,1000,173,3000,692000,67.996303,0.9143
n16_graph3,16,0.2,2.5,20,3000,173,3000,1038000,67.993870,1.4246
n16_graph3,16,0.2,2.5,20,10000,173,3000,2249000,67.998207,3.2178
n16_graph3,16,0.2,5.0,1,100,4,3000,12400,135.808270,0.0156
n16_graph3,16,0.2,5.0,1,300,4,3000,13200,135.916751,0.0165
n16_graph3,16,0.2,5.0,1,1000,4,3000,16000,136.018385,0.0207
n16_graph3,16,0.2,5.0,1,3000,4,3000,24000,136.007636,0.0328
n16_graph3,16,0.2,5.0,1,10000,4,3000,52000,136.008021,0.0745
n16_graph3,16,0.2,5.0,4,100,16,3000,49600,135.891320,0.0638
n16_graph3,16,0.2,5.0,4,300,16,3000,52800,136.042456,0.0685
n16_graph3,16,0.2,5.0,4,1000,16,3000,64000,136.010469,0.0848
n16_graph3,16,0.2,5.0,4,3000,16,3000,96000,135.997419,0.1327
n16_graph3,16,0.2,5.0,4,10000,16,3000,208000,136.001438,0.3001
n16_graph3,16,0.2,5.0,20,100,77,3000,238700,136.007415,0.3020
n16_graph3,16,0.2,5.0,20,300,77,3000,254100,135.994724,0.3257
n16_graph3,16,0.2,5.0,20,1000,77,3000,308000,136.007687,0.4207
n16_graph3,16,0.2,5.0,20,3000,77,3000,462000,136.001366,0.6606
n16_graph3,16,0.2,5.0,20,10000,77,3000,1001000,135.998346,1.5306
n16_graph3,16,0.5,0.1,1,100,16,3000,49600,10.356050,0.0592
n16_graph3,16,0.5,0.1,1,300,16,3000,52800,11.470004,0.0670
n16_graph3,16,0.5,0.1,1,1000,16,3000,64000,11.312201,0.0801
n16_graph3,16,0.5,0.1,1,3000,16,3000,96000,10.999185,0.1245
n16_graph3,16,0.5,0.1,1,10000,16,3000,208000,11.253585,0.2871
n16_graph3,16,0.5,0.1,4,100,61,3000,189100,11.118075,0.2290
n16_graph3,16,0.5,0.1,4,300,61,3000,201300,11.255586,0.2474
n16_graph3,16,0.5,0.1,4,1000,61,3000,244000,11.320584,0.2989
n16_graph3,16,0.5,0.1,4,3000,61,3000,366000,11.253044,0.5097
n16_graph3,16,0.5,0.1,4,10000,61,3000,793000,11.266928,1.1037
n16_graph3,16,0.5,0.1,20,100,305,3000,945500,11.347902,1.1520
n16_graph3,16,0.5,0.1,20,300,305,3000,1006500,11.313155,1.2204
n16_graph3,16,0.5,0.1,20,1000,305,3000,1220000,11.288095,1.5577
n16_graph3,16,0.5,0.1,20,3000,305,3000,1830000,11.279210,2.3841
n16_graph3,16,0.5,0.1,20,10000,305,3000,3965000,11.224331,5.3390
n16_graph3,16,0.5,0.2,1,100,15,3000,46500,11.288759,0.0555
n16_graph3,16,0.5,0.2,1,300,15,3000,49500,10.635787,0.0622
n16_graph3,16,0.5,0.2,1,1000,15,3000,60000,11.711525,0.0834
n16_graph3,16,0.5,0.2,1,3000,15,3000,90000,11.977809,0.1175
n16_graph3,16,0.5,0.2,1,10000,15,3000,195000,11.703390,0.2850
n16_graph3,16,0.5,0.2,4,100,58,3000,179800,12.078138,0.2203
n16_graph3,16,0.5,0.2,4,300,58,3000,191400,11.547549,0.2494
n16_graph3,16,0.5,0.2,4,1000,58,3000,232000,11.711966,0.2868
n16_graph3,16,0.5,0.2,4,3000,58,3000,348000,11.719687,0.4725
n16_graph3,16,0.5,0.2,4,10000,58,3000,754000,11.738091,1.0765
n16_graph3,16,0.5,0.2,20,100,289,3000,895900,11.570027,1.0939
n16_graph3,16,0.5,0.2,20,300,289,3000,953700,11.736051,1.1878
n16_graph3,16,0.5,0.2,20,1000,289,3000,1156000,11.759529,1.5717
n16_graph3,16,0.5,0.2,20,3000,289,3000,1734000,11.748052,2.4538
n16_graph3,16,0.5,0.2,20,10000,289,3000,3757000,11.755272,5.5263
n16_graph3,16,0.5,0.3,1,100,14,3000,43400,12.018785,0.0560
n16_graph3,16,0.5,0.3,1,300,14,3000,46200,12.235564,0.0607
n16_graph3,16,0.5,0.3,1,1000,14,3000,56000,12.586652,0.0739
n16_graph3,16,0.5,0.3,1,3000,14,3000,84000,12.631351,0.1152
n16_graph3,16,0.5,0.3,1,10000,14,3000,182000,12.731757,0.2683
n16_graph3,16,0.5,0.3,4,100,55,3000,170500,12.879617,0.2330
n16_graph3,16,0.5,0.3,4,300,55,3000,181500,12.505302,0.2305
n16_graph3,16,0.5,0.3,4,1000,55,3000,220000,12.358827,0.3132
n16_graph3,16,0.5,0.3,4,3000,55,3000,330000,12.654123,0.4473
n16_graph3,16,0.5,0.3,4,10000,55,3000,715000,12.842023,1.0068
n16_graph3,16,0.5,0.3,20,100,273,3000,846300,12.764726,1.0207
n16_graph3,16,0.5,0.3,20,300,273,3000,900900,12.766582,1.1059
n16_graph3,16,0.5,0.3,20,1000,273,3000,1092000,12.795293,1.4075
n16_graph3,16,0.5,0.3,20,3000,273,3000,1638000,12.704497,2.1681
n16_graph3,16,0.5,0.3,20,10000,273,3000,3549000,12.735205,5.0029
n16_graph3,16,0.5,0.5,1,100,13,3000,40300,16.457299,0.0508
n16_graph3,16,0.5,0.5,1,300,13,3000,42900,16.936962,0.0548
n16_graph3,16,0.5,0.5,1,1000,13,3000,52000,16.594587,0.0672
n16_graph3,16,0.5,0.5,1,3000,13,3000,78000,16.692632,0.1080
n16_graph3,16,0.5,0.5,1,10000,13,3000,169000,16.759334,0.2391
n16_graph3,16,0.5,0.5,4,100,49,3000,151900,16.792132,0.1928
n16_graph3,16,0.5,0.5,4,300,49,3000,161700,17.106282,0.2032
n16_graph3,16,0.5,0.5,4,1000,49,3000,196000,16.653048,0.2477
n16_graph3,16,0.5,0.5,4,3000,49,3000,294000,16.706590,0.4071
n16_graph3,16,0.5,0.5,4,10000,49,3000,637000,16.757901,0.9228
n16_graph3,16,0.5,0.5,20,100,242,3000,750200,16.735776,1.0348
n16_graph3,16,0.5,0.5,20,300,242,3000,798600,16.765933,1.0797
n16_graph3,16,0.5,0.5,20,1000,242,3000,968000,16.756679,1.3461
n16_graph3,16,0.5,0.5,20,3000,242,3000,1452000,16.680363,1.9645
n16_graph3,16,0.5,0.5,20,10000,242,3000,3146000,16.750972,4.3960
n16_graph3,16,0.5,0.8,1,100,10,3000,31000,25.595358,0.0383
n16_graph3,16,0.5,0.8,1,300,10,3000,33000,25.649050,0.0412
n16_graph3,16,0.5,0.8,1,1000,10,3000,40000,25.629345,0.0524
n16_graph3,16,0.5,0.8,1,3000,10,3000,60000,25.668121,0.0816
n16_graph3,16,0.5,0.8,1,10000,10,3000,130000,25.691330,0.1845
n16_graph3,16,0.5,0.8,4,100,40,3000,124000,25.822663,0.1533
n16_graph3,16,0.5,0.8,4,300,40,3000,132000,25.484698,0.1645
n16_graph3,16,0.5,0.8,4,1000,40,3000,160000,25.719034,0.2055
n16_graph3,16,0.5,0.8,4,3000,40,3000,240000,25.661839,0.3239
n16_graph3,16,0.5,0.8,4,10000,40,3000,520000,25.686335,0.7399
n16_graph3,16,0.5,0.8,20,100,199,3000,616900,25.702838,0.7664
n16_graph3,16,0.5,0.8,20,300,199,3000,656700,25.732575,0.8236
n16_graph3,16,0.5,0.8,20,1000,199,3000,796000,25.657451,1.0750
n16_graph3,16,0.5,0.8,20,3000,199,3000,1194000,25.690555,1.6326
n16_graph3,16,0.5,0.8,20,10000,199,3000,2587000,25.679023,3.7122
n16_graph3,16,0.5,1.0,1,100,9,3000,27900,32.256511,0.0349
n16_graph3,16,0.5,1.0,1,300,9,3000,29700,32.199217,0.0377
n16_graph3,16,0.5,1.0,1,1000,9,3000,36000,32.022518,0.0487
n16_graph3,16,0.5,1.0,1,3000,9,3000,54000,32.005573,0.0739
n16_graph3,16,0.5,1.0,1,10000,9,3000,117000,32.070692,0.1683
n16_graph3,16,0.5,1.0,4,100,35,3000,108500,32.241700,0.1455
n16_graph3,16,0.5,1.0,4,300,35,3000,115500,31.933516,0.1659
n16_graph3,16,0.5,1.0,4,1000,35,3000,140000,32.090888,0.1896
n16_graph3,16,0.5,1.0,4,3000,35,3000,210000,32.002148,0.2983
n16_graph3,16,0.5,1.0,4,10000,35,3000,455000,32.010705,0.7075
n16_graph3,16,0.5,1.0,20,100,173,3000,536300,31.926331,0.7949
n16_graph3,16,0.5,1.0,20,300,173,3000,570900,32.004924,0.7768
n16_graph3,16,0.5,1.0,20,1000,173,3000,692000,31.989215,0.9313
n16_graph3,16,0.5,1.0,20,3000,173,3000,1038000,32.030028,1.4528
n16_graph3,16,0.5,1.0,20,10000,173,3000,2249000,32.015172,3.3692
n16_graph3,16,0.5,1.3,1,100,7,3000,21700,41.696544,0.0293
n16_graph3,16,0.5,1.3,1,300,7,3000,23100,41.614334,0.0309
n16_graph3,16,0.5,1.3,1,1000,7,3000,28000,41.667131,0.0381
n16_graph3,16,0.5,1.3,1,3000,7,3000,42000,41.573624,0.0764
n16_graph3,16,0.5,1.3,1,10000,7,3000,91000,41.623670,0.1620
n16_graph3,16,0.5,1.3,4,100,28,3000,86800,41.594801,0.1196
n16_graph3,16,0.5,1.3,4,300,28,3000,92400,41.560017,0.1393
n16_graph3,16,0.5,1.3,4,1000,28,3000,112000,41.599248,0.1571
n16_graph3,16,0.5,1.3,4,3000,28,3000,168000,41.604583,0.2392
n16_graph3,16,0.5,1.3,4,10000,28,3000,364000,41.604518,0.5487
n16_graph3,16,0.5,1.3,20,100,138,3000,427800,41.540761,0.5833
n16_graph3,16,0.5,1.3,20,300,138,3000,455400,41.618028,0.5896
n16_graph3,16,0.5,1.3,20,1000,138,3000,552000,41.573644,0.7330
n16_graph3,16,0.5,1.3,20,3000,138,3000,828000,41.623949,1.1375
n16_graph3,16,0.5,1.3,20,10000,138,3000,1794000,41.602937,2.6617
n16_graph3,16,0.5,1.8,1,100,5,3000,15500,57.399473,0.0196
n16_graph3,16,0.5,1.8,1,300,5,3000,16500,57.684781,0.0212
n16_graph3,16,0.5,1.8,1,1000,5,3000,20000,57.599043,0.0263
n16_graph3,16,0.5,1.8,1,3000,5,3000,30000,57.589176,0.0420
n16_graph3,16,0.5,1.8,1,10000,5,3000,65000,57.596287,0.0911
n16_graph3,16,0.5,1.8,4,100,19,3000,58900,57.537831,0.0760
n16_graph3,16,0.5,1.8,4,300,19,3000,62700,57.581372,0.0792
n16_graph3,16,0.5,1.8,4,1000,19,3000,76000,57.617130,0.0993
n16_graph3,16,0.5,1.8,4,3000,19,3000,114000,57.609938,0.1571
n16_graph3,16,0.5,1.8,4,10000,19,3000,247000,57.598404,0.3533
n16_graph3,16,0.5,1.8,20,100,91,3000,282100,57.577406,0.3562
n16_graph3,16,0.5,1.8,20,300,91,3000,300300,57.602460,0.3824
n16_graph3,16,0.5,1.8,20,1000,91,3000,364000,57.603280,0.4755
n16_graph3,16,0.5,1.8,20,3000,91,3000,546000,57.601220,0.7495
n16_graph3,16,0.5,1.8,20,10000,91,3000,1183000,57.601329,1.7244
n16_graph3,16,0.5,2.5,1,100,3,3000,9300,79.957562,0.0118
n16_graph3,16,0.5,2.5,1,300,3,3000,9900,79.933754,0.0128
n16_graph3,16,0.5,2.5,1,1000,3,3000,12000,79.989377,0.0163
n16_graph3,16,0.5,2.5,1,3000,3,3000,18000,80.041227,0.0251
n16_graph3,16,0.5,2.5,1,10000,3,3000,39000,80.006374,0.0574
n16_graph3,16,0.5,2.5,4,100,10,3000,31000,79.944356,0.0395
n16_graph3,16,0.5,2.5,4,300,10,3000,33000,79.970076,0.0427
n16_graph3,16,0.5,2.5,4,1000,10,3000,40000,79.949654,0.0526
n16_graph3,16,0.5,2.5,4,3000,10,3000,60000,80.010706,0.0830
n16_graph3,16,0.5,2.5,4,10000,10,3000,130000,79.997694,0.1874
n16_graph3,16,0.5,2.5,20,100,49,3000,151900,80.008896,0.1944
n16_graph3,16,0.5,2.5,20,300,49,3000,161700,80.010741,0.2099
n16_graph3,16,0.5,2.5,20,1000,49,3000,196000,80.002026,0.2589
n16_graph3,16,0.5,2.5,20,3000,49,3000,294000,80.005865,0.4059
n16_graph3,16,0.5,2.5,20,10000,49,3000,637000,80.001810,0.9215
n16_graph3,16,0.5,5.0,1,100,1,3000,3100,160.001205,0.0040
n16_graph3,16,0.5,5.0,1,300,1,3000,3300,160.004765,0.0040
n16_graph3,16,0.5,5.0,1,1000,1,3000,4000,159.999380,0.0053
n16_graph3,16,0.5,5.0,1,3000,1,3000,6000,159.998254,0.0094
n16_graph3,16,0.5,5.0,1,10000,1,3000,13000,159.999571,0.0194
n16_graph3,16,0.5,5.0,4,100,1,3000,3100,159.993978,0.0037
n16_graph3,16,0.5,5.0,4,300,1,3000,3300,160.006020,0.0042
n16_graph3,16,0.5,5.0,4,1000,1,3000,4000,159.997656,0.0057
n16_graph3,16,0.5,5.0,4,3000,1,3000,6000,160.001865,0.0080
n16_graph3,16,0.5,5.0,4,10000,1,3000,13000,160.000570,0.0184
n16_graph3,16,0.5,5.0,20,100,5,3000,15500,160.003896,0.0205
n16_graph3,16,0.5,5.0,20,300,5,3000,16500,159.997033,0.0206
n16_graph3,16,0.5,5.0,20,1000,5,3000,20000,160.000769,0.0266
n16_graph3,16,0.5,5.0,20,3000,5,3000,30000,159.998936,0.0416
n16_graph3,16,0.5,5.0,20,10000,5,3000,65000,159.999617,0.0950
n16_graph3,16,1.0,0.1,1,100,15,3000,46500,11.028619,0.0533
n16_graph3,16,1.0,0.1,1,300,15,3000,49500,10.803076,0.0583
n16_graph3,16,1.0,0.1,1,1000,15,3000,60000,11.215214,0.0728
n16_graph3,16,1.0,0.1,1,3000,15,3000,90000,11.227050,0.1136
n16_graph3,16,1.0,0.1,1,10000,15,3000,195000,11.402085,0.2638
n16_graph3,16,1.0,0.1,4,100,58,3000,179800,11.717906,0.2137
n16_graph3,16,1.0,0.1,4,300,58,3000,191400,11.530749,0.2284
n16_graph3,16,1.0,0.1,4,1000,58,3000,232000,11.316205,0.2837
n16_graph3,16,1.0,0.1,4,3000,58,3000,348000,11.408700,0.4447
n16_graph3,16,1.0,0.1,4,10000,58,3000,754000,11.344469,1.0106
n16_graph3,16,1.0,0.1,20,100,289,3000,895900,11.215540,1.0561
n16_graph3,16,1.0,0.1,20,300,289,3000,953700,11.358123,1.1329
n16_graph3,16,1.0,0.1,20,1000,289,3000,1156000,11.276544,1.4073
n16_graph3,16,1.0,0.1,20,3000,289,3000,1734000,11.342029,2.2001
n16_graph3,16,1.0,0.1,20,10000,289,3000,3757000,11.282139,5.0128
n16_graph3,16,1.0,0.2,1,100,13,3000,40300,12.132983,0.0473
n16_graph3,16,1.0,0.2,1,300,13,3000,42900,12.180596,0.0513
n16_graph3,16,1.0,0.2,1,1000,13,3000,52000,12.347048,0.0666
n16_graph3,16,1.0,0.2,1,3000,13,3000,78000,12.045367,0.1078
n16_graph3,16,1.0,0.2,1,10000,13,3000,169000,12.183217,0.2342
n16_graph3,16,1.0,0.2,4,100,52,3000,161200,11.896390,0.1949
n16_graph3,16,1.0,0.2,4,300,52,3000,171600,12.272330,0.2092
n16_graph3,16,1.0,0.2,4,1000,52,3000,208000,12.057725,0.2616
n16_graph3,16,1.0,0.2,4,3000,52,3000,312000,12.162722,0.4151
n16_graph3,16,1.0,0.2,4,10000,52,3000,676000,12.183410,0.9244
n16_graph3,16,1.0,0.2,20,100,257,3000,796700,11.914986,0.9504
n16_graph3,16,1.0,0.2,20,300,257,3000,848100,12.178957,1.0234
n16_graph3,16,1.0,0.2,20,1000,257,3000,1028000,12.144989,1.2801
n16_graph3,16,1.0,0.2,20,3000,257,3000,1542000,12.201994,2.0240
n16_graph3,16,1.0,0.2,20,10000,257,3000,3341000,12.183089,4.5432
n16_graph3,16,1.0,0.3,1,100,12,3000,37200,14.050612,0.0465
n16_graph3,16,1.0,0.3,1,300,12,3000,39600,13.766184,0.0471
n16_graph3,16,1.0,0.3,1,1000,12,3000,48000,14.254596,0.0590
n16_graph3,16,1.0,0.3,1,3000,12,3000,72000,14.036782,0.0946
n16_graph3,16,1.0,0.3,1,10000,12,3000,156000,14.015416,0.2114
n16_graph3,16,1.0,0.3,4,100,46,3000,142600,13.961681,0.1720
n16_graph3,16,1.0,0.3,4,300,46,3000,151800,13.797457,0.1835
n16_graph3,16,1.0,0.3,4,1000,46,3000,184000,13.880356,0.2298
n16_graph3,16,1.0,0.3,4,3000,46,3000,276000,14.007424,0.3631
n16_graph3,16,1.0,0.3,4,10000,46,3000,598000,13.999540,0.8189
n16_graph3,16,1.0,0.3,20,100,227,3000,703700,13.804706,0.8537
n16_graph3,16,1.0,0.3,20,300,227,3000,749100,13.921568,0.9094
n16_graph3,16,1.0,0.3,20,1000,227,3000,908000,14.086401,1.1370
n16_graph3,16,1.0,0.3,20,3000,227,3000,1362000,13.998507,1.7952
n16_graph3,16,1.0,0.3,20,10000,227,3000,2951000,14.010492,4.0221
n16_graph3,16,1.0,0.5,1,100,9,3000,27900,20.096177,0.0347
n16_graph3,16,1.0,0.5,1,300,9,3000,29700,20.117134,0.0364
n16_graph3,16,1.0,0.5,1,1000,9,3000,36000,20.392389,0.0478
n16_graph3,16,1.0,0.5,1,3000,9,3000,54000,20.415631,0.0718
n16_graph3,16,1.0,0.5,1,10000,9,3000,117000,20.316578,0.1628
n16_graph3,16,1.0,0.5,4,100,35,3000,108500,20.483061,0.1323
n16_graph3,16,1.0,0.5,4,300,35,3000,115500,20.198946,0.1416
n16_graph3,16,1.0,0.5,4,1000,35,3000,140000,20.298352,0.1784
n16_graph3,16,1.0,0.5,4,3000,35,3000,210000,20.313436,0.2789
n16_graph3,16,1.0,0.5,4,10000,35,3000,455000,20.361877,0.6326
n16_graph3,16,1.0,0.5,20,100,173,3000,536300,20.527672,0.6717
n16_graph3,16,1.0,0.5,20,300,173,3000,570900,20.319251,0.7020
n16_graph3,16,1.0,0.5,20,1000,173,3000,692000,20.324700,0.8775
n16_graph3,16,1.0,0.5,20,3000,173,3000,1038000,20.343780,1.3834
n16_graph3,16,1.0,0.5,20,10000,173,3000,2249000,20.355088,3.1494
n16_graph3,16,1.0,0.8,1,100,6,3000,18600,31.849720,0.0233
n16_graph3,16,1.0,0.8,1,300,6,3000,19800,31.978190,0.0248
n16_graph3,16,1.0,0.8,1,1000,6,3000,24000,31.984798,0.0315
n16_graph3,16,1.0,0.8,1,3000,6,3000,36000,32.029603,0.0483
n16_graph3,16,1.0,0.8,1,10000,6,3000,78000,32.048814,0.1096
n16_graph3,16,1.0,0.8,4,100,22,3000,68200,31.974575,0.0857
n16_graph3,16,1.0,0.8,4,300,22,3000,72600,31.956357,0.0919
n16_graph3,16,1.0,0.8,4,1000,22,3000,88000,31.998508,0.1140
n16_graph3,16,1.0,0.8,4,3000,22,3000,132000,32.020925,0.1804
n16_graph3,16,1.0,0.8,4,10000,22,3000,286000,32.034899,0.4064
n16_graph3,16,1.0,0.8,20,100,108,3000,334800,32.047218,0.4310
n16_graph3,16,1.0,0.8,20,300,108,3000,356400,31.988084,0.4503
n16_graph3,16,1.0,0.8,20,1000,108,3000,432000,32.034766,0.5631
n16_graph3,16,1.0,0.8,20,3000,108,3000,648000,32.034278,0.8824
n16_graph3,16,1.0,0.8,20,10000,108,3000,1404000,32.027541,2.0005
n16_graph3,16,1.0,1.0,1,100,4,3000,12400,40.096256,0.0159
n16_graph3,16,1.0,1.0,1,300,4,3000,13200,39.980320,0.0164
n16_graph3,16,1.0,1.0,1,1000,4,3000,16000,40.048083,0.0216
n16_graph3,16,1.0,1.0,1,3000,4,3000,24000,40.022006,0.0329
n16_graph3,16,1.0,1.0,1,10000,4,3000,52000,40.012500,0.0813
n16_graph3,16,1.0,1.0,4,100,16,3000,49600,39.927096,0.0714
n16_graph3,16,1.0,1.0,4,300,16,3000,52800,39.992729,0.0796
n16_graph3,16,1.0,1.0,4,1000,16,3000,64000,40.029036,0.0887
n16_graph3,16,1.0,1.0,4,3000,16,3000,96000,40.006817,0.1341
n16_graph3,16,1.0,1.0,4,10000,16,3000,208000,40.000229,0.2997
n16_graph3,16,1.0,1.0,20,100,77,3000,238700,39.997835,0.3049
n16_graph3,16,1.0,1.0,20,300,77,3000,254100,40.015427,0.3245
n16_graph3,16,1.0,1.0,20,1000,77,3000,308000,40.004567,0.4062
n16_graph3,16,1.0,1.0,20,3000,77,3000,462000,40.001682,0.6377
n16_graph3,16,1.0,1.0,20,10000,77,3000,1001000,40.000553,1.4418
n16_graph3,16,1.0,1.3,1,100,3,3000,9300,52.016604,0.0120
n16_graph3,16,1.0,1.3,1,300,3,3000,9900,51.936366,0.0121
n16_graph3,16,1.0,1.3,1,1000,3,3000,12000,51.974821,0.0159
n16_graph3,16,1.0,1.3,1,3000,3,3000,18000,51.996916,0.0247
n16_graph3,16,1.0,1.3,1,10000,3,3000,39000,52.002399,0.0557
n16_graph3,16,1.0,1.3,4,100,9,3000,27900,51.969701,0.0385
n16_graph3,16,1.0,1.3,4,300,9,3000,29700,52.030943,0.0470
n16_graph3,16,1.0,1.3,4,1000,9,3000,36000,51.999212,0.0497
n16_graph3,16,1.0,1.3,4,3000,9,3000,54000,52.001685,0.0758
n16_graph3,16,1.0,1.3,4,10000,9,3000,117000,51.999643,0.1700
n16_graph3,16,1.0,1.3,20,100,45,3000,139500,52.026205,0.1763
n16_graph3,16,1.0,1.3,20,300,45,3000,148500,51.999688,0.1887
n16_graph3,16,1.0,1.3,20,1000,45,3000,180000,51.988173,0.2388
n16_graph3,16,1.0,1.3,20,3000,45,3000,270000,51.999509,0.3774
n16_graph3,16,1.0,1.3,20,10000,45,3000,585000,52.000323,0.8499
n16_graph3,16,1.0,1.8,1,100,1,3000,3100,72.047336,0.0037
n16_graph3,16,1.0,1.8,1,300,1,3000,3300,71.981971,0.0046
n16_graph3,16,1.0,1.8,1,1000,1,3000,4000,72.022974,0.0060
n16_graph3,16,1.0,1.8,1,3000,1,3000,6000,72.008178,0.0080
n16_graph3,16,1.0,1.8,1,10000,1,3000,13000,71.999384,0.0189
n16_graph3,16,1.0,1.8,4,100,4,3000,12400,71.996582,0.0164
n16_graph3,16,1.0,1.8,4,300,4,3000,13200,72.007416,0.0171
n16_graph3,16,1.0,1.8,4,1000,4,3000,16000,71.983547,0.0216
n16_graph3,16,1.0,1.8,4,3000,4,3000,24000,71.995239,0.0338
n16_graph3,16,1.0,1.8,4,10000,4,3000,52000,71.999746,0.0753
n16_graph3,16,1.0,1.8,20,100,18,3000,55800,72.002606,0.0723
n16_graph3,16,1.0,1.8,20,300,18,3000,59400,71.994303,0.0758
n16_graph3,16,1.0,1.8,20,1000,18,3000,72000,72.002349,0.0956
n16_graph3,16,1.0,1.8,20,3000,18,3000,108000,71.999687,0.1493
n16_graph3,16,1.0,1.8,20,10000,18,3000,234000,71.999904,0.3413
n16_graph3,16,1.0,2.5,1,100,1,3000,3100,100.006109,0.0044
n16_graph3,16,1.0,2.5,1,300,1,3000,3300,99.991803,0.0043
n16_graph3,16,1.0,2.5,1,1000,1,3000,4000,99.995886,0.0051
n16_graph3,16,1.0,2.5,1,3000,1,3000,6000,100.000178,0.0083
n16_graph3,16,1.0,2.5,1,10000,1,3000,13000,99.999616,0.0187
n16_graph3,16,1.0,2.5,4,100,1,3000,3100,99.990722,0.0039
n16_graph3,16,1.0,2.5,4,300,1,3000,3300,100.006912,0.0044
n16_graph3,16,1.0,2.5,4,1000,1,3000,4000,99.995940,0.0056
n16_graph3,16,1.0,2.5,4,3000,1,3000,6000,100.000420,0.0077
n16_graph3,16,1.0,2.5,4,10000,1,3000,13000,100.002588,0.0192
n16_graph3,16,1.0,2.5,20,100,5,3000,15500,99.996508,0.0213
n16_graph3,16,1.0,2.5,20,300,5,3000,16500,100.003905,0.0215
n16_graph3,16,1.0,2.5,20,1000,5,3000,20000,99.999486,0.0262
n16_graph3,16,1.0,2.5,20,3000,5,3000,30000,100.000344,0.0416
n16_graph3,16,1.0,2.5,20,10000,5,3000,65000,99.999748,0.0952
n16_graph3,16,1.0,5.0,1,100,1,3000,3100,200.000024,0.0036
n16_graph3,16,1.0,5.0,1,300,1,3000,3300,200.000012,0.0041
n16_graph3,16,1.0,5.0,1,1000,1,3000,4000,199.999982,0.0057
n16_graph3,16,1.0,5.0,1,3000,1,3000,6000,200.000002,0.0089
n16_graph3,16,1.0,5.0,1,10000,1,3000,13000,200.000000,0.0183
n16_graph3,16,1.0,5.0,4,100,1,3000,3100,200.000025,0.0039
n16_graph3,16,1.0,5.0,4,300,1,3000,3300,199.999981,0.0047
n16_graph3,16,1.0,5.0,4,1000,1,3000,4000,199.999961,0.0050
n16_graph3,16,1.0,5.0,4,3000,1,3000,6000,199.999977,0.0087
n16_graph3,16,1.0,5.0,4,10000,1,3000,13000,200.000000,0.0192
n16_graph3,16,1.0,5.0,20,100,1,3000,3100,199.999971,0.0040
n16_graph3,16,1.0,5.0,20,300,1,3000,3300,199.999972,0.0039
n16_graph3,16,1.0,5.0,20,1000,1,3000,4000,200.000041,0.0054
n16_graph3,16,1.0,5.0,20,3000,1,3000,6000,199.999999,0.0085
n16_graph3,16,1.0,5.0,20,10000,1,3000,13000,199.999997,0.0188
n30_graph1,30,0.0,0.1,1,100,30,3000,93000,20.717397,0.1228
n30_graph1,30,0.0,0.1,1,300,30,3000,99000,20.603854,0.1262
n30_graph1,30,0.0,0.1,1,1000,30,3000,120000,21.462922,0.1533
n30_graph1,30,0.0,0.1,1,3000,30,3000,180000,21.173733,0.2474
n30_graph1,30,0.0,0.1,1,10000,30,3000,390000,21.023400,0.5621
n30_graph1,30,0.0,0.1,4,100,120,3000,372000,20.953071,0.4373
n30_graph1,30,0.0,0.1,4,300,120,3000,396000,21.118457,0.4714
n30_graph1,30,0.0,0.1,4,1000,120,3000,480000,20.852234,0.5865
n30_graph1,30,0.0,0.1,4,3000,120,3000,720000,20.923999,0.9268
n30_graph1,30,0.0,0.1,4,10000,120,3000,1560000,21.001318,2.0901
n30_graph1,30,0.0,0.1,20,100,600,3000,1860000,21.047295,2.1842
n30_graph1,30,0.0,0.1,20,300,600,3000,1980000,20.925222,2.3428
n30_graph1,30,0.0,0.1,20,1000,600,3000,2400000,20.955957,2.9343
n30_graph1,30,0.0,0.1,20,3000,600,3000,3600000,20.988982,4.5913
n30_graph1,30,0.0,0.1,20,10000,600,3000,7800000,21.037345,10.5299
n30_graph1,30,0.0,0.2,1,100,30,3000,93000,21.165899,0.1104
n30_graph1,30,0.0,0.2,1,300,30,3000,99000,20.138038,0.1209
n30_graph1,30,0.0,0.2,1,1000,30,3000,120000,21.485876,0.1505
n30_graph1,30,0.0,0.2,1,3000,30,3000,180000,21.339268,0.2392
n30_graph1,30,0.0,0.2,1,10000,30,3000,390000,22.146447,0.5319
n30_graph1,30,0.0,0.2,4,100,120,3000,372000,22.054509,0.4458
n30_graph1,30,0.0,0.2,4,300,120,3000,396000,22.180220,0.4766
n30_graph1,30,0.0,0.2,4,1000,120,3000,480000,21.700397,0.6060
n30_graph1,30,0.0,0.2,4,3000,120,3000,720000,21.601466,0.9395
n30_graph1,30,0.0,0.2,4,10000,120,3000,1560000,21.652095,2.1435
n30_graph1,30,0.0,0.2,20,100,600,3000,1860000,21.755751,2.2175
n30_graph1,30,0.0,0.2,20,300,600,3000,1980000,21.377000,2.3963
n30_graph1,30,0.0,0.2,20,1000,600,3000,2400000,21.681974,2.9846
n30_graph1,30,0.0,0.2,20,3000,600,3000,3600000,21.646492,4.6481
n30_graph1,30,0.0,0.2,20,10000,600,3000,7800000,21.714711,10.5857
n30_graph1,30,0.0,0.3,1,100,30,3000,93000,22.226464,0.1129
n30_graph1,30,0.0,0.3,1,300,30,3000,99000,23.246764,0.1185
n30_graph1,30,0.0,0.3,1,1000,30,3000,120000,22.591566,0.1509
n30_graph1,30,0.0,0.3,1,3000,30,3000,180000,24.157025,0.2358
n30_graph1,30,0.0,0.3,1,10000,30,3000,390000,22.921063,0.5378
n30_graph1,30,0.0,0.3,4,100,120,3000,372000,22.102275,0.4415
n30_graph1,30,0.0,0.3,4,300,120,3000,396000,23.799651,0.4828
n30_graph1,30,0.0,0.3,4,1000,120,3000,480000,21.715414,0.5984
n30_graph1,30,0.0,0.3,4,3000,120,3000,720000,22.344287,0.9451
n30_graph1,30,0.0,0.3,4,10000,120,3000,1560000,22.881293,2.1736
n30_graph1,30,0.0,0.3,20,100,600,3000,1860000,23.105259,2.2521
n30_graph1,30,0.0,0.3,20,300,600,3000,1980000,22.881018,2.4066
n30_graph1,30,0.0,0.3,20,1000,600,3000,2400000,22.786583,3.0153
n30_graph1,30,0.0,0.3,20,3000,600,3000,3600000,22.831886,4.7351
n30_graph1,30,0.0,0.3,20,10000,600,3000,7800000,22.865375,11.0715
n30_graph1,30,0.0,0.5,1,100,30,3000,93000,25.663021,0.1223
n30_graph1,30,0.0,0.5,1,300,30,3000,99000,26.683123,0.1305
n30_graph1,30,0.0,0.5,1,1000,30,3000,120000,26.317008,0.1616
n30_graph1,30,0.0,0.5,1,3000,30,3000,180000,25.803095,0.2723
n30_graph1,30,0.0,0.5,1,10000,30,3000,390000,26.727066,0.6240
n30_graph1,30,0.0,0.5,4,100,120,3000,372000,26.618290,0.5082
n30_graph1,30,0.0,0.5,4,300,120,3000,396000,27.271891,0.5049
n30_graph1,30,0.0,0.5,4,1000,120,3000,480000,26.665923,0.6578
n30_graph1,30,0.0,0.5,4,3000,120,3000,720000,26.326550,1.0419
n30_graph1,30,0.0,0.5,4,10000,120,3000,1560000,26.192091,2.2941
n30_graph1,30,0.0,0.5,20,100,600,3000,1860000,27.034147,2.4429
n30_graph1,30,0.0,0.5,20,300,600,3000,1980000,27.181313,2.5656
n30_graph1,30,0.0,0.5,20,1000,600,3000,2400000,26.491296,3.0015
n30_graph1,30,0.0,0.5,20,3000,600,3000,3600000,26.640182,4.8873
n30_graph1,30,0.0,0.5,20,10000,600,3000,7800000,26.701830,11.2730
n30_graph1,30,0.0,0.8,1,100,30,3000,93000,37.714876,0.1145
n30_graph1,30,0.0,0.8,1,300,30,3000,99000,37.611868,0.1245
n30_graph1,30,0.0,0.8,1,1000,30,3000,120000,nan,0.1559
n30_graph1,30,0.0,0.8,1,3000,30,3000,180000,36.646309,0.2412
n30_graph1,30,0.0,0.8,1,10000,30,3000,390000,36.423556,0.5511
n30_graph1,30,0.0,0.8,4,100,120,3000,372000,36.900331,0.4558
n30_graph1,30,0.0,0.8,4,300,120,3000,396000,37.612915,0.4904
n30_graph1,30,0.0,0.8,4,1000,120,3000,480000,37.722897,0.6128
n30_graph1,30,0.0,0.8,4,3000,120,3000,720000,37.527661,0.9541
n30_graph1,30,0.0,0.8,4,10000,120,3000,1560000,36.993903,2.1690
n30_graph1,30,0.0,0.8,20,100,600,3000,1860000,36.782434,2.2766
n30_graph1,30,0.0,0.8,20,300,600,3000,1980000,37.198313,2.4443
n30_graph1,30,0.0,0.8,20,1000,600,3000,2400000,36.609432,3.0494
n30_graph1,30,0.0,0.8,20,3000,600,3000,3600000,37.122922,4.7970
n30_graph1,30,0.0,0.8,20,10000,600,3000,7800000,37.317197,11.0206
n30_graph1,30,0.0,1.0,1,100,30,3000,93000,44.469099,0.1154
n30_graph1,30,0.0,1.0,1,300,30,3000,99000,43.988027,0.1236
n30_graph1,30,0.0,1.0,1,1000,30,3000,120000,46.498227,0.1544
n30_graph1,30,0.0,1.0,1,3000,30,3000,180000,45.961030,0.2431
n30_graph1,30,0.0,1.0,1,10000,30,3000,390000,45.855182,0.5477
n30_graph1,30,0.0,1.0,4,100,120,3000,372000,45.364069,0.4539
n30_graph1,30,0.0,1.0,4,300,120,3000,396000,45.082594,0.4891
n30_graph1,30,0.0,1.0,4,1000,120,3000,480000,45.427530,0.6123
n30_graph1,30,0.0,1.0,4,3000,120,3000,720000,46.606800,0.9556
n30_graph1,30,0.0,1.0,4,10000,120,3000,1560000,46.285846,2.2025
n30_graph1,30,0.0,1.0,20,100,600,3000,1860000,45.306801,2.3006
n30_graph1,30,0.0,1.0,20,300,600,3000,1980000,46.061307,2.5013
n30_graph1,30,0.0,1.0,20,1000,600,3000,2400000,46.252289,3.0578
n30_graph1,30,0.0,1.0,20,3000,600,3000,3600000,46.063192,5.0559
n30_graph1,30,0.0,1.0,20,10000,600,3000,7800000,45.647702,11.9886
n30_graph1,30,0.0,1.3,1,100,30,3000,93000,57.439676,0.1192
n30_graph1,30,0.0,1.3,1,300,30,3000,99000,nan,0.1352
n30_graph1,30,0.0,1.3,1,1000,30,3000,120000,55.485518,0.1768
n30_graph1,30,0.0,1.3,1,3000,30,3000,180000,59.386069,0.2736
n30_graph1,30,0.0,1.3,1,10000,30,3000,390000,59.834589,0.6295
n30_graph1,30,0.0,1.3,4,100,120,3000,372000,59.458712,0.4907
n30_graph1,30,0.0,1.3,4,300,120,3000,396000,57.740362,0.5257
n30_graph1,30,0.0,1.3,4,1000,120,3000,480000,59.248693,0.6618
n30_graph1,30,0.0,1.3,4,3000,120,3000,720000,59.447490,1.0482
n30_graph1,30,0.0,1.3,4,10000,120,3000,1560000,59.757521,2.3299
n30_graph1,30,0.0,1.3,20,100,600,3000,1860000,59.022204,2.4556
n30_graph1,30,0.0,1.3,20,300,600,3000,1980000,59.399190,2.5122
n30_graph1,30,0.0,1.3,20,1000,600,3000,2400000,59.274513,3.3270
n30_graph1,30,0.0,1.3,20,3000,600,3000,3600000,59.267950,5.3391
n30_graph1,30,0.0,1.3,20,10000,600,3000,7800000,59.460277,11.6888
n30_graph1,30,0.0,1.8,1,100,30,3000,93000,nan,0.1172
n30_graph1,30,0.0,1.8,1,300,30,3000,99000,nan,0.1279
n30_graph1,30,0.0,1.8,1,1000,30,3000,120000,nan,0.1644
n30_graph1,30,0.0,1.8,1,3000,30,3000,180000,80.135335,0.2697
n30_graph1,30,0.0,1.8,1,10000,30,3000,390000,81.707050,0.5949
n30_graph1,30,0.0,1.8,4,100,120,3000,372000,80.261103,0.4575
n30_graph1,30,0.0,1.8,4,300,120,3000,396000,81.696536,0.5126
n30_graph1,30,0.0,1.8,4,1000,120,3000,480000,80.899768,0.6745
n30_graph1,30,0.0,1.8,4,3000,120,3000,720000,82.107659,0.9560
n30_graph1,30,0.0,1.8,4,10000,120,3000,1560000,81.940542,2.2323
n30_graph1,30,0.0,1.8,20,100,600,3000,1860000,82.513006,2.3945
n30_graph1,30,0.0,1.8,20,300,600,3000,1980000,81.821446,2.5315
n30_graph1,30,0.0,1.8,20,1000,600,3000,2400000,81.584165,3.1342
n30_graph1,30,0.0,1.8,20,3000,600,3000,3600000,81.686184,4.9767
n30_graph1,30,0.0,1.8,20,10000,600,3000,7800000,81.839297,11.2680
n30_graph1,30,0.0,2.5,1,100,30,3000,93000,113.874555,0.1184
n30_graph1,30,0.0,2.5,1,300,30,3000,99000,112.584688,0.1265
n30_graph1,30,0.0,2.5,1,1000,30,3000,120000,113.358783,0.1568
n30_graph1,30,0.0,2.5,1,3000,30,3000,180000,112.787426,0.2500
n30_graph1,30,0.0,2.5,1,10000,30,3000,390000,113.647898,0.5526
n30_graph1,30,0.0,2.5,4,100,120,3000,372000,112.326987,0.4617
n30_graph1,30,0.0,2.5,4,300,120,3000,396000,112.029910,0.4982
n30_graph1,30,0.0,2.5,4,1000,120,3000,480000,113.810987,0.6271
n30_graph1,30,0.0,2.5,4,3000,120,3000,720000,113.215778,0.9948
n30_graph1,30,0.0,2.5,4,10000,120,3000,1560000,113.616503,2.2597
n30_graph1,30,0.0,2.5,20,100,600,3000,1860000,112.844620,2.3245
n30_graph1,30,0.0,2.5,20,300,600,3000,1980000,113.598324,2.4889
n30_graph1,30,0.0,2.5,20,1000,600,3000,2400000,113.381898,3.1919
n30_graph1,30,0.0,2.5,20,3000,600,3000,3600000,113.501121,4.9104
n30_graph1,30,0.0,2.5,20,10000,600,3000,7800000,113.301489,11.5788
n30_graph1,30,0.0,5.0,1,100,30,3000,93000,226.998743,0.1393
n30_graph1,30,0.0,5.0,1,300,30,3000,99000,nan,0.1349
n30_graph1,30,0.0,5.0,1,1000,30,3000,120000,226.066611,0.1546
n30_graph1,30,0.0,5.0,1,3000,30,3000,180000,225.367938,0.2465
n30_graph1,30,0.0,5.0,1,10000,30,3000,390000,225.088781,0.5610
n30_graph1,30,0.0,5.0,4,100,120,3000,372000,225.417524,0.4648
n30_graph1,30,0.0,5.0,4,300,120,3000,396000,225.551759,0.5020
n30_graph1,30,0.0,5.0,4,1000,120,3000,480000,224.923362,0.6210
n30_graph1,30,0.0,5.0,4,3000,120,3000,720000,225.532174,0.9930
n30_graph1,30,0.0,5.0,4,10000,120,3000,1560000,225.802471,2.2580
n30_graph1,30,0.0,5.0,20,100,600,3000,1860000,225.759947,2.3168
n30_graph1,30,0.0,5.0,20,300,600,3000,1980000,225.870645,2.5070
n30_graph1,30,0.0,5.0,20,1000,600,3000,2400000,225.229402,3.1386
n30_graph1,30,0.0,5.0,20,3000,600,3000,3600000,225.621800,4.8674
n30_graph1,30,0.0,5.0,20,10000,600,3000,7800000,225.497180,11.0979
n30_graph1,30,0.1,0.1,1,100,30,3000,93000,20.296755,0.1089
n30_graph1,30,0.1,0.1,1,300,30,3000,99000,20.494605,0.1161
n30_graph1,30,0.1,0.1,1,1000,30,3000,120000,21.338742,0.1450
n30_graph1,30,0.1,0.1,1,3000,30,3000,180000,20.930779,0.2308
n30_graph1,30,0.1,0.1,1,10000,30,3000,390000,20.826448,0.5356
n30_graph1,30,0.1,0.1,4,100,119,3000,368900,20.646924,0.4352
n30_graph1,30,0.1,0.1,4,300,119,3000,392700,21.252204,0.4705
n30_graph1,30,0.1,0.1,4,1000,119,3000,476000,20.877149,0.5824
n30_graph1,30,0.1,0.1,4,3000,119,3000,714000,20.998072,0.9183
n30_graph1,30,0.1,0.1,4,10000,119,3000,1547000,21.090915,2.0729
n30_graph1,30,0.1,0.1,20,100,595,3000,1844500,20.915594,2.1605
n30_graph1,30,0.1,0.1,20,300,595,3000,1963500,21.050693,2.3238
n30_graph1,30,0.1,0.1,20,1000,595,3000,2380000,21.025800,2.9110
n30_graph1,30,0.1,0.1,20,3000,595,3000,3570000,21.061192,4.5880
n30_graph1,30,0.1,0.1,20,10000,595,3000,7735000,20.991855,10.3506
n30_graph1,30,0.1,0.2,1,100,30,3000,93000,21.661886,0.1105
n30_graph1,30,0.1,0.2,1,300,30,3000,99000,19.920783,0.1199
n30_graph1,30,0.1,0.2,1,1000,30,3000,120000,21.367558,0.1506
n30_graph1,30,0.1,0.2,1,3000,30,3000,180000,21.514986,0.2346
n30_graph1,30,0.1,0.2,1,10000,30,3000,390000,21.510328,0.5263
n30_graph1,30,0.1,0.2,4,100,118,3000,365800,21.777164,0.4316
n30_graph1,30,0.1,0.2,4,300,118,3000,389400,22.232286,0.4688
n30_graph1,30,0.1,0.2,4,1000,118,3000,472000,21.934338,0.5796
n30_graph1,30,0.1,0.2,4,3000,118,3000,708000,21.863864,0.9176
n30_graph1,30,0.1,0.2,4,10000,118,3000,1534000,21.674282,2.0750
n30_graph1,30,0.1,0.2,20,100,589,3000,1825900,21.846284,2.1943
n30_graph1,30,0.1,0.2,20,300,589,3000,1943700,21.933173,2.3473
n30_graph1,30,0.1,0.2,20,1000,589,3000,2356000,21.690588,2.9461
n30_graph1,30,0.1,0.2,20,3000,589,3000,3534000,21.811630,4.6354
n30_graph1,30,0.1,0.2,20,10000,589,3000,7657000,21.771241,10.6184
n30_graph1,30,0.1,0.3,1,100,30,3000,93000,22.092765,0.1116
n30_graph1,30,0.1,0.3,1,300,30,3000,99000,23.010375,0.1220
n30_graph1,30,0.1,0.3,1,1000,30,3000,120000,23.195926,0.1506
n30_graph1,30,0.1,0.3,1,3000,30,3000,180000,22.693566,0.2379
n30_graph1,30,0.1,0.3,1,10000,30,3000,390000,22.715230,0.5466
n30_graph1,30,0.1,0.3,4,100,117,3000,362700,23.396370,0.4362
n30_graph1,30,0.1,0.3,4,300,117,3000,386100,22.992865,0.4731
n30_graph1,30,0.1,0.3,4,1000,117,3000,468000,22.605107,0.5865
n30_graph1,30,0.1,0.3,4,3000,117,3000,702000,22.808423,0.9159
n30_graph1,30,0.1,0.3,4,10000,117,3000,1521000,22.891130,2.0521
n30_graph1,30,0.1,0.3,20,100,583,3000,1807300,22.724209,2.1801
n30_graph1,30,0.1,0.3,20,300,583,3000,1923900,23.173595,2.3482
n30_graph1,30,0.1,0.3,20,1000,583,3000,2332000,23.069194,2.9054
n30_graph1,30,0.1,0.3,20,3000,583,3000,3498000,22.949868,4.5704
n30_graph1,30,0.1,0.3,20,10000,583,3000,7579000,22.826370,10.4483
n30_graph1,30,0.1,0.5,1,100,29,3000,89900,26.242705,0.1118
n30_graph1,30,0.1,0.5,1,300,29,3000,95700,26.805307,0.1204
n30_graph1,30,0.1,0.5,1,1000,29,3000,116000,25.930542,0.1487
n30_graph1,30,0.1,0.5,1,3000,29,3000,174000,27.162650,0.2292
n30_graph1,30,0.1,0.5,1,10000,29,3000,377000,27.040866,0.5170
n30_graph1,30,0.1,0.5,4,100,115,3000,356500,26.894929,0.4325
n30_graph1,30,0.1,0.5,4,300,115,3000,379500,26.580050,0.4739
n30_graph1,30,0.1,0.5,4,1000,115,3000,460000,26.225717,0.5920
n30_graph1,30,0.1,0.5,4,3000,115,3000,690000,26.990340,0.9855
n30_graph1,30,0.1,0.5,4,10000,115,3000,1495000,27.150706,2.1036
n30_graph1,30,0.1,0.5,20,100,571,3000,1770100,26.722134,2.1496
n30_graph1,30,0.1,0.5,20,300,571,3000,1884300,26.916757,2.3441
n30_graph1,30,0.1,0.5,20,1000,571,3000,2284000,26.738911,2.9123
n30_graph1,30,0.1,0.5,20,3000,571,3000,3426000,26.846805,4.5784
n30_graph1,30,0.1,0.5,20,10000,571,3000,7423000,26.952673,10.4291
n30_graph1,30,0.1,0.8,1,100,28,3000,86800,38.803389,0.1091
n30_graph1,30,0.1,0.8,1,300,28,3000,92400,39.565055,0.1173
n30_graph1,30,0.1,0.8,1,1000,28,3000,112000,38.983259,0.1426
n30_graph1,30,0.1,0.8,1,3000,28,3000,168000,38.358306,0.2297
n30_graph1,30,0.1,0.8,1,10000,28,3000,364000,38.417362,0.5194
n30_graph1,30,0.1,0.8,4,100,111,3000,344100,38.501549,0.4302
n30_graph1,30,0.1,0.8,4,300,111,3000,366300,38.952593,0.4653
n30_graph1,30,0.1,0.8,4,1000,111,3000,444000,38.212448,0.5769
n30_graph1,30,0.1,0.8,4,3000,111,3000,666000,38.759701,0.9083
n30_graph1,30,0.1,0.8,4,10000,111,3000,1443000,38.725289,2.0662
n30_graph1,30,0.1,0.8,20,100,553,3000,1714300,38.589630,2.1177
n30_graph1,30,0.1,0.8,20,300,553,3000,1824900,38.759950,2.2784
n30_graph1,30,0.1,0.8,20,1000,553,3000,2212000,38.686986,2.8605
n30_graph1,30,0.1,0.8,20,3000,553,3000,3318000,38.819286,4.5059
n30_graph1,30,0.1,0.8,20,10000,553,3000,7189000,38.660543,10.2425
n30_graph1,30,0.1,1.0,1,100,28,3000,86800,46.678059,0.1095
n30_graph1,30,0.1,1.0,1,300,28,3000,92400,48.013748,0.1164
n30_graph1,30,0.1,1.0,1,1000,28,3000,112000,48.125961,0.1469
n30_graph1,30,0.1,1.0,1,3000,28,3000,168000,48.596474,0.2293
n30_graph1,30,0.1,1.0,1,10000,28,3000,364000,48.041690,0.5241
n30_graph1,30,0.1,1.0,4,100,109,3000,337900,48.435923,0.4247
n30_graph1,30,0.1,1.0,4,300,109,3000,359700,47.879927,0.4595
n30_graph1,30,0.1,1.0,4,1000,109,3000,436000,47.828851,0.5706
n30_graph1,30,0.1,1.0,4,3000,109,3000,654000,48.056936,0.8997
n30_graph1,30,0.1,1.0,4,10000,109,3000,1417000,47.961911,2.0373
n30_graph1,30,0.1,1.0,20,100,541,3000,1677100,47.989082,2.0919
n30_graph1,30,0.1,1.0,20,300,541,3000,1785300,48.295496,2.2549
n30_graph1,30,0.1,1.0,20,1000,541,3000,2164000,47.917565,2.8335
n30_graph1,30,0.1,1.0,20,3000,541,3000,3246000,48.104863,4.4537
n30_graph1,30,0.1,1.0,20,10000,541,3000,7033000,48.090077,10.1637
n30_graph1,30,0.1,1.3,1,100,27,3000,83700,61.740705,0.1068
n30_graph1,30,0.1,1.3,1,300,27,3000,89100,62.475902,0.1136
n30_graph1,30,0.1,1.3,1,1000,27,3000,108000,61.857661,0.1432
n30_graph1,30,0.1,1.3,1,3000,27,3000,162000,62.375646,0.2265
n30_graph1,30,0.1,1.3,1,10000,27,3000,351000,62.593377,0.5087
n30_graph1,30,0.1,1.3,4,100,105,3000,325500,61.922746,0.4138
n30_graph1,30,0.1,1.3,4,300,105,3000,346500,62.689707,0.4439
n30_graph1,30,0.1,1.3,4,1000,105,3000,420000,62.582505,0.5502
n30_graph1,30,0.1,1.3,4,3000,105,3000,630000,62.216441,0.8687
n30_graph1,30,0.1,1.3,4,10000,105,3000,1365000,62.533730,1.9581
n30_graph1,30,0.1,1.3,20,100,523,3000,1621300,62.259138,2.0208
n30_graph1,30,0.1,1.3,20,300,523,3000,1725900,62.293290,2.2260
n30_graph1,30,0.1,1.3,20,1000,523,3000,2092000,62.385525,2.7392
n30_graph1,30,0.1,1.3,20,3000,523,3000,3138000,62.381852,4.3100
n30_graph1,30,0.1,1.3,20,10000,523,3000,6799000,62.448993,9.8552
n30_graph1,30,0.1,1.8,1,100,25,3000,77500,87.830039,0.0993
n30_graph1,30,0.1,1.8,1,300,25,3000,82500,86.268173,0.1069
n30_graph1,30,0.1,1.8,1,1000,25,3000,100000,86.228343,0.1370
n30_graph1,30,0.1,1.8,1,3000,25,3000,150000,86.252539,0.2117
n30_graph1,30,0.1,1.8,1,10000,25,3000,325000,86.531055,0.4776
n30_graph1,30,0.1,1.8,4,100,99,3000,306900,86.528725,0.3936
n30_graph1,30,0.1,1.8,4,300,99,3000,326700,86.158068,0.4136
n30_graph1,30,0.1,1.8,4,1000,99,3000,396000,86.333827,0.5218
n30_graph1,30,0.1,1.8,4,3000,99,3000,594000,86.326734,0.8198
n30_graph1,30,0.1,1.8,4,10000,99,3000,1287000,86.402620,1.8476
n30_graph1,30,0.1,1.8,20,100,494,3000,1531400,86.315090,1.9458
n30_graph1,30,0.1,1.8,20,300,494,3000,1630200,86.323595,2.0934
n30_graph1,30,0.1,1.8,20,1000,494,3000,1976000,86.401290,2.6155
n30_graph1,30,0.1,1.8,20,3000,494,3000,2964000,86.364107,4.1066
n30_graph1,30,0.1,1.8,20,10000,494,3000,6422000,86.408258,9.3054
n30_graph1,30,0.1,2.5,1,100,23,3000,71300,119.864836,0.0910
n30_graph1,30,0.1,2.5,1,300,23,3000,75900,120.025210,0.0984
n30_graph1,30,0.1,2.5,1,1000,23,3000,92000,119.905078,0.1227
n30_graph1,30,0.1,2.5,1,3000,23,3000,138000,119.998422,0.1906
n30_graph1,30,0.1,2.5,1,10000,23,3000,299000,119.918753,0.4406
n30_graph1,30,0.1,2.5,4,100,91,3000,282100,119.625395,0.3628
n30_graph1,30,0.1,2.5,4,300,91,3000,300300,119.839741,0.3844
n30_graph1,30,0.1,2.5,4,1000,91,3000,364000,120.137005,0.4829
n30_graph1,30,0.1,2.5,4,3000,91,3000,546000,119.980945,0.7594
n30_graph1,30,0.1,2.5,4,10000,91,3000,1183000,119.934529,1.7032
n30_graph1,30,0.1,2.5,20,100,454,3000,1407400,119.836619,1.7902
n30_graph1,30,0.1,2.5,20,300,454,3000,1498200,119.853757,1.9257
n30_graph1,30,0.1,2.5,20,1000,454,3000,1816000,119.964134,2.3941
n30_graph1,30,0.1,2.5,20,3000,454,3000,2724000,119.992817,3.7548
n30_graph1,30,0.1,2.5,20,10000,454,3000,5902000,120.024564,8.5219
n30_graph1,30,0.1,5.0,1,100,17,3000,52700,240.306179,0.0669
n30_graph1,30,0.1,5.0,1,300,17,3000,56100,239.901620,0.0737
n30_graph1,30,0.1,5.0,1,1000,17,3000,68000,240.149343,0.0893
n30_graph1,30,0.1,5.0,1,3000,17,3000,102000,240.056628,0.1424
n30_graph1,30,0.1,5.0,1,10000,17,3000,221000,239.971680,0.3237
n30_graph1,30,0.1,5.0,4,100,65,3000,201500,239.950492,0.2568
n30_graph1,30,0.1,5.0,4,300,65,3000,214500,240.065749,0.2753
n30_graph1,30,0.1,5.0,4,1000,65,3000,260000,239.938358,0.3504
n30_graph1,30,0.1,5.0,4,3000,65,3000,390000,240.051902,0.5431
n30_graph1,30,0.1,5.0,4,10000,65,3000,845000,239.984193,1.2645
n30_graph1,30,0.1,5.0,20,100,323,3000,1001300,240.037172,1.2851
n30_graph1,30,0.1,5.0,20,300,323,3000,1065900,239.945621,1.3587
n30_graph1,30,0.1,5.0,20,1000,323,3000,1292000,239.976970,1.7074
n30_graph1,30,0.1,5.0,20,3000,323,3000,1938000,239.993799,2.7148
n30_graph1,30,0.1,5.0,20,10000,323,3000,4199000,239.999203,6.1314
n30_graph1,30,0.2,0.1,1,100,30,3000,93000,21.765680,0.1089
n30_graph1,30,0.2,0.1,1,300,30,3000,99000,20.601852,0.1164
n30_graph1,30,0.2,0.1,1,1000,30,3000,120000,20.886660,0.1463
n30_graph1,30,0.2,0.1,1,3000,30,3000,180000,20.662737,0.2309
n30_graph1,30,0.2,0.1,1,10000,30,3000,390000,21.156129,0.5193
n30_graph1,30,0.2,0.1,4,100,118,3000,365800,20.597922,0.4218
n30_graph1,30,0.2,0.1,4,300,118,3000,389400,20.556929,0.4547
n30_graph1,30,0.2,0.1,4,1000,118,3000,472000,20.908068,0.5760
n30_graph1,30,0.2,0.1,4,3000,118,3000,708000,20.970468,0.9102
n30_graph1,30,0.2,0.1,4,10000,118,3000,1534000,21.047990,2.0592
n30_graph1,30,0.2,0.1,20,100,589,3000,1825900,20.760743,2.1736
n30_graph1,30,0.2,0.1,20,300,589,3000,1943700,20.980565,2.2958
n30_graph1,30,0.2,0.1,20,1000,589,3000,2356000,20.939528,2.8540
n30_graph1,30,0.2,0.1,20,3000,589,3000,3534000,21.025459,4.5200
n30_graph1,30,0.2,0.1,20,10000,589,3000,7657000,21.000581,10.1581
n30_graph1,30,0.2,0.2,1,100,29,3000,89900,21.681500,0.1063
n30_graph1,30,0.2,0.2,1,300,29,3000,95700,21.858598,0.1142
n30_graph1,30,0.2,0.2,1,1000,29,3000,116000,21.729590,0.1425
n30_graph1,30,0.2,0.2,1,3000,29,3000,174000,21.669308,0.2260
n30_graph1,30,0.2,0.2,1,10000,29,3000,377000,21.595365,0.5189
n30_graph1,30,0.2,0.2,4,100,116,3000,359600,21.499766,0.4280
n30_graph1,30,0.2,0.2,4,300,116,3000,382800,21.096473,0.4601
n30_graph1,30,0.2,0.2,4,1000,116,3000,464000,21.907762,0.5746
n30_graph1,30,0.2,0.2,4,3000,116,3000,696000,21.955832,0.9028
n30_graph1,30,0.2,0.2,4,10000,116,3000,1508000,21.622980,2.0499
n30_graph1,30,0.2,0.2,20,100,577,3000,1788700,21.826428,2.1438
n30_graph1,30,0.2,0.2,20,300,577,3000,1904100,21.819224,2.2831
n30_graph1,30,0.2,0.2,20,1000,577,3000,2308000,21.586141,2.8354
n30_graph1,30,0.2,0.2,20,3000,577,3000,3462000,21.798305,4.4613
n30_graph1,30,0.2,0.2,20,10000,577,3000,7501000,21.775471,10.1005
n30_graph1,30,0.2,0.3,1,100,29,3000,89900,23.224484,0.1076
n30_graph1,30,0.2,0.3,1,300,29,3000,95700,23.830686,0.1154
n30_graph1,30,0.2,0.3,1,1000,29,3000,116000,23.110570,0.1442
n30_graph1,30,0.2,0.3,1,3000,29,3000,174000,22.657739,0.2284
n30_graph1,30,0.2,0.3,1,10000,29,3000,377000,23.298798,0.5147
n30_graph1,30,0.2,0.3,4,100,113,3000,350300,22.560055,0.4189
n30_graph1,30,0.2,0.3,4,300,113,3000,372900,23.301459,0.4450
n30_graph1,30,0.2,0.3,4,1000,113,3000,452000,23.092657,0.5787
n30_graph1,30,0.2,0.3,4,3000,113,3000,678000,22.973048,0.8791
n30_graph1,30,0.2,0.3,4,10000,113,3000,1469000,23.028080,2.0183
n30_graph1,30,0.2,0.3,20,100,565,3000,1751500,22.772647,2.0800
n30_graph1,30,0.2,0.3,20,300,565,3000,1864500,23.044184,2.2551
n30_graph1,30,0.2,0.3,20,1000,565,3000,2260000,22.974437,2.8270
n30_graph1,30,0.2,0.3,20,3000,565,3000,3390000,22.954964,4.4109
n30_graph1,30,0.2,0.3,20,10000,565,3000,7345000,23.091033,10.0922
n30_graph1,30,0.2,0.5,1,100,28,3000,86800,27.875025,0.1054
n30_graph1,30,0.2,0.5,1,300,28,3000,92400,27.012115,0.1130
n30_graph1,30,0.2,0.5,1,1000,28,3000,112000,27.933238,0.1430
n30_graph1,30,0.2,0.5,1,3000,28,3000,168000,27.642222,0.2234
n30_graph1,30,0.2,0.5,1,10000,28,3000,364000,27.838417,0.5008
n30_graph1,30,0.2,0.5,4,100,109,3000,337900,27.715315,0.4110
n30_graph1,30,0.2,0.5,4,300,109,3000,359700,28.098023,0.4463
n30_graph1,30,0.2,0.5,4,1000,109,3000,436000,27.778081,0.5539
n30_graph1,30,0.2,0.5,4,3000,109,3000,654000,27.587351,0.8716
n30_graph1,30,0.2,0.5,4,10000,109,3000,1417000,27.841611,1.9721
n30_graph1,30,0.2,0.5,20,100,541,3000,1677100,27.780761,2.0307
n30_graph1,30,0.2,0.5,20,300,541,3000,1785300,27.840582,2.1929
n30_graph1,30,0.2,0.5,20,1000,541,3000,2164000,27.738118,2.7643
n30_graph1,30,0.2,0.5,20,3000,541,3000,3246000,27.726075,4.3128
n30_graph1,30,0.2,0.5,20,10000,541,3000,7033000,27.800626,9.7847
n30_graph1,30,0.2,0.8,1,100,26,3000,80600,40.211101,0.1012
n30_graph1,30,0.2,0.8,1,300,26,3000,85800,40.875176,0.1079
n30_graph1,30,0.2,0.8,1,1000,26,3000,104000,41.109529,0.1341
n30_graph1,30,0.2,0.8,1,3000,26,3000,156000,41.022571,0.2185
n30_graph1,30,0.2,0.8,1,10000,26,3000,338000,40.981385,0.4794
n30_graph1,30,0.2,0.8,4,100,101,3000,313100,40.684438,0.3877
n30_graph1,30,0.2,0.8,4,300,101,3000,333300,41.247460,0.4217
n30_graph1,30,0.2,0.8,4,1000,101,3000,404000,40.554910,0.5262
n30_graph1,30,0.2,0.8,4,3000,101,3000,606000,40.945175,0.8216
n30_graph1,30,0.2,0.8,4,10000,101,3000,1313000,41.042288,1.8673
n30_graph1,30,0.2,0.8,20,100,505,3000,1565500,40.826945,1.9351
n30_graph1,30,0.2,0.8,20,300,505,3000,1666500,41.183819,2.1171
n30_graph1,30,0.2,0.8,20,1000,505,3000,2020000,41.096803,2.6530
n30_graph1,30,0.2,0.8,20,3000,505,3000,3030000,41.048333,4.1099
n30_graph1,30,0.2,0.8,20,10000,505,3000,6565000,41.031312,9.3217
n30_graph1,30,0.2,1.0,1,100,25,3000,77500,50.257169,0.0969
n30_graph1,30,0.2,1.0,1,300,25,3000,82500,49.776482,0.1046
n30_graph1,30,0.2,1.0,1,1000,25,3000,100000,51.390630,0.1296
n30_graph1,30,0.2,1.0,1,3000,25,3000,150000,51.001631,0.2049
n30_graph1,30,0.2,1.0,1,10000,25,3000,325000,51.083969,0.4657
n30_graph1,30,0.2,1.0,4,100,97,3000,300700,51.610001,0.3729
n30_graph1,30,0.2,1.0,4,300,97,3000,320100,50.962052,0.4046
n30_graph1,30,0.2,1.0,4,1000,97,3000,388000,51.111787,0.5132
n30_graph1,30,0.2,1.0,4,3000,97,3000,582000,51.007601,0.7958
n30_graph1,30,0.2,1.0,4,10000,97,3000,1261000,51.112511,1.8054
n30_graph1,30,0.2,1.0,20,100,482,3000,1494200,51.139703,1.8272
n30_graph1,30,0.2,1.0,20,300,482,3000,1590600,51.061155,2.0153
n30_graph1,30,0.2,1.0,20,1000,482,3000,1928000,51.071701,2.5103
n30_graph1,30,0.2,1.0,20,3000,482,3000,2892000,51.136386,3.9579
n30_graph1,30,0.2,1.0,20,10000,482,3000,6266000,51.035468,9.0229
n30_graph1,30,0.2,1.3,1,100,23,3000,71300,65.939466,0.0870
n30_graph1,30,0.2,1.3,1,300,23,3000,75900,65.455618,0.0965
n30_graph1,30,0.2,1.3,1,1000,23,3000,92000,66.259257,0.1187
n30_graph1,30,0.2,1.3,1,3000,23,3000,138000,66.445096,0.1898
n30_graph1,30,0.2,1.3,1,10000,23,3000,299000,66.428800,0.4349
n30_graph1,30,0.2,1.3,4,100,90,3000,279000,65.963635,0.3541
n30_graph1,30,0.2,1.3,4,300,90,3000,297000,66.331175,0.3829
n30_graph1,30,0.2,1.3,4,1000,90,3000,360000,66.450630,0.4839
n30_graph1,30,0.2,1.3,4,3000,90,3000,540000,66.343287,0.7480
n30_graph1,30,0.2,1.3,4,10000,90,3000,1170000,66.350575,1.6803
n30_graph1,30,0.2,1.3,20,100,448,3000,1388800,66.332987,1.7323
n30_graph1,30,0.2,1.3,20,300,448,3000,1478400,66.243653,1.8745
n30_graph1,30,0.2,1.3,20,1000,448,3000,1792000,66.244170,2.3740
n30_graph1,30,0.2,1.3,20,3000,448,3000,2688000,66.304551,3.6668
n30_graph1,30,0.2,1.3,20,10000,448,3000,5824000,66.334817,8.3773
n30_graph1,30,0.2,1.8,1,100,20,3000,62000,91.561721,0.0785
n30_graph1,30,0.2,1.8,1,300,20,3000,66000,91.810100,0.0854
n30_graph1,30,0.2,1.8,1,1000,20,3000,80000,91.962829,0.1054
n30_graph1,30,0.2,1.8,1,3000,20,3000,120000,91.693609,0.1670
n30_graph1,30,0.2,1.8,1,10000,20,3000,260000,91.805461,0.3746
n30_graph1,30,0.2,1.8,4,100,79,3000,244900,91.721798,0.3113
n30_graph1,30,0.2,1.8,4,300,79,3000,260700,91.993721,0.3366
n30_graph1,30,0.2,1.8,4,1000,79,3000,316000,91.639783,0.4165
n30_graph1,30,0.2,1.8,4,3000,79,3000,474000,91.818596,0.6497
n30_graph1,30,0.2,1.8,4,10000,79,3000,1027000,91.791525,1.4949
n30_graph1,30,0.2,1.8,20,100,393,3000,1218300,91.859769,1.5394
n30_graph1,30,0.2,1.8,20,300,393,3000,1296900,91.795737,1.6699
n30_graph1,30,0.2,1.8,20,1000,393,3000,1572000,91.822616,2.0627
n30_graph1,30,0.2,1.8,20,3000,393,3000,2358000,91.786364,3.2549
n30_graph1,30,0.2,1.8,20,10000,393,3000,5109000,91.804765,7.4467
n30_graph1,30,0.2,2.5,1,100,17,3000,52700,127.177007,0.0707
n30_graph1,30,0.2,2.5,1,300,17,3000,56100,127.750200,0.0730
n30_graph1,30,0.2,2.5,1,1000,17,3000,68000,127.461939,0.0903
n30_graph1,30,0.2,2.5,1,3000,17,3000,102000,127.522341,0.1424
n30_graph1,30,0.2,2.5,1,10000,17,3000,221000,127.464328,0.3200
n30_graph1,30,0.2,2.5,4,100,65,3000,201500,127.456345,0.2540
n30_graph1,30,0.2,2.5,4,300,65,3000,214500,127.651482,0.2707
n30_graph1,30,0.2,2.5,4,1000,65,3000,260000,127.467013,0.3415
n30_graph1,30,0.2,2.5,4,3000,65,3000,390000,127.482361,0.5402
n30_graph1,30,0.2,2.5,4,10000,65,3000,845000,127.489418,1.2365
n30_graph1,30,0.2,2.5,20,100,323,3000,1001300,127.486162,1.2877
n30_graph1,30,0.2,2.5,20,300,323,3000,1065900,127.422278,1.3794
n30_graph1,30,0.2,2.5,20,1000,323,3000,1292000,127.502444,1.7082
n30_graph1,30,0.2,2.5,20,3000,323,3000,1938000,127.529902,2.7203
n30_graph1,30,0.2,2.5,20,10000,323,3000,4199000,127.489557,6.1337
n30_graph1,30,0.2,5.0,1,100,8,3000,24800,254.902189,0.0322
n30_graph1,30,0.2,5.0,1,300,8,3000,26400,255.087147,0.0346
n30_graph1,30,0.2,5.0,1,1000,8,3000,32000,254.995794,0.0434
n30_graph1,30,0.2,5.0,1,3000,8,3000,48000,255.020705,0.0668
n30_graph1,30,0.2,5.0,1,10000,8,3000,104000,255.044248,0.1526
n30_graph1,30,0.2,5.0,4,100,29,3000,89900,255.014067,0.1169
n30_graph1,30,0.2,5.0,4,300,29,3000,95700,254.979371,0.1259
n30_graph1,30,0.2,5.0,4,1000,29,3000,116000,254.969268,0.1558
n30_graph1,30,0.2,5.0,4,3000,29,3000,174000,255.001722,0.2440
n30_graph1,30,0.2,5.0,4,10000,29,3000,377000,255.010043,0.5551
n30_graph1,30,0.2,5.0,20,100,144,3000,446400,254.967332,0.5834
n30_graph1,30,0.2,5.0,20,300,144,3000,475200,254.997445,0.6180
n30_graph1,30,0.2,5.0,20,1000,144,3000,576000,254.998543,0.7722
n30_graph1,30,0.2,5.0,20,3000,144,3000,864000,255.002356,1.2695
n30_graph1,30,0.2,5.0,20,10000,144,3000,1872000,254.997257,2.8052
n30_graph1,30,0.5,0.1,1,100,29,3000,89900,20.645941,0.1070
n30_graph1,30,0.5,0.1,1,300,29,3000,95700,20.607451,0.1143
n30_graph1,30,0.5,0.1,1,1000,29,3000,116000,21.078124,0.1448
n30_graph1,30,0.5,0.1,1,3000,29,3000,174000,21.151265,0.2234
n30_graph1,30,0.5,0.1,1,10000,29,3000,377000,21.028644,0.5048
n30_graph1,30,0.5,0.1,4,100,115,3000,356500,21.088116,0.4198
n30_graph1,30,0.5,0.1,4,300,115,3000,379500,20.466461,0.4429
n30_graph1,30,0.5,0.1,4,1000,115,3000,460000,21.212385,0.5636
n30_graph1,30,0.5,0.1,4,3000,115,3000,690000,21.052536,0.8855
n30_graph1,30,0.5,0.1,4,10000,115,3000,1495000,21.021495,1.9974
n30_graph1,30,0.5,0.1,20,100,571,3000,1770100,21.060770,2.0786
n30_graph1,30,0.5,0.1,20,300,571,3000,1884300,21.071798,2.2639
n30_graph1,30,0.5,0.1,20,1000,571,3000,2284000,21.045839,2.8793
n30_graph1,30,0.5,0.1,20,3000,571,3000,3426000,20.988066,4.5133
n30_graph1,30,0.5,0.1,20,10000,571,3000,7423000,21.048136,10.1031
n30_graph1,30,0.5,0.2,1,100,28,3000,86800,21.530372,0.1008
n30_graph1,30,0.5,0.2,1,300,28,3000,92400,22.491706,0.1076
n30_graph1,30,0.5,0.2,1,1000,28,3000,112000,22.372288,0.1375
n30_graph1,30,0.5,0.2,1,3000,28,3000,168000,22.114221,0.2146
n30_graph1,30,0.5,0.2,1,10000,28,3000,364000,22.195713,0.4981
n30_graph1,30,0.5,0.2,4,100,109,3000,337900,21.604727,0.4030
n30_graph1,30,0.5,0.2,4,300,109,3000,359700,22.563167,0.4317
n30_graph1,30,0.5,0.2,4,1000,109,3000,436000,22.138211,0.5440
n30_graph1,30,0.5,0.2,4,3000,109,3000,654000,21.913613,0.8520
n30_graph1,30,0.5,0.2,4,10000,109,3000,1417000,21.965491,1.9473
n30_graph1,30,0.5,0.2,20,100,541,3000,1677100,22.032001,1.9686
n30_graph1,30,0.5,0.2,20,300,541,3000,1785300,21.898135,2.1293
n30_graph1,30,0.5,0.2,20,1000,541,3000,2164000,22.139607,2.6626
n30_graph1,30,0.5,0.2,20,3000,541,3000,3246000,22.017909,4.1786
n30_graph1,30,0.5,0.2,20,10000,541,3000,7033000,21.972989,9.6081
n30_graph1,30,0.5,0.3,1,100,26,3000,80600,23.841645,0.0978
n30_graph1,30,0.5,0.3,1,300,26,3000,85800,23.276306,0.1055
n30_graph1,30,0.5,0.3,1,1000,26,3000,104000,23.218356,0.1311
n30_graph1,30,0.5,0.3,1,3000,26,3000,156000,23.259269,0.2081
n30_graph1,30,0.5,0.3,1,10000,26,3000,338000,23.994457,0.4704
n30_graph1,30,0.5,0.3,4,100,103,3000,319300,23.914501,0.3857
n30_graph1,30,0.5,0.3,4,300,103,3000,339900,23.323353,0.4149
n30_graph1,30,0.5,0.3,4,1000,103,3000,412000,23.578124,0.5213
n30_graph1,30,0.5,0.3,4,3000,103,3000,618000,23.789485,0.8271
n30_graph1,30,0.5,0.3,4,10000,103,3000,1339000,23.836349,1.8438
n30_graph1,30,0.5,0.3,20,100,511,3000,1584100,23.959761,1.9023
n30_graph1,30,0.5,0.3,20,300,511,3000,1686300,23.788647,2.0745
n30_graph1,30,0.5,0.3,20,1000,511,3000,2044000,23.695194,2.5661
n30_graph1,30,0.5,0.3,20,3000,511,3000,3066000,23.761513,4.0196
n30_graph1,30,0.5,0.3,20,10000,511,3000,6643000,23.810810,9.0348
n30_graph1,30,0.5,0.5,1,100,23,3000,71300,30.297184,0.0863
n30_graph1,30,0.5,0.5,1,300,23,3000,75900,30.962054,0.0927
n30_graph1,30,0.5,0.5,1,1000,23,3000,92000,30.922056,0.1169
n30_graph1,30,0.5,0.5,1,3000,23,3000,138000,31.306003,0.1839
n30_graph1,30,0.5,0.5,1,10000,23,3000,299000,31.376507,0.4232
n30_graph1,30,0.5,0.5,4,100,91,3000,282100,31.135428,0.3511
n30_graph1,30,0.5,0.5,4,300,91,3000,300300,31.657537,0.3780
n30_graph1,30,0.5,0.5,4,1000,91,3000,364000,31.166011,0.4614
n30_graph1,30,0.5,0.5,4,3000,91,3000,546000,31.305690,0.7349
n30_graph1,30,0.5,0.5,4,10000,91,3000,1183000,31.278255,1.6658
n30_graph1,30,0.5,0.5,20,100,454,3000,1407400,31.349248,1.7028
n30_graph1,30,0.5,0.5,20,300,454,3000,1498200,31.248506,1.8531
n30_graph1,30,0.5,0.5,20,1000,454,3000,1816000,31.339263,2.2831
n30_graph1,30,0.5,0.5,20,3000,454,3000,2724000,31.336586,3.6250
n30_graph1,30,0.5,0.5,20,10000,454,3000,5902000,31.310362,8.6696
n30_graph1,30,0.5,0.8,1,100,19,3000,58900,47.509075,0.0744
n30_graph1,30,0.5,0.8,1,300,19,3000,62700,48.436318,0.0809
n30_graph1,30,0.5,0.8,1,1000,19,3000,76000,47.933997,0.1004
n30_graph1,30,0.5,0.8,1,3000,19,3000,114000,48.122905,0.1570
n30_graph1,30,0.5,0.8,1,10000,19,3000,247000,48.184397,0.3594
n30_graph1,30,0.5,0.8,4,100,75,3000,232500,47.732191,0.2992
n30_graph1,30,0.5,0.8,4,300,75,3000,247500,48.033600,0.3285
n30_graph1,30,0.5,0.8,4,1000,75,3000,300000,47.998797,0.3973
n30_graph1,30,0.5,0.8,4,3000,75,3000,450000,48.190933,0.6890
n30_graph1,30,0.5,0.8,4,10000,75,3000,975000,48.117443,1.5927
n30_graph1,30,0.5,0.8,20,100,373,3000,1156300,48.146618,1.6824
n30_graph1,30,0.5,0.8,20,300,373,3000,1230900,48.189964,1.7675
n30_graph1,30,0.5,0.8,20,1000,373,3000,1492000,48.104438,2.1401
n30_graph1,30,0.5,0.8,20,3000,373,3000,2238000,48.129283,3.2584
n30_graph1,30,0.5,0.8,20,10000,373,3000,4849000,48.131444,7.1429
n30_graph1,30,0.5,1.0,1,100,17,3000,52700,60.306336,0.0664
n30_graph1,30,0.5,1.0,1,300,17,3000,56100,59.960354,0.0700
n30_graph1,30,0.5,1.0,1,1000,17,3000,68000,60.155631,0.0882
n30_graph1,30,0.5,1.0,1,3000,17,3000,102000,59.979139,0.1367
n30_graph1,30,0.5,1.0,1,10000,17,3000,221000,59.990768,0.3105
n30_graph1,30,0.5,1.0,4,100,65,3000,201500,60.061649,0.2510
n30_graph1,30,0.5,1.0,4,300,65,3000,214500,59.956461,0.2717
n30_graph1,30,0.5,1.0,4,1000,65,3000,260000,60.056239,0.3357
n30_graph1,30,0.5,1.0,4,3000,65,3000,390000,60.067733,0.5394
n30_graph1,30,0.5,1.0,4,10000,65,3000,845000,60.001566,1.2009
n30_graph1,30,0.5,1.0,20,100,323,3000,1001300,59.920629,1.2444
n30_graph1,30,0.5,1.0,20,300,323,3000,1065900,60.105348,1.3352
n30_graph1,30,0.5,1.0,20,1000,323,3000,1292000,60.013609,1.6597
n30_graph1,30,0.5,1.0,20,3000,323,3000,1938000,60.018441,2.6409
n30_graph1,30,0.5,1.0,20,10000,323,3000,4199000,60.024979,5.9791
n30_graph1,30,0.5,1.3,1,100,13,3000,40300,78.219280,0.0513
n30_graph1,30,0.5,1.3,1,300,13,3000,42900,77.950357,0.0542
n30_graph1,30,0.5,1.3,1,1000,13,3000,52000,78.157651,0.0686
n30_graph1,30,0.5,1.3,1,3000,13,3000,78000,77.952145,0.1087
n30_graph1,30,0.5,1.3,1,10000,13,3000,169000,77.961598,0.2443
n30_graph1,30,0.5,1.3,4,100,52,3000,161200,78.025013,0.2032
n30_graph1,30,0.5,1.3,4,300,52,3000,171600,78.005110,0.2183
n30_graph1,30,0.5,1.3,4,1000,52,3000,208000,78.060504,0.2714
n30_graph1,30,0.5,1.3,4,3000,52,3000,312000,78.018620,0.4306
n30_graph1,30,0.5,1.3,4,10000,52,3000,676000,78.007026,0.9830
n30_graph1,30,0.5,1.3,20,100,257,3000,796700,78.046841,0.9856
n30_graph1,30,0.5,1.3,20,300,257,3000,848100,78.023456,1.0922
n30_graph1,30,0.5,1.3,20,1000,257,3000,1028000,78.010853,1.3527
n30_graph1,30,0.5,1.3,20,3000,257,3000,1542000,77.994231,2.1320
n30_graph1,30,0.5,1.3,20,10000,257,3000,3341000,78.012725,4.7939
n30_graph1,30,0.5,1.8,1,100,9,3000,27900,108.107235,0.0357
n30_graph1,30,0.5,1.8,1,300,9,3000,29700,108.003125,0.0385
n30_graph1,30,0.5,1.8,1,1000,9,3000,36000,107.924084,0.0482
n30_graph1,30,0.5,1.8,1,3000,9,3000,54000,107.985416,0.0740
n30_graph1,30,0.5,1.8,1,10000,9,3000,117000,107.986248,0.1677
n30_graph1,30,0.5,1.8,4,100,35,3000,108500,108.107207,0.1376
n30_graph1,30,0.5,1.8,4,300,35,3000,115500,108.066175,0.1473
n30_graph1,30,0.5,1.8,4,1000,35,3000,140000,107.994736,0.1860
n30_graph1,30,0.5,1.8,4,3000,35,3000,210000,108.009597,0.2905
n30_graph1,30,0.5,1.8,4,10000,35,3000,455000,107.993887,0.6658
n30_graph1,30,0.5,1.8,20,100,171,3000,530100,107.939228,0.6939
n30_graph1,30,0.5,1.8,20,300,171,3000,564300,108.011462,0.7345
n30_graph1,30,0.5,1.8,20,1000,171,3000,684000,107.994896,0.9177
n30_graph1,30,0.5,1.8,20,3000,171,3000,1026000,107.999923,1.4237
n30_graph1,30,0.5,1.8,20,10000,171,3000,2223000,108.006597,3.2203
n30_graph1,30,0.5,2.5,1,100,5,3000,15500,149.958187,0.0192
n30_graph1,30,0.5,2.5,1,300,5,3000,16500,149.994832,0.0212
n30_graph1,30,0.5,2.5,1,1000,5,3000,20000,149.992190,0.0256
n30_graph1,30,0.5,2.5,1,3000,5,3000,30000,149.983681,0.0411
n30_graph1,30,0.5,2.5,1,10000,5,3000,65000,150.015437,0.0940
n30_graph1,30,0.5,2.5,4,100,19,3000,58900,150.026057,0.0748
n30_graph1,30,0.5,2.5,4,300,19,3000,62700,150.044630,0.0826
n30_graph1,30,0.5,2.5,4,1000,19,3000,76000,149.972362,0.1094
n30_graph1,30,0.5,2.5,4,3000,19,3000,114000,149.983309,0.1617
n30_graph1,30,0.5,2.5,4,10000,19,3000,247000,149.996226,0.3655
n30_graph1,30,0.5,2.5,20,100,92,3000,285200,150.007370,0.3643
n30_graph1,30,0.5,2.5,20,300,92,3000,303600,149.993725,0.3916
n30_graph1,30,0.5,2.5,20,1000,92,3000,368000,149.996173,0.4899
n30_graph1,30,0.5,2.5,20,3000,92,3000,552000,150.001876,0.7743
n30_graph1,30,0.5,2.5,20,10000,92,3000,1196000,150.000377,1.7283
n30_graph1,30,0.5,5.0,1,100,1,3000,3100,299.978957,0.0039
n30_graph1,30,0.5,5.0,1,300,1,3000,3300,300.004877,0.0042
n30_graph1,30,0.5,5.0,1,1000,1,3000,4000,300.003508,0.0055
n30_graph1,30,0.5,5.0,1,3000,1,3000,6000,300.001790,0.0081
n30_graph1,30,0.5,5.0,1,10000,1,3000,13000,299.996107,0.0192
n30_graph1,30,0.5,5.0,4,100,2,3000,6200,300.028174,0.0086
n30_graph1,30,0.5,5.0,4,300,2,3000,6600,300.012896,0.0087
n30_graph1,30,0.5,5.0,4,1000,2,3000,8000,299.997667,0.0105
n30_graph1,30,0.5,5.0,4,3000,2,3000,12000,299.996658,0.0174
n30_graph1,30,0.5,5.0,4,10000,2,3000,26000,300.001158,0.0378
n30_graph1,30,0.5,5.0,20,100,9,3000,27900,299.992337,0.0353
n30_graph1,30,0.5,5.0,20,300,9,3000,29700,299.996713,0.0386
n30_graph1,30,0.5,5.0,20,1000,9,3000,36000,299.994381,0.0480
n30_graph1,30,0.5,5.0,20,3000,9,3000,54000,299.999670,0.0745
n30_graph1,30,0.5,5.0,20,10000,9,3000,117000,300.000202,0.1700
n30_graph1,30,1.0,0.1,1,100,28,3000,86800,21.868251,0.1006
n30_graph1,30,1.0,0.1,1,300,28,3000,92400,19.557497,0.1089
n30_graph1,30,1.0,0.1,1,1000,28,3000,112000,21.046143,0.1343
n30_graph1,30,1.0,0.1,1,3000,28,3000,168000,21.420922,0.2140
n30_graph1,30,1.0,0.1,1,10000,28,3000,364000,21.139237,0.4814
n30_graph1,30,1.0,0.1,4,100,109,3000,337900,21.724263,0.3878
n30_graph1,30,1.0,0.1,4,300,109,3000,359700,21.222492,0.4354
n30_graph1,30,1.0,0.1,4,1000,109,3000,436000,21.068616,0.5238
n30_graph1,30,1.0,0.1,4,3000,109,3000,654000,21.253539,0.8262
n30_graph1,30,1.0,0.1,4,10000,109,3000,1417000,21.232827,1.8850
n30_graph1,30,1.0,0.1,20,100,541,3000,1677100,21.241014,1.9687
n30_graph1,30,1.0,0.1,20,300,541,3000,1785300,21.283322,2.0930
n30_graph1,30,1.0,0.1,20,1000,541,3000,2164000,21.058367,2.6246
n30_graph1,30,1.0,0.1,20,3000,541,3000,3246000,21.264938,4.0614
n30_graph1,30,1.0,0.1,20,10000,541,3000,7033000,21.253669,9.4580
n30_graph1,30,1.0,0.2,1,100,25,3000,77500,23.760716,0.0916
n30_graph1,30,1.0,0.2,1,300,25,3000,82500,23.154120,0.0993
n30_graph1,30,1.0,0.2,1,1000,25,3000,100000,22.463016,0.1232
n30_graph1,30,1.0,0.2,1,3000,25,3000,150000,23.025263,0.1933
n30_graph1,30,1.0,0.2,1,10000,25,3000,325000,22.992927,0.4430
n30_graph1,30,1.0,0.2,4,100,97,3000,300700,22.478458,0.3551
n30_graph1,30,1.0,0.2,4,300,97,3000,320100,23.343188,0.3857
n30_graph1,30,1.0,0.2,4,1000,97,3000,388000,22.682408,0.4790
n30_graph1,30,1.0,0.2,4,3000,97,3000,582000,22.786378,0.7437
n30_graph1,30,1.0,0.2,4,10000,97,3000,1261000,22.858038,1.6966
n30_graph1,30,1.0,0.2,20,100,482,3000,1494200,22.885500,1.7489
n30_graph1,30,1.0,0.2,20,300,482,3000,1590600,22.813564,1.8954
n30_graph1,30,1.0,0.2,20,1000,482,3000,1928000,22.955252,2.3560
n30_graph1,30,1.0,0.2,20,3000,482,3000,2892000,22.829149,3.6681
n30_graph1,30,1.0,0.2,20,10000,482,3000,6266000,22.825557,8.4089
n30_graph1,30,1.0,0.3,1,100,22,3000,68200,26.250975,0.0805
n30_graph1,30,1.0,0.3,1,300,22,3000,72600,27.033401,0.0863
n30_graph1,30,1.0,0.3,1,1000,22,3000,88000,26.363725,0.1089
n30_graph1,30,1.0,0.3,1,3000,22,3000,132000,26.119192,0.1731
n30_graph1,30,1.0,0.3,1,10000,22,3000,286000,26.267781,0.3924
n30_graph1,30,1.0,0.3,4,100,86,3000,266600,26.110259,0.3181
n30_graph1,30,1.0,0.3,4,300,86,3000,283800,26.132491,0.3414
n30_graph1,30,1.0,0.3,4,1000,86,3000,344000,26.472703,0.4229
n30_graph1,30,1.0,0.3,4,3000,86,3000,516000,26.149856,0.6633
n30_graph1,30,1.0,0.3,4,10000,86,3000,1118000,26.236517,1.5019
n30_graph1,30,1.0,0.3,20,100,426,3000,1320600,26.376970,1.5830
n30_graph1,30,1.0,0.3,20,300,426,3000,1405800,26.120581,1.6978
n30_graph1,30,1.0,0.3,20,1000,426,3000,1704000,26.327149,2.1045
n30_graph1,30,1.0,0.3,20,3000,426,3000,2556000,26.312196,3.3458
n30_graph1,30,1.0,0.3,20,10000,426,3000,5538000,26.233728,7.6289
n30_graph1,30,1.0,0.5,1,100,17,3000,52700,37.744067,0.0640
n30_graph1,30,1.0,0.5,1,300,17,3000,56100,37.700687,0.0700
n30_graph1,30,1.0,0.5,1,1000,17,3000,68000,38.005561,0.0862
n30_graph1,30,1.0,0.5,1,3000,17,3000,102000,38.144456,0.1376
n30_graph1,30,1.0,0.5,1,10000,17,3000,221000,38.147514,0.3098
n30_graph1,30,1.0,0.5,4,100,65,3000,201500,38.144597,0.2458
n30_graph1,30,1.0,0.5,4,300,65,3000,214500,38.117648,0.2617
n30_graph1,30,1.0,0.5,4,1000,65,3000,260000,38.077806,0.3256
n30_graph1,30,1.0,0.5,4,3000,65,3000,390000,38.283678,0.5169
n30_graph1,30,1.0,0.5,4,10000,65,3000,845000,38.174448,1.1851
n30_graph1,30,1.0,0.5,20,100,323,3000,1001300,38.260208,1.2149
n30_graph1,30,1.0,0.5,20,300,323,3000,1065900,38.184975,1.3122
n30_graph1,30,1.0,0.5,20,1000,323,3000,1292000,38.184709,1.6305
n30_graph1,30,1.0,0.5,20,3000,323,3000,1938000,38.173726,2.5627
n30_graph1,30,1.0,0.5,20,10000,323,3000,4199000,38.158397,5.8575
n30_graph1,30,1.0,0.8,1,100,11,3000,34100,60.030709,0.0427
n30_graph1,30,1.0,0.8,1,300,11,3000,36300,60.019084,0.0455
n30_graph1,30,1.0,0.8,1,1000,11,3000,44000,59.963768,0.0567
n30_graph1,30,1.0,0.8,1,3000,11,3000,66000,59.979261,0.0894
n30_graph1,30,1.0,0.8,1,10000,11,3000,143000,60.054501,0.2034
n30_graph1,30,1.0,0.8,4,100,41,3000,127100,60.050354,0.1588
n30_graph1,30,1.0,0.8,4,300,41,3000,135300,60.008464,0.1696
n30_graph1,30,1.0,0.8,4,1000,41,3000,164000,60.012141,0.2122
n30_graph1,30,1.0,0.8,4,3000,41,3000,246000,60.104564,0.3353
n30_graph1,30,1.0,0.8,4,10000,41,3000,533000,60.029655,0.7590
n30_graph1,30,1.0,0.8,20,100,202,3000,626200,60.137920,0.7746
n30_graph1,30,1.0,0.8,20,300,202,3000,666600,60.055174,0.8361
n30_graph1,30,1.0,0.8,20,1000,202,3000,808000,60.078307,1.0178
n30_graph1,30,1.0,0.8,20,3000,202,3000,1212000,60.059865,1.6421
n30_graph1,30,1.0,0.8,20,10000,202,3000,2626000,60.047498,3.8220
n30_graph1,30,1.0,1.0,1,100,8,3000,24800,74.903834,0.0320
n30_graph1,30,1.0,1.0,1,300,8,3000,26400,74.965692,0.0344
n30_graph1,30,1.0,1.0,1,1000,8,3000,32000,74.954560,0.0434
n30_graph1,30,1.0,1.0,1,3000,8,3000,48000,74.982734,0.0717
n30_graph1,30,1.0,1.0,1,10000,8,3000,104000,75.019932,0.1551
n30_graph1,30,1.0,1.0,4,100,29,3000,89900,74.979478,0.1193
n30_graph1,30,1.0,1.0,4,300,29,3000,95700,75.007669,0.1308
n30_graph1,30,1.0,1.0,4,1000,29,3000,116000,75.016338,0.1598
n30_graph1,30,1.0,1.0,4,3000,29,3000,174000,75.014923,0.2500
n30_graph1,30,1.0,1.0,4,10000,29,3000,377000,75.012436,0.5674
n30_graph1,30,1.0,1.0,20,100,144,3000,446400,75.011916,0.5823
n30_graph1,30,1.0,1.0,20,300,144,3000,475200,74.991629,0.6433
n30_graph1,30,1.0,1.0,20,1000,144,3000,576000,75.011137,0.7793
n30_graph1,30,1.0,1.0,20,3000,144,3000,864000,75.006988,1.2352
n30_graph1,30,1.0,1.0,20,10000,144,3000,1872000,75.012234,2.8580
n30_graph1,30,1.0,1.3,1,100,5,3000,15500,97.322478,0.0189
n30_graph1,30,1.0,1.3,1,300,5,3000,16500,97.506654,0.0202
n30_graph1,30,1.0,1.3,1,1000,5,3000,20000,97.475153,0.0251
n30_graph1,30,1.0,1.3,1,3000,5,3000,30000,97.496266,0.0399
n30_graph1,30,1.0,1.3,1,10000,5,3000,65000,97.509545,0.0898
n30_graph1,30,1.0,1.3,4,100,17,3000,52700,97.506495,0.0688
n30_graph1,30,1.0,1.3,4,300,17,3000,56100,97.519803,0.0802
n30_graph1,30,1.0,1.3,4,1000,17,3000,68000,97.495247,0.0927
n30_graph1,30,1.0,1.3,4,3000,17,3000,102000,97.485304,0.1400
n30_graph1,30,1.0,1.3,4,10000,17,3000,221000,97.509538,0.3153
n30_graph1,30,1.0,1.3,20,100,83,3000,257300,97.490799,0.3671
n30_graph1,30,1.0,1.3,20,300,83,3000,273900,97.500583,0.3467
n30_graph1,30,1.0,1.3,20,1000,83,3000,332000,97.499229,0.4422
n30_graph1,30,1.0,1.3,20,3000,83,3000,498000,97.498662,0.7093
n30_graph1,30,1.0,1.3,20,10000,83,3000,1079000,97.501738,1.5807
n30_graph1,30,1.0,1.8,1,100,2,3000,6200,135.008231,0.0086
n30_graph1,30,1.0,1.8,1,300,2,3000,6600,134.998993,0.0107
n30_graph1,30,1.0,1.8,1,1000,2,3000,8000,135.025546,0.0131
n30_graph1,30,1.0,1.8,1,3000,2,3000,12000,134.987098,0.0189
n30_graph1,30,1.0,1.8,1,10000,2,3000,26000,135.002470,0.0424
n30_graph1,30,1.0,1.8,4,100,7,3000,21700,134.981983,0.0316
n30_graph1,30,1.0,1.8,4,300,7,3000,23100,134.981436,0.0304
n30_graph1,30,1.0,1.8,4,1000,7,3000,28000,135.003659,0.0419
n30_graph1,30,1.0,1.8,4,3000,7,3000,42000,135.007938,0.0590
n30_graph1,30,1.0,1.8,4,10000,7,3000,91000,134.997622,0.1314
n30_graph1,30,1.0,1.8,20,100,32,3000,99200,134.990209,0.1314
n30_graph1,30,1.0,1.8,20,300,32,3000,105600,134.992304,0.1409
n30_graph1,30,1.0,1.8,20,1000,32,3000,128000,135.000260,0.1695
n30_graph1,30,1.0,1.8,20,3000,32,3000,192000,134.997372,0.2695
n30_graph1,30,1.0,1.8,20,10000,32,3000,416000,134.998643,0.6456
n30_graph1,30,1.0,2.5,1,100,1,3000,3100,187.469288,0.0043
n30_graph1,30,1.0,2.5,1,300,1,3000,3300,187.498622,0.0042
n30_graph1,30,1.0,2.5,1,1000,1,3000,4000,187.502803,0.0054
n30_graph1,30,1.0,2.5,1,3000,1,3000,6000,187.497918,0.0095
n30_graph1,30,1.0,2.5,1,10000,1,3000,13000,187.498130,0.0196
n30_graph1,30,1.0,2.5,4,100,2,3000,6200,187.512037,0.0102
n30_graph1,30,1.0,2.5,4,300,2,3000,6600,187.487997,0.0081
n30_graph1,30,1.0,2.5,4,1000,2,3000,8000,187.501488,0.0110
n30_graph1,30,1.0,2.5,4,3000,2,3000,12000,187.501237,0.0164
n30_graph1,30,1.0,2.5,4,10000,2,3000,26000,187.499520,0.0388
n30_graph1,30,1.0,2.5,20,100,9,3000,27900,187.495936,0.0381
n30_graph1,30,1.0,2.5,20,300,9,3000,29700,187.500523,0.0379
n30_graph1,30,1.0,2.5,20,1000,9,3000,36000,187.504123,0.0482
n30_graph1,30,1.0,2.5,20,3000,9,3000,54000,187.498607,0.0768
n30_graph1,30,1.0,2.5,20,10000,9,3000,117000,187.499921,0.1708
n30_graph1,30,1.0,5.0,1,100,1,3000,3100,374.999780,0.0038
n30_graph1,30,1.0,5.0,1,300,1,3000,3300,374.999962,0.0040
n30_graph1,30,1.0,5.0,1,1000,1,3000,4000,374.999967,0.0055
n30_graph1,30,1.0,5.0,1,3000,1,3000,6000,375.000045,0.0086
n30_graph1,30,1.0,5.0,1,10000,1,3000,13000,374.999993,0.0187
n30_graph1,30,1.0,5.0,4,100,1,3000,3100,374.999995,0.0038
n30_graph1,30,1.0,5.0,4,300,1,3000,3300,374.999925,0.0050
n30_graph1,30,1.0,5.0,4,1000,1,3000,4000,374.999978,0.0053
n30_graph1,30,1.0,5.0,4,3000,1,3000,6000,374.999989,0.0080
n30_graph1,30,1.0,5.0,4,10000,1,3000,13000,375.000013,0.0192
n30_graph1,30,1.0,5.0,20,100,1,3000,3100,374.999985,0.0040
n30_graph1,30,1.0,5.0,20,300,1,3000,3300,374.999978,0.0042
n30_graph1,30,1.0,5.0,20,1000,1,3000,4000,374.999980,0.0054
n30_graph1,30,1.0,5.0,20,3000,1,3000,6000,375.000016,0.0090
n30_graph1,30,1.0,5.0,20,10000,1,3000,13000,374.999990,0.0191
n40_graph0,40,0.0,0.1,1,100,40,3000,124000,28.387501,0.1004
n40_graph0,40,0.0,0.1,1,300,40,3000,132000,27.492650,0.1049
n40_graph0,40,0.0,0.1,1,1000,40,3000,160000,28.369111,0.1328
n40_graph0,40,0.0,0.1,1,3000,40,3000,240000,27.820116,0.2220
n40_graph0,40,0.0,0.1,1,10000,40,3000,520000,28.067903,0.4939
n40_graph0,40,0.0,0.2,1,100,40,3000,124000,28.340982,0.1077
n40_graph0,40,0.0,0.2,1,300,40,3000,132000,28.218432,0.1141
n40_graph0,40,0.0,0.2,1,1000,40,3000,160000,29.759871,0.1452
n40_graph0,40,0.0,0.2,1,3000,40,3000,240000,29.192577,0.2122
n40_graph0,40,0.0,0.2,1,10000,40,3000,520000,28.919481,0.5063
n40_graph0,40,0.0,0.3,1,100,40,3000,124000,30.374046,0.1080
n40_graph0,40,0.0,0.3,1,300,40,3000,132000,27.687891,0.1159
n40_graph0,40,0.0,0.3,1,1000,40,3000,160000,30.328070,0.1505
n40_graph0,40,0.0,0.3,1,3000,40,3000,240000,30.258964,0.2322
n40_graph0,40,0.0,0.3,1,10000,40,3000,520000,30.049992,0.4953
n40_graph0,40,0.0,0.5,1,100,40,3000,124000,32.596095,0.1057
n40_graph0,40,0.0,0.5,1,300,40,3000,132000,35.805379,0.1111
n40_graph0,40,0.0,0.5,1,1000,40,3000,160000,36.172238,0.1464
n40_graph0,40,0.0,0.5,1,3000,40,3000,240000,34.824264,0.2383
n40_graph0,40,0.0,0.5,1,10000,40,3000,520000,34.918676,0.5115
n40_graph0,40,0.0,0.8,1,100,40,3000,124000,nan,0.1095
n40_graph0,40,0.0,0.8,1,300,40,3000,132000,nan,0.1144
n40_graph0,40,0.0,0.8,1,1000,40,3000,160000,nan,0.1548
n40_graph0,40,0.0,0.8,1,3000,40,3000,240000,47.672716,0.2318
n40_graph0,40,0.0,0.8,1,10000,40,3000,520000,49.583572,0.5527
n40_graph0,40,0.0,1.0,1,100,40,3000,124000,58.994196,0.1105
n40_graph0,40,0.0,1.0,1,300,40,3000,132000,60.380741,0.1173
n40_graph0,40,0.0,1.0,1,1000,40,3000,160000,59.124596,0.1492
n40_graph0,40,0.0,1.0,1,3000,40,3000,240000,60.707644,0.2381
n40_graph0,40,0.0,1.0,1,10000,40,3000,520000,52.957987,0.5226
n40_graph0,40,0.0,1.3,1,100,40,3000,124000,77.325490,0.1111
n40_graph0,40,0.0,1.3,1,300,40,3000,132000,80.115322,0.1208
n40_graph0,40,0.0,1.3,1,1000,40,3000,160000,78.549396,0.1461
n40_graph0,40,0.0,1.3,1,3000,40,3000,240000,79.577899,0.2391
n40_graph0,40,0.0,1.3,1,10000,40,3000,520000,78.432594,0.5449
n40_graph0,40,0.0,1.8,1,100,40,3000,124000,107.084703,0.1117
n40_graph0,40,0.0,1.8,1,300,40,3000,132000,nan,0.1262
n40_graph0,40,0.0,1.8,1,1000,40,3000,160000,106.703768,0.1505
n40_graph0,40,0.0,1.8,1,3000,40,3000,240000,106.724234,0.2340
n40_graph0,40,0.0,1.8,1,10000,40,3000,520000,108.855772,0.5335
n40_graph0,40,0.0,2.5,1,100,40,3000,124000,147.285957,0.1111
n40_graph0,40,0.0,2.5,1,300,40,3000,132000,nan,0.1300
n40_graph0,40,0.0,2.5,1,1000,40,3000,160000,nan,0.1540
n40_graph0,40,0.0,2.5,1,3000,40,3000,240000,151.750921,0.2413
n40_graph0,40,0.0,2.5,1,10000,40,3000,520000,150.008115,0.5622
n40_graph0,40,0.0,5.0,1,100,40,3000,124000,302.437651,0.1122
n40_graph0,40,0.0,5.0,1,300,40,3000,132000,nan,0.1266
n40_graph0,40,0.0,5.0,1,1000,40,3000,160000,299.641633,0.1531
n40_graph0,40,0.0,5.0,1,3000,40,3000,240000,300.997479,0.2403
n40_graph0,40,0.0,5.0,1,10000,40,3000,520000,301.090257,0.5575
n40_graph0,40,0.1,0.1,1,100,40,3000,124000,27.239059,0.1096
n40_graph0,40,0.1,0.1,1,300,40,3000,132000,27.888153,0.1221
n40_graph0,40,0.1,0.1,1,1000,40,3000,160000,27.874001,0.1500
n40_graph0,40,0.1,0.1,1,3000,40,3000,240000,27.803879,0.2335
n40_graph0,40,0.1,0.1,1,10000,40,3000,520000,28.004579,0.5315
n40_graph0,40,0.1,0.2,1,100,40,3000,124000,29.335613,0.1102
n40_graph0,40,0.1,0.2,1,300,40,3000,132000,28.737132,0.1202
n40_graph0,40,0.1,0.2,1,1000,40,3000,160000,27.837700,0.1479
n40_graph0,40,0.1,0.2,1,3000,40,3000,240000,29.015332,0.2343
n40_graph0,40,0.1,0.2,1,10000,40,3000,520000,28.655571,0.5211
n40_graph0,40,0.1,0.3,1,100,39,3000,120900,30.082176,0.1016
n40_graph0,40,0.1,0.3,1,300,39,3000,128700,29.477015,0.1154
n40_graph0,40,0.1,0.3,1,1000,39,3000,156000,29.811365,0.1460
n40_graph0,40,0.1,0.3,1,3000,39,3000,234000,30.160499,0.2302
n40_graph0,40,0.1,0.3,1,10000,39,3000,507000,30.672756,0.5295
n40_graph0,40,0.1,0.5,1,100,39,3000,120900,33.889212,0.1127
n40_graph0,40,0.1,0.5,1,300,39,3000,128700,33.892105,0.1128
n40_graph0,40,0.1,0.5,1,1000,39,3000,156000,35.090995,0.1459
n40_graph0,40,0.1,0.5,1,3000,39,3000,234000,34.553908,0.2183
n40_graph0,40,0.1,0.5,1,10000,39,3000,507000,35.649918,0.5208
n40_graph0,40,0.1,0.8,1,100,37,3000,114700,50.974784,0.1054
n40_graph0,40,0.1,0.8,1,300,37,3000,122100,51.071843,0.1092
n40_graph0,40,0.1,0.8,1,1000,37,3000,148000,52.259987,0.1389
n40_graph0,40,0.1,0.8,1,3000,37,3000,222000,51.357536,0.2280
n40_graph0,40,0.1,0.8,1,10000,37,3000,481000,51.354981,0.5110
n40_graph0,40,0.1,1.0,1,100,37,3000,114700,64.396106,0.0999
n40_graph0,40,0.1,1.0,1,300,37,3000,122100,63.657528,0.1094
n40_graph0,40,0.1,1.0,1,1000,37,3000,148000,63.078427,0.1531
n40_graph0,40,0.1,1.0,1,3000,37,3000,222000,64.019472,0.2403
n40_graph0,40,0.1,1.0,1,10000,37,3000,481000,64.099628,0.5171
n40_graph0,40,0.1,1.3,1,100,35,3000,108500,82.242259,0.0981
n40_graph0,40,0.1,1.3,1,300,35,3000,115500,83.632937,0.1132
n40_graph0,40,0.1,1.3,1,1000,35,3000,140000,83.340260,0.1331
n40_graph0,40,0.1,1.3,1,3000,35,3000,210000,83.098301,0.2196
n40_graph0,40,0.1,1.3,1,10000,35,3000,455000,83.027913,0.4980
n40_graph0,40,0.1,1.8,1,100,33,3000,102300,114.554603,0.0985
n40_graph0,40,0.1,1.8,1,300,33,3000,108900,114.153278,0.0983
n40_graph0,40,0.1,1.8,1,1000,33,3000,132000,115.744148,0.1232
n40_graph0,40,0.1,1.8,1,3000,33,3000,198000,115.267534,0.2065
n40_graph0,40,0.1,1.8,1,10000,33,3000,429000,115.287819,0.4586
n40_graph0,40,0.1,2.5,1,100,31,3000,96100,159.074278,0.0939
n40_graph0,40,0.1,2.5,1,300,31,3000,102300,160.449923,0.1007
n40_graph0,40,0.1,2.5,1,1000,31,3000,124000,160.048241,0.1248
n40_graph0,40,0.1,2.5,1,3000,31,3000,186000,160.145292,0.1983
n40_graph0,40,0.1,2.5,1,10000,31,3000,403000,159.993988,0.4345
n40_graph0,40,0.1,5.0,1,100,22,3000,68200,320.071178,0.0692
n40_graph0,40,0.1,5.0,1,300,22,3000,72600,320.209659,0.0701
n40_graph0,40,0.1,5.0,1,1000,22,3000,88000,319.852419,0.0945
n40_graph0,40,0.1,5.0,1,3000,22,3000,132000,320.125785,0.1334
n40_graph0,40,0.1,5.0,1,10000,22,3000,286000,320.001346,0.3247
n40_graph0,40,0.2,0.1,1,100,40,3000,124000,28.033511,0.1087
n40_graph0,40,0.2,0.1,1,300,40,3000,132000,28.116051,0.1138
n40_graph0,40,0.2,0.1,1,1000,40,3000,160000,27.983054,0.1447
n40_graph0,40,0.2,0.1,1,3000,40,3000,240000,27.887590,0.2273
n40_graph0,40,0.2,0.1,1,10000,40,3000,520000,28.028535,0.5277
n40_graph0,40,0.2,0.2,1,100,39,3000,120900,27.825328,0.1104
n40_graph0,40,0.2,0.2,1,300,39,3000,128700,28.592492,0.1202
n40_graph0,40,0.2,0.2,1,1000,39,3000,156000,29.821137,0.1513
n40_graph0,40,0.2,0.2,1,3000,39,3000,234000,29.579103,0.2214
n40_graph0,40,0.2,0.2,1,10000,39,3000,507000,28.755229,0.5063
n40_graph0,40,0.2,0.3,1,100,38,3000,117800,30.695549,0.1020
n40_graph0,40,0.2,0.3,1,300,38,3000,125400,31.189474,0.1148
n40_graph0,40,0.2,0.3,1,1000,38,3000,152000,30.789038,0.1467
n40_graph0,40,0.2,0.3,1,3000,38,3000,228000,31.188539,0.2178
n40_graph0,40,0.2,0.3,1,10000,38,3000,494000,30.744420,0.5018
n40_graph0,40,0.2,0.5,1,100,37,3000,114700,36.412726,0.1076
n40_graph0,40,0.2,0.5,1,300,37,3000,122100,36.737305,0.1158
n40_graph0,40,0.2,0.5,1,1000,37,3000,148000,37.619507,0.1463
n40_graph0,40,0.2,0.5,1,3000,37,3000,222000,36.898087,0.2220
n40_graph0,40,0.2,0.5,1,10000,37,3000,481000,37.361545,0.5059
n40_graph0,40,0.2,0.8,1,100,34,3000,105400,54.215267,0.0986
n40_graph0,40,0.2,0.8,1,300,34,3000,112200,54.347538,0.1013
n40_graph0,40,0.2,0.8,1,1000,34,3000,136000,54.360717,0.1262
n40_graph0,40,0.2,0.8,1,3000,34,3000,204000,54.636811,0.2093
n40_graph0,40,0.2,0.8,1,10000,34,3000,442000,54.868624,0.4759
n40_graph0,40,0.2,1.0,1,100,33,3000,102300,67.581179,0.0995
n40_graph0,40,0.2,1.0,1,300,33,3000,108900,67.982492,0.1046
n40_graph0,40,0.2,1.0,1,1000,33,3000,132000,67.735674,0.1318
n40_graph0,40,0.2,1.0,1,3000,33,3000,198000,67.525491,0.2028
n40_graph0,40,0.2,1.0,1,10000,33,3000,429000,68.196093,0.4685
n40_graph0,40,0.2,1.3,1,100,30,3000,93000,88.138003,0.0820
n40_graph0,40,0.2,1.3,1,300,30,3000,99000,88.160205,0.0910
n40_graph0,40,0.2,1.3,1,1000,30,3000,120000,88.389870,0.1202
n40_graph0,40,0.2,1.3,1,3000,30,3000,180000,88.488327,0.1819
n40_graph0,40,0.2,1.3,1,10000,30,3000,390000,88.375317,0.4330
n40_graph0,40,0.2,1.8,1,100,27,3000,83700,122.453310,0.0836
n40_graph0,40,0.2,1.8,1,300,27,3000,89100,122.268851,0.0812
n40_graph0,40,0.2,1.8,1,1000,27,3000,108000,122.349465,0.1056
n40_graph0,40,0.2,1.8,1,3000,27,3000,162000,122.556058,0.1697
n40_graph0,40,0.2,1.8,1,10000,27,3000,351000,122.417790,0.3905
n40_graph0,40,0.2,2.5,1,100,22,3000,68200,169.686971,0.0680
n40_graph0,40,0.2,2.5,1,300,22,3000,72600,169.897294,0.0735
n40_graph0,40,0.2,2.5,1,1000,22,3000,88000,169.973716,0.0844
n40_graph0,40,0.2,2.5,1,3000,22,3000,132000,169.993102,0.1342
n40_graph0,40,0.2,2.5,1,10000,22,3000,286000,169.959980,0.3128
n40_graph0,40,0.2,5.0,1,100,10,3000,31000,340.260478,0.0304
n40_graph0,40,0.2,5.0,1,300,10,3000,33000,340.009319,0.0327
n40_graph0,40,0.2,5.0,1,1000,10,3000,40000,340.042395,0.0410
n40_graph0,40,0.2,5.0,1,3000,10,3000,60000,339.966318,0.0609
n40_graph0,40,0.2,5.0,1,10000,10,3000,130000,339.990322,0.1409
n40_graph0,40,0.5,0.1,1,100,39,3000,120900,28.617141,0.1077
n40_graph0,40,0.5,0.1,1,300,39,3000,128700,28.036504,0.1184
n40_graph0,40,0.5,0.1,1,1000,39,3000,156000,28.348386,0.1523
n40_graph0,40,0.5,0.1,1,3000,39,3000,234000,28.251802,0.2346
n40_graph0,40,0.5,0.1,1,10000,39,3000,507000,28.089135,0.5256
n40_graph0,40,0.5,0.2,1,100,37,3000,114700,27.610791,0.0996
n40_graph0,40,0.5,0.2,1,300,37,3000,122100,29.378546,0.1144
n40_graph0,40,0.5,0.2,1,1000,37,3000,148000,29.640201,0.1379
n40_graph0,40,0.5,0.2,1,3000,37,3000,222000,29.292213,0.2115
n40_graph0,40,0.5,0.2,1,10000,37,3000,481000,29.258188,0.4936
n40_graph0,40,0.5,0.3,1,100,35,3000,108500,31.128662,0.0963
n40_graph0,40,0.5,0.3,1,300,35,3000,115500,31.481224,0.1104
n40_graph0,40,0.5,0.3,1,1000,35,3000,140000,31.872080,0.1360
n40_graph0,40,0.5,0.3,1,3000,35,3000,210000,31.713593,0.2140
n40_graph0,40,0.5,0.3,1,10000,35,3000,455000,31.788930,0.4821
n40_graph0,40,0.5,0.5,1,100,31,3000,96100,41.199774,0.0873
n40_graph0,40,0.5,0.5,1,300,31,3000,102300,42.070141,0.0910
n40_graph0,40,0.5,0.5,1,1000,31,3000,124000,41.812403,0.1242
n40_graph0,40,0.5,0.5,1,3000,31,3000,186000,41.644904,0.1844
n40_graph0,40,0.5,0.5,1,10000,31,3000,403000,41.862466,0.4213
n40_graph0,40,0.5,0.8,1,100,25,3000,77500,64.267857,0.0745
n40_graph0,40,0.5,0.8,1,300,25,3000,82500,64.432480,0.0805
n40_graph0,40,0.5,0.8,1,1000,25,3000,100000,64.060724,0.1001
n40_graph0,40,0.5,0.8,1,3000,25,3000,150000,64.003731,0.1558
n40_graph0,40,0.5,0.8,1,10000,25,3000,325000,64.058285,0.3555
n40_graph0,40,0.5,1.0,1,100,22,3000,68200,79.608226,0.0663
n40_graph0,40,0.5,1.0,1,300,22,3000,72600,80.235691,0.0747
n40_graph0,40,0.5,1.0,1,1000,22,3000,88000,80.053259,0.0959
n40_graph0,40,0.5,1.0,1,3000,22,3000,132000,80.026148,0.1509
n40_graph0,40,0.5,1.0,1,10000,22,3000,286000,80.055681,0.3371
n40_graph0,40,0.5,1.3,1,100,18,3000,55800,103.971173,0.0588
n40_graph0,40,0.5,1.3,1,300,18,3000,59400,103.963904,0.0630
n40_graph0,40,0.5,1.3,1,1000,18,3000,72000,103.970620,0.0786
n40_graph0,40,0.5,1.3,1,3000,18,3000,108000,104.058965,0.1205
n40_graph0,40,0.5,1.3,1,10000,18,3000,234000,103.970861,0.2732
n40_graph0,40,0.5,1.8,1,100,12,3000,37200,143.934813,0.0389
n40_graph0,40,0.5,1.8,1,300,12,3000,39600,143.961939,0.0420
n40_graph0,40,0.5,1.8,1,1000,12,3000,48000,143.994323,0.0533
n40_graph0,40,0.5,1.8,1,3000,12,3000,72000,143.965072,0.0809
n40_graph0,40,0.5,1.8,1,10000,12,3000,156000,144.009413,0.1840
n40_graph0,40,0.5,2.5,1,100,7,3000,21700,200.005703,0.0225
n40_graph0,40,0.5,2.5,1,300,7,3000,23100,199.890080,0.0238
n40_graph0,40,0.5,2.5,1,1000,7,3000,28000,200.001814,0.0310
n40_graph0,40,0.5,2.5,1,3000,7,3000,42000,200.024156,0.0475
n40_graph0,40,0.5,2.5,1,10000,7,3000,91000,200.015038,0.1101
n40_graph0,40,0.5,5.0,1,100,1,3000,3100,400.011485,0.0034
n40_graph0,40,0.5,5.0,1,300,1,3000,3300,399.987158,0.0034
n40_graph0,40,0.5,5.0,1,1000,1,3000,4000,399.984805,0.0043
n40_graph0,40,0.5,5.0,1,3000,1,3000,6000,399.992514,0.0067
n40_graph0,40,0.5,5.0,1,10000,1,3000,13000,400.004989,0.0155
n40_graph0,40,1.0,0.1,1,100,37,3000,114700,28.597436,0.1114
n40_graph0,40,1.0,0.1,1,300,37,3000,122100,28.537702,0.1195
n40_graph0,40,1.0,0.1,1,1000,37,3000,148000,28.585535,0.1500
n40_graph0,40,1.0,0.1,1,3000,37,3000,222000,28.614985,0.2375
n40_graph0,40,1.0,0.1,1,10000,37,3000,481000,28.195735,0.5367
n40_graph0,40,1.0,0.2,1,100,33,3000,102300,29.876669,0.1012
n40_graph0,40,1.0,0.2,1,300,33,3000,108900,30.219569,0.1088
n40_graph0,40,1.0,0.2,1,1000,33,3000,132000,30.342173,0.1330
n40_graph0,40,1.0,0.2,1,3000,33,3000,198000,30.365416,0.2137
n40_graph0,40,1.0,0.2,1,10000,33,3000,429000,30.698840,0.4802
n40_graph0,40,1.0,0.3,1,100,29,3000,89900,34.922575,0.0883
n40_graph0,40,1.0,0.3,1,300,29,3000,95700,34.807331,0.0963
n40_graph0,40,1.0,0.3,1,1000,29,3000,116000,35.294189,0.1203
n40_graph0,40,1.0,0.3,1,3000,29,3000,174000,34.704520,0.1902
n40_graph0,40,1.0,0.3,1,10000,29,3000,377000,35.075975,0.4276
n40_graph0,40,1.0,0.5,1,100,22,3000,68200,51.042538,0.0691
n40_graph0,40,1.0,0.5,1,300,22,3000,72600,50.939434,0.0750
n40_graph0,40,1.0,0.5,1,1000,22,3000,88000,50.851245,0.0934
n40_graph0,40,1.0,0.5,1,3000,22,3000,132000,50.746061,0.1444
n40_graph0,40,1.0,0.5,1,10000,22,3000,286000,50.859128,0.3390
n40_graph0,40,1.0,0.8,1,100,14,3000,43400,80.086437,0.0450
n40_graph0,40,1.0,0.8,1,300,14,3000,46200,80.003074,0.0505
n40_graph0,40,1.0,0.8,1,1000,14,3000,56000,80.037365,0.0626
n40_graph0,40,1.0,0.8,1,3000,14,3000,84000,80.001633,0.0952
n40_graph0,40,1.0,0.8,1,10000,14,3000,182000,80.084721,0.2150
n40_graph0,40,1.0,1.0,1,100,10,3000,31000,100.106539,0.0322
n40_graph0,40,1.0,1.0,1,300,10,3000,33000,100.127644,0.0360
n40_graph0,40,1.0,1.0,1,1000,10,3000,40000,100.031593,0.0435
n40_graph0,40,1.0,1.0,1,3000,10,3000,60000,100.001299,0.0699
n40_graph0,40,1.0,1.0,1,10000,10,3000,130000,100.020789,0.1533
n40_graph0,40,1.0,1.3,1,100,6,3000,18600,130.220845,0.0199
n40_graph0,40,1.0,1.3,1,300,6,3000,19800,129.872646,0.0212
n40_graph0,40,1.0,1.3,1,1000,6,3000,24000,129.978267,0.0259
n40_graph0,40,1.0,1.3,1,3000,6,3000,36000,129.990040,0.0434
n40_graph0,40,1.0,1.3,1,10000,6,3000,78000,130.021044,0.0984
n40_graph0,40,1.0,1.8,1,100,3,3000,9300,180.014163,0.0096
n40_graph0,40,1.0,1.8,1,300,3,3000,9900,180.036038,0.0111
n40_graph0,40,1.0,1.8,1,1000,3,3000,12000,179.978057,0.0130
n40_graph0,40,1.0,1.8,1,3000,3,3000,18000,179.967734,0.0209
n40_graph0,40,1.0,1.8,1,10000,3,3000,39000,180.004935,0.0469
n40_graph0,40,1.0,2.5,1,100,1,3000,3100,249.995306,0.0034
n40_graph0,40,1.0,2.5,1,300,1,3000,3300,250.000730,0.0035
n40_graph0,40,1.0,2.5,1,1000,1,3000,4000,250.002979,0.0050
n40_graph0,40,1.0,2.5,1,3000,1,3000,6000,249.997188,0.0070
n40_graph0,40,1.0,2.5,1,10000,1,3000,13000,250.000088,0.0153
n40_graph0,40,1.0,5.0,1,100,1,3000,3100,500.000265,0.0035
n40_graph0,40,1.0,5.0,1,300,1,3000,3300,500.000144,0.0035
n40_graph0,40,1.0,5.0,1,1000,1,3000,4000,499.999995,0.0043
n40_graph0,40,1.0,5.0,1,3000,1,3000,6000,499.999980,0.0066
n40_graph0,40,1.0,5.0,1,10000,1,3000,13000,500.000000,0.0159
n40_graph1,40,0.0,0.1,1,100,40,3000,124000,27.185031,0.1214
n40_graph1,40,0.0,0.1,1,300,40,3000,132000,28.078498,0.1301
n40_graph1,40,0.0,0.1,1,1000,40,3000,160000,27.861020,0.1677
n40_graph1,40,0.0,0.1,1,3000,40,3000,240000,28.111078,0.2662
n40_graph1,40,0.0,0.1,1,10000,40,3000,520000,28.089762,0.5679
n40_graph1,40,0.0,0.2,1,100,40,3000,124000,28.923458,0.1180
n40_graph1,40,0.0,0.2,1,300,40,3000,132000,28.213343,0.1261
n40_graph1,40,0.0,0.2,1,1000,40,3000,160000,28.909549,0.1580
n40_graph1,40,0.0,0.2,1,3000,40,3000,240000,28.614613,0.2565
n40_graph1,40,0.0,0.2,1,10000,40,3000,520000,29.041668,0.5887
n40_graph1,40,0.0,0.3,1,100,40,3000,124000,31.535880,0.1204
n40_graph1,40,0.0,0.3,1,300,40,3000,132000,29.476327,0.1307
n40_graph1,40,0.0,0.3,1,1000,40,3000,160000,30.214274,0.1656
n40_graph1,40,0.0,0.3,1,3000,40,3000,240000,30.303245,0.2563
n40_graph1,40,0.0,0.3,1,10000,40,3000,520000,30.501814,0.6012
n40_graph1,40,0.0,0.5,1,100,40,3000,124000,36.378161,0.1275
n40_graph1,40,0.0,0.5,1,300,40,3000,132000,32.482302,0.1347
n40_graph1,40,0.0,0.5,1,1000,40,3000,160000,nan,0.1586
n40_graph1,40,0.0,0.5,1,3000,40,3000,240000,35.763914,0.2454
n40_graph1,40,0.0,0.5,1,10000,40,3000,520000,34.320106,0.5548
n40_graph1,40,0.0,0.8,1,100,40,3000,124000,nan,0.1172
n40_graph1,40,0.0,0.8,1,300,40,3000,132000,47.600706,0.1251
n40_graph1,40,0.0,0.8,1,1000,40,3000,160000,nan,0.1592
n40_graph1,40,0.0,0.8,1,3000,40,3000,240000,nan,0.2444
n40_graph1,40,0.0,0.8,1,10000,40,3000,520000,48.787594,0.5677
n40_graph1,40,0.0,1.0,1,100,40,3000,124000,nan,0.1152
n40_graph1,40,0.0,1.0,1,300,40,3000,132000,nan,0.1225
n40_graph1,40,0.0,1.0,1,1000,40,3000,160000,61.104931,0.1564
n40_graph1,40,0.0,1.0,1,3000,40,3000,240000,61.016165,0.2413
n40_graph1,40,0.0,1.0,1,10000,40,3000,520000,60.177303,0.5625
n40_graph1,40,0.0,1.3,1,100,40,3000,124000,76.728585,0.1188
n40_graph1,40,0.0,1.3,1,300,40,3000,132000,78.107802,0.1299
n40_graph1,40,0.0,1.3,1,1000,40,3000,160000,80.403442,0.1653
n40_graph1,40,0.0,1.3,1,3000,40,3000,240000,79.923930,0.2579
n40_graph1,40,0.0,1.3,1,10000,40,3000,520000,78.707110,0.5847
n40_graph1,40,0.0,1.8,1,100,40,3000,124000,106.002764,0.1268
n40_graph1,40,0.0,1.8,1,300,40,3000,132000,nan,0.1351
n40_graph1,40,0.0,1.8,1,1000,40,3000,160000,nan,0.1613
n40_graph1,40,0.0,1.8,1,3000,40,3000,240000,109.395983,0.2428
n40_graph1,40,0.0,1.8,1,10000,40,3000,520000,108.359096,0.5482
n40_graph1,40,0.0,2.5,1,100,40,3000,124000,150.326095,0.1170
n40_graph1,40,0.0,2.5,1,300,40,3000,132000,nan,0.1233
n40_graph1,40,0.0,2.5,1,1000,40,3000,160000,150.249518,0.1545
n40_graph1,40,0.0,2.5,1,3000,40,3000,240000,151.206628,0.2430
n40_graph1,40,0.0,2.5,1,10000,40,3000,520000,150.646679,0.5513
n40_graph1,40,0.0,5.0,1,100,40,3000,124000,302.240281,0.1161
n40_graph1,40,0.0,5.0,1,300,40,3000,132000,nan,0.1248
n40_graph1,40,0.0,5.0,1,1000,40,3000,160000,nan,0.1557
n40_graph1,40,0.0,5.0,1,3000,40,3000,240000,300.500319,0.2419
n40_graph1,40,0.0,5.0,1,10000,40,3000,520000,300.987519,0.5430
n40_graph1,40,0.1,0.1,1,100,40,3000,124000,27.321600,0.1094
n40_graph1,40,0.1,0.1,1,300,40,3000,132000,27.900635,0.1182
n40_graph1,40,0.1,0.1,1,1000,40,3000,160000,27.761887,0.1466
n40_graph1,40,0.1,0.1,1,3000,40,3000,240000,28.012909,0.2300
n40_graph1,40,0.1,0.1,1,10000,40,3000,520000,27.999891,0.5200
n40_graph1,40,0.1,0.2,1,100,40,3000,124000,28.373742,0.1106
n40_graph1,40,0.1,0.2,1,300,40,3000,132000,28.980198,0.1185
n40_graph1,40,0.1,0.2,1,1000,40,3000,160000,29.155540,0.1456
n40_graph1,40,0.1,0.2,1,3000,40,3000,240000,29.230589,0.2317
n40_graph1,40,0.1,0.2,1,10000,40,3000,520000,28.839745,0.5226
n40_graph1,40,0.1,0.3,1,100,39,3000,120900,29.252464,0.1080
n40_graph1,40,0.1,0.3,1,300,39,3000,128700,31.040918,0.1159
n40_graph1,40,0.1,0.3,1,1000,39,3000,156000,30.656285,0.1460
n40_graph1,40,0.1,0.3,1,3000,39,3000,234000,30.597852,0.2265
n40_graph1,40,0.1,0.3,1,10000,39,3000,507000,30.579501,0.5181
n40_graph1,40,0.1,0.5,1,100,39,3000,120900,33.687175,0.1101
n40_graph1,40,0.1,0.5,1,300,39,3000,128700,35.086297,0.1177
n40_graph1,40,0.1,0.5,1,1000,39,3000,156000,36.271471,0.1467
n40_graph1,40,0.1,0.5,1,3000,39,3000,234000,35.784693,0.2287
n40_graph1,40,0.1,0.5,1,10000,39,3000,507000,36.088199,0.5214
n40_graph1,40,0.1,0.8,1,100,37,3000,114700,50.672636,0.1058
n40_graph1,40,0.1,0.8,1,300,37,3000,122100,51.977057,0.1133
n40_graph1,40,0.1,0.8,1,1000,37,3000,148000,51.560424,0.1419
n40_graph1,40,0.1,0.8,1,3000,37,3000,222000,51.332277,0.2233
n40_graph1,40,0.1,0.8,1,10000,37,3000,481000,51.717501,0.5042
n40_graph1,40,0.1,1.0,1,100,37,3000,114700,63.771243,0.1073
n40_graph1,40,0.1,1.0,1,300,37,3000,122100,64.702425,0.1209
n40_graph1,40,0.1,1.0,1,1000,37,3000,148000,64.431371,0.1472
n40_graph1,40,0.1,1.0,1,3000,37,3000,222000,64.409952,0.2302
n40_graph1,40,0.1,1.0,1,10000,37,3000,481000,64.053580,0.5321
n40_graph1,40,0.1,1.3,1,100,35,3000,108500,82.677038,0.1043
n40_graph1,40,0.1,1.3,1,300,35,3000,115500,83.022381,0.1092
n40_graph1,40,0.1,1.3,1,1000,35,3000,140000,83.523901,0.1412
n40_graph1,40,0.1,1.3,1,3000,35,3000,210000,83.307425,0.2605
n40_graph1,40,0.1,1.3,1,10000,35,3000,455000,83.392491,0.5018
n40_graph1,40,0.1,1.8,1,100,33,3000,102300,114.678670,0.0977
n40_graph1,40,0.1,1.8,1,300,33,3000,108900,114.677604,0.1073
n40_graph1,40,0.1,1.8,1,1000,33,3000,132000,114.930435,0.1313
n40_graph1,40,0.1,1.8,1,3000,33,3000,198000,114.730931,0.2105
n40_graph1,40,0.1,1.8,1,10000,33,3000,429000,115.230275,0.4800
n40_graph1,40,0.1,2.5,1,100,31,3000,96100,159.838152,0.0895
n40_graph1,40,0.1,2.5,1,300,31,3000,102300,160.832571,0.0964
n40_graph1,40,0.1,2.5,1,1000,31,3000,124000,160.518274,0.1212
n40_graph1,40,0.1,2.5,1,3000,31,3000,186000,160.073800,0.1902
n40_graph1,40,0.1,2.5,1,10000,31,3000,403000,160.031888,0.4290
n40_graph1,40,0.1,5.0,1,100,22,3000,68200,320.029205,0.0668
n40_graph1,40,0.1,5.0,1,300,22,3000,72600,320.014392,0.0733
n40_graph1,40,0.1,5.0,1,1000,22,3000,88000,319.987225,0.0901
n40_graph1,40,0.1,5.0,1,3000,22,3000,132000,320.127715,0.1415
n40_graph1,40,0.1,5.0,1,10000,22,3000,286000,320.017604,0.3381
n40_graph1,40,0.2,0.1,1,100,40,3000,124000,27.182665,0.1100
n40_graph1,40,0.2,0.1,1,300,40,3000,132000,27.134874,0.1205
n40_graph1,40,0.2,0.1,1,1000,40,3000,160000,28.934501,0.1501
n40_graph1,40,0.2,0.1,1,3000,40,3000,240000,28.214983,0.2375
n40_graph1,40,0.2,0.1,1,10000,40,3000,520000,28.038381,0.5405
n40_graph1,40,0.2,0.2,1,100,39,3000,120900,30.749169,0.1119
n40_graph1,40,0.2,0.2,1,300,39,3000,128700,28.971719,0.1170
n40_graph1,40,0.2,0.2,1,1000,39,3000,156000,29.518919,0.1444
n40_graph1,40,0.2,0.2,1,3000,39,3000,234000,29.200906,0.2244
n40_graph1,40,0.2,0.2,1,10000,39,3000,507000,28.898415,0.5105
n40_graph1,40,0.2,0.3,1,100,38,3000,117800,30.812345,0.1030
n40_graph1,40,0.2,0.3,1,300,38,3000,125400,30.811669,0.1125
n40_graph1,40,0.2,0.3,1,1000,38,3000,152000,29.337012,0.1416
n40_graph1,40,0.2,0.3,1,3000,38,3000,228000,30.485689,0.2209
n40_graph1,40,0.2,0.3,1,10000,38,3000,494000,30.575497,0.5074
n40_graph1,40,0.2,0.5,1,100,37,3000,114700,36.774925,0.1044
n40_graph1,40,0.2,0.5,1,300,37,3000,122100,35.911599,0.1179
n40_graph1,40,0.2,0.5,1,1000,37,3000,148000,37.030615,0.1466
n40_graph1,40,0.2,0.5,1,3000,37,3000,222000,37.152683,0.2320
n40_graph1,40,0.2,0.5,1,10000,37,3000,481000,37.087757,0.5204
n40_graph1,40,0.2,0.8,1,100,34,3000,105400,54.016538,0.0982
n40_graph1,40,0.2,0.8,1,300,34,3000,112200,54.133634,0.1046
n40_graph1,40,0.2,0.8,1,1000,34,3000,136000,54.660728,0.1299
n40_graph1,40,0.2,0.8,1,3000,34,3000,204000,54.661338,0.2057
n40_graph1,40,0.2,0.8,1,10000,34,3000,442000,54.575006,0.4703
n40_graph1,40,0.2,1.0,1,100,33,3000,102300,67.166568,0.1011
n40_graph1,40,0.2,1.0,1,300,33,3000,108900,68.730235,0.1074
n40_graph1,40,0.2,1.0,1,1000,33,3000,132000,67.819926,0.1367
n40_graph1,40,0.2,1.0,1,3000,33,3000,198000,68.009196,0.2118
n40_graph1,40,0.2,1.0,1,10000,33,3000,429000,67.981357,0.4688
n40_graph1,40,0.2,1.3,1,100,30,3000,93000,88.135496,0.0869
n40_graph1,40,0.2,1.3,1,300,30,3000,99000,88.166421,0.0939
n40_graph1,40,0.2,1.3,1,1000,30,3000,120000,88.507228,0.1163
n40_graph1,40,0.2,1.3,1,3000,30,3000,180000,88.418793,0.1832
n40_graph1,40,0.2,1.3,1,10000,30,3000,390000,88.294146,0.4152
n40_graph1,40,0.2,1.8,1,100,27,3000,83700,122.886490,0.0909
n40_graph1,40,0.2,1.8,1,300,27,3000,89100,122.280752,0.0892
n40_graph1,40,0.2,1.8,1,1000,27,3000,108000,122.629799,0.1088
n40_graph1,40,0.2,1.8,1,3000,27,3000,162000,122.627098,0.1728
n40_graph1,40,0.2,1.8,1,10000,27,3000,351000,122.371988,0.3958
n40_graph1,40,0.2,2.5,1,100,22,3000,68200,169.118736,0.0672
n40_graph1,40,0.2,2.5,1,300,22,3000,72600,169.869053,0.0721
n40_graph1,40,0.2,2.5,1,1000,22,3000,88000,170.023609,0.0896
n40_graph1,40,0.2,2.5,1,3000,22,3000,132000,169.941883,0.1410
n40_graph1,40,0.2,2.5,1,10000,22,3000,286000,169.943128,0.3201
n40_graph1,40,0.2,5.0,1,100,10,3000,31000,339.981417,0.0315
n40_graph1,40,0.2,5.0,1,300,10,3000,33000,340.142975,0.0334
n40_graph1,40,0.2,5.0,1,1000,10,3000,40000,339.950389,0.0415
n40_graph1,40,0.2,5.0,1,3000,10,3000,60000,340.020866,0.0655
n40_graph1,40,0.2,5.0,1,10000,10,3000,130000,339.982447,0.1503
n40_graph1,40,0.5,0.1,1,100,39,3000,120900,27.820790,0.1063
n40_graph1,40,0.5,0.1,1,300,39,3000,128700,28.172359,0.1145
n40_graph1,40,0.5,0.1,1,1000,39,3000,156000,27.988956,0.1427
n40_graph1,40,0.5,0.1,1,3000,39,3000,234000,28.197262,0.2242
n40_graph1,40,0.5,0.1,1,10000,39,3000,507000,28.286948,0.5112
n40_graph1,40,0.5,0.2,1,100,37,3000,114700,28.988431,0.1007
n40_graph1,40,0.5,0.2,1,300,37,3000,122100,29.009640,0.1108
n40_graph1,40,0.5,0.2,1,1000,37,3000,148000,29.561878,0.1372
n40_graph1,40,0.5,0.2,1,3000,37,3000,222000,28.761722,0.2128
n40_graph1,40,0.5,0.2,1,10000,37,3000,481000,29.073242,0.4881
n40_graph1,40,0.5,0.3,1,100,35,3000,108500,29.114448,0.0970
n40_graph1,40,0.5,0.3,1,300,35,3000,115500,32.133410,0.1040
n40_graph1,40,0.5,0.3,1,1000,35,3000,140000,31.785969,0.1295
n40_graph1,40,0.5,0.3,1,3000,35,3000,210000,31.538042,0.2059
n40_graph1,40,0.5,0.3,1,10000,35,3000,455000,31.730109,0.4703
n40_graph1,40,0.5,0.5,1,100,31,3000,96100,42.257434,0.0881
n40_graph1,40,0.5,0.5,1,300,31,3000,102300,41.715044,0.0956
n40_graph1,40,0.5,0.5,1,1000,31,3000,124000,41.969734,0.1179
n40_graph1,40,0.5,0.5,1,3000,31,3000,186000,41.588867,0.1882
n40_graph1,40,0.5,0.5,1,10000,31,3000,403000,41.554858,0.4215
n40_graph1,40,0.5,0.8,1,100,25,3000,77500,63.320591,0.0726
n40_graph1,40,0.5,0.8,1,300,25,3000,82500,64.081531,0.0768
n40_graph1,40,0.5,0.8,1,1000,25,3000,100000,64.209224,0.0972
n40_graph1,40,0.5,0.8,1,3000,25,3000,150000,64.103952,0.1515
n40_graph1,40,0.5,0.8,1,10000,25,3000,325000,64.142753,0.3460
n40_graph1,40,0.5,1.0,1,100,22,3000,68200,80.215047,0.0633
n40_graph1,40,0.5,1.0,1,300,22,3000,72600,79.914230,0.0701
n40_graph1,40,0.5,1.0,1,1000,22,3000,88000,80.088138,0.0857
n40_graph1,40,0.5,1.0,1,3000,22,3000,132000,80.172157,0.1375
n40_graph1,40,0.5,1.0,1,10000,22,3000,286000,80.093378,0.3050
n40_graph1,40,0.5,1.3,1,100,18,3000,55800,103.975665,0.0534
n40_graph1,40,0.5,1.3,1,300,18,3000,59400,103.920137,0.0567
n40_graph1,40,0.5,1.3,1,1000,18,3000,72000,104.034244,0.0702
n40_graph1,40,0.5,1.3,1,3000,18,3000,108000,103.936024,0.1104
n40_graph1,40,0.5,1.3,1,10000,18,3000,234000,103.982764,0.2511
n40_graph1,40,0.5,1.8,1,100,12,3000,37200,144.175132,0.0361
n40_graph1,40,0.5,1.8,1,300,12,3000,39600,143.989907,0.0378
n40_graph1,40,0.5,1.8,1,1000,12,3000,48000,143.949617,0.0472
n40_graph1,40,0.5,1.8,1,3000,12,3000,72000,144.060572,0.0736
n40_graph1,40,0.5,1.8,1,10000,12,3000,156000,143.973845,0.1679
n40_graph1,40,0.5,2.5,1,100,7,3000,21700,199.999989,0.0205
n40_graph1,40,0.5,2.5,1,300,7,3000,23100,199.923654,0.0223
n40_graph1,40,0.5,2.5,1,1000,7,3000,28000,200.015140,0.0284
n40_graph1,40,0.5,2.5,1,3000,7,3000,42000,199.992840,0.0428
n40_graph1,40,0.5,2.5,1,10000,7,3000,91000,199.983302,0.0975
n40_graph1,40,0.5,5.0,1,100,1,3000,3100,400.000255,0.0030
n40_graph1,40,0.5,5.0,1,300,1,3000,3300,400.007871,0.0031
n40_graph1,40,0.5,5.0,1,1000,1,3000,4000,399.993915,0.0040
n40_graph1,40,0.5,5.0,1,3000,1,3000,6000,399.999539,0.0060
n40_graph1,40,0.5,5.0,1,10000,1,3000,13000,399.999494,0.0138
n40_graph1,40,1.0,0.1,1,100,37,3000,114700,27.919625,0.1004
n40_graph1,40,1.0,0.1,1,300,37,3000,122100,28.404959,0.1074
n40_graph1,40,1.0,0.1,1,1000,37,3000,148000,28.130021,0.1369
n40_graph1,40,1.0,0.1,1,3000,37,3000,222000,28.051386,0.2132
n40_graph1,40,1.0,0.1,1,10000,37,3000,481000,28.483909,0.5019
n40_graph1,40,1.0,0.2,1,100,33,3000,102300,30.107264,0.0954
n40_graph1,40,1.0,0.2,1,300,33,3000,108900,30.242059,0.1030
n40_graph1,40,1.0,0.2,1,1000,33,3000,132000,30.008205,0.1282
n40_graph1,40,1.0,0.2,1,3000,33,3000,198000,30.942390,0.1941
n40_graph1,40,1.0,0.2,1,10000,33,3000,429000,30.276875,0.4341
n40_graph1,40,1.0,0.3,1,100,29,3000,89900,35.365790,0.0802
n40_graph1,40,1.0,0.3,1,300,29,3000,95700,35.303906,0.0855
n40_graph1,40,1.0,0.3,1,1000,29,3000,116000,34.357062,0.1103
n40_graph1,40,1.0,0.3,1,3000,29,3000,174000,35.087695,0.1720
n40_graph1,40,1.0,0.3,1,10000,29,3000,377000,35.045190,0.3900
n40_graph1,40,1.0,0.5,1,100,22,3000,68200,50.472010,0.0630
n40_graph1,40,1.0,0.5,1,300,22,3000,72600,50.967432,0.0674
n40_graph1,40,1.0,0.5,1,1000,22,3000,88000,50.997213,0.0834
n40_graph1,40,1.0,0.5,1,3000,22,3000,132000,51.013758,0.1343
n40_graph1,40,1.0,0.5,1,10000,22,3000,286000,50.917458,0.3004
n40_graph1,40,1.0,0.8,1,100,14,3000,43400,79.690117,0.0409
n40_graph1,40,1.0,0.8,1,300,14,3000,46200,79.766957,0.0439
n40_graph1,40,1.0,0.8,1,1000,14,3000,56000,79.956707,0.0550
n40_graph1,40,1.0,0.8,1,3000,14,3000,84000,80.063924,0.0856
n40_graph1,40,1.0,0.8,1,10000,14,3000,182000,80.074023,0.1930
n40_graph1,40,1.0,1.0,1,100,10,3000,31000,100.263290,0.0295
n40_graph1,40,1.0,1.0,1,300,10,3000,33000,99.977189,0.0314
n40_graph1,40,1.0,1.0,1,1000,10,3000,40000,100.005403,0.0384
n40_graph1,40,1.0,1.0,1,3000,10,3000,60000,100.020421,0.0613
n40_graph1,40,1.0,1.0,1,10000,10,3000,130000,100.020553,0.1385
n40_graph1,40,1.0,1.3,1,100,6,3000,18600,129.994100,0.0177
n40_graph1,40,1.0,1.3,1,300,6,3000,19800,129.985473,0.0189
n40_graph1,40,1.0,1.3,1,1000,6,3000,24000,130.024247,0.0231
n40_graph1,40,1.0,1.3,1,3000,6,3000,36000,130.028169,0.0364
n40_graph1,40,1.0,1.3,1,10000,6,3000,78000,129.991853,0.0833
n40_graph1,40,1.0,1.8,1,100,3,3000,9300,180.058883,0.0086
n40_graph1,40,1.0,1.8,1,300,3,3000,9900,180.012335,0.0093
n40_graph1,40,1.0,1.8,1,1000,3,3000,12000,179.998748,0.0116
n40_graph1,40,1.0,1.8,1,3000,3,3000,18000,180.008409,0.0182
n40_graph1,40,1.0,1.8,1,10000,3,3000,39000,179.995540,0.0422
n40_graph1,40,1.0,2.5,1,100,1,3000,3100,249.997594,0.0029
n40_graph1,40,1.0,2.5,1,300,1,3000,3300,250.012738,0.0035
n40_graph1,40,1.0,2.5,1,1000,1,3000,4000,249.993005,0.0039
n40_graph1,40,1.0,2.5,1,3000,1,3000,6000,249.998734,0.0061
n40_graph1,40,1.0,2.5,1,10000,1,3000,13000,250.004071,0.0138
n40_graph1,40,1.0,5.0,1,100,1,3000,3100,499.999916,0.0029
n40_graph1,40,1.0,5.0,1,300,1,3000,3300,500.000145,0.0034
n40_graph1,40,1.0,5.0,1,1000,1,3000,4000,500.000001,0.0039
n40_graph1,40,1.0,5.0,1,3000,1,3000,6000,500.000033,0.0061
n40_graph1,40,1.0,5.0,1,10000,1,3000,13000,499.999998,0.0143
n50_graph0,50,0.0,0.1,1,100,50,3000,155000,34.969939,0.1148
n50_graph0,50,0.0,0.1,1,300,50,3000,165000,34.919523,0.1281
n50_graph0,50,0.0,0.1,1,1000,50,3000,200000,34.438580,0.1639
n50_graph0,50,0.0,0.1,1,3000,50,3000,300000,35.284575,0.2734
n50_graph0,50,0.0,0.1,1,10000,50,3000,650000,35.230963,0.5706
n50_graph0,50,0.0,0.2,1,100,50,3000,155000,36.813058,0.1131
n50_graph0,50,0.0,0.2,1,300,50,3000,165000,34.957826,0.1265
n50_graph0,50,0.0,0.2,1,1000,50,3000,200000,35.784713,0.1515
n50_graph0,50,0.0,0.2,1,3000,50,3000,300000,35.996874,0.2469
n50_graph0,50,0.0,0.2,1,10000,50,3000,650000,36.253766,0.5583
n50_graph0,50,0.0,0.3,1,100,50,3000,155000,37.958733,0.1196
n50_graph0,50,0.0,0.3,1,300,50,3000,165000,36.989344,0.1270
n50_graph0,50,0.0,0.3,1,1000,50,3000,200000,37.306684,0.1598
n50_graph0,50,0.0,0.3,1,3000,50,3000,300000,37.861553,0.2433
n50_graph0,50,0.0,0.3,1,10000,50,3000,650000,38.144243,0.5780
n50_graph0,50,0.0,0.5,1,100,50,3000,155000,nan,0.1184
n50_graph0,50,0.0,0.5,1,300,50,3000,165000,40.107621,0.1251
n50_graph0,50,0.0,0.5,1,1000,50,3000,200000,45.564199,0.1577
n50_graph0,50,0.0,0.5,1,3000,50,3000,300000,44.519367,0.2492
n50_graph0,50,0.0,0.5,1,10000,50,3000,650000,43.301777,0.5715
n50_graph0,50,0.0,0.8,1,100,50,3000,155000,59.449183,0.1196
n50_graph0,50,0.0,0.8,1,300,50,3000,165000,61.442993,0.1293
n50_graph0,50,0.0,0.8,1,1000,50,3000,200000,60.662673,0.1547
n50_graph0,50,0.0,0.8,1,3000,50,3000,300000,62.303751,0.2533
n50_graph0,50,0.0,0.8,1,10000,50,3000,650000,nan,0.5614
n50_graph0,50,0.0,1.0,1,100,50,3000,155000,nan,0.1179
n50_graph0,50,0.0,1.0,1,300,50,3000,165000,nan,0.1262
n50_graph0,50,0.0,1.0,1,1000,50,3000,200000,76.645275,0.1602
n50_graph0,50,0.0,1.0,1,3000,50,3000,300000,75.692458,0.2478
n50_graph0,50,0.0,1.0,1,10000,50,3000,650000,74.904323,0.5799
n50_graph0,50,0.0,1.3,1,100,50,3000,155000,nan,0.1171
n50_graph0,50,0.0,1.3,1,300,50,3000,165000,nan,0.1295
n50_graph0,50,0.0,1.3,1,1000,50,3000,200000,96.682809,0.1606
n50_graph0,50,0.0,1.3,1,3000,50,3000,300000,97.469507,0.2745
n50_graph0,50,0.0,1.3,1,10000,50,3000,650000,98.974810,0.5744
n50_graph0,50,0.0,1.8,1,100,50,3000,155000,nan,0.1200
n50_graph0,50,0.0,1.8,1,300,50,3000,165000,nan,0.1315
n50_graph0,50,0.0,1.8,1,1000,50,3000,200000,nan,0.1721
n50_graph0,50,0.0,1.8,1,3000,50,3000,300000,nan,0.2792
n50_graph0,50,0.0,1.8,1,10000,50,3000,650000,134.759015,0.5672
n50_graph0,50,0.0,2.5,1,100,50,3000,155000,186.326037,0.1175
n50_graph0,50,0.0,2.5,1,300,50,3000,165000,188.807857,0.1290
n50_graph0,50,0.0,2.5,1,1000,50,3000,200000,nan,0.1651
n50_graph0,50,0.0,2.5,1,3000,50,3000,300000,187.820918,0.2586
n50_graph0,50,0.0,2.5,1,10000,50,3000,650000,188.482976,0.5791
n50_graph0,50,0.0,5.0,1,100,50,3000,155000,377.345813,0.1298
n50_graph0,50,0.0,5.0,1,300,50,3000,165000,nan,0.1320
n50_graph0,50,0.0,5.0,1,1000,50,3000,200000,375.619008,0.1640
n50_graph0,50,0.0,5.0,1,3000,50,3000,300000,nan,0.2682
n50_graph0,50,0.0,5.0,1,10000,50,3000,650000,374.959764,0.5818
n50_graph0,50,0.1,0.1,1,100,50,3000,155000,34.842901,0.1176
n50_graph0,50,0.1,0.1,1,300,50,3000,165000,34.997769,0.1247
n50_graph0,50,0.1,0.1,1,1000,50,3000,200000,35.647343,0.1559
n50_graph0,50,0.1,0.1,1,3000,50,3000,300000,35.170824,0.2452
n50_graph0,50,0.1,0.1,1,10000,50,3000,650000,35.104475,0.5641
n50_graph0,50,0.1,0.2,1,100,50,3000,155000,35.941463,0.1174
n50_graph0,50,0.1,0.2,1,300,50,3000,165000,36.358284,0.1269
n50_graph0,50,0.1,0.2,1,1000,50,3000,200000,36.431663,0.1569
n50_graph0,50,0.1,0.2,1,3000,50,3000,300000,36.633683,0.2491
n50_graph0,50,0.1,0.2,1,10000,50,3000,650000,36.285182,0.5618
n50_graph0,50,0.1,0.3,1,100,49,3000,151900,38.507631,0.1125
n50_graph0,50,0.1,0.3,1,300,49,3000,161700,36.745100,0.1236
n50_graph0,50,0.1,0.3,1,1000,49,3000,196000,38.463327,0.1520
n50_graph0,50,0.1,0.3,1,3000,49,3000,294000,38.951422,0.2440
n50_graph0,50,0.1,0.3,1,10000,49,3000,637000,37.601884,0.5716
n50_graph0,50,0.1,0.5,1,100,48,3000,148800,46.541067,0.1299
n50_graph0,50,0.1,0.5,1,300,48,3000,158400,42.849721,0.1254
n50_graph0,50,0.1,0.5,1,1000,48,3000,192000,44.200083,0.1533
n50_graph0,50,0.1,0.5,1,3000,48,3000,288000,44.927896,0.2438
n50_graph0,50,0.1,0.5,1,10000,48,3000,624000,45.165608,0.5573
n50_graph0,50,0.1,0.8,1,100,47,3000,145700,65.230246,0.1126
n50_graph0,50,0.1,0.8,1,300,47,3000,155100,63.194194,0.1316
n50_graph0,50,0.1,0.8,1,1000,47,3000,188000,64.641716,0.1566
n50_graph0,50,0.1,0.8,1,3000,47,3000,282000,64.377888,0.2492
n50_graph0,50,0.1,0.8,1,10000,47,3000,611000,64.120140,0.5936
n50_graph0,50,0.1,1.0,1,100,46,3000,142600,80.386002,0.1105
n50_graph0,50,0.1,1.0,1,300,46,3000,151800,80.519140,0.1194
n50_graph0,50,0.1,1.0,1,1000,46,3000,184000,79.878870,0.1693
n50_graph0,50,0.1,1.0,1,3000,46,3000,276000,79.850626,0.2496
n50_graph0,50,0.1,1.0,1,10000,46,3000,598000,79.910072,0.5575
n50_graph0,50,0.1,1.3,1,100,44,3000,136400,104.207501,0.1086
n50_graph0,50,0.1,1.3,1,300,44,3000,145200,102.726344,0.1166
n50_graph0,50,0.1,1.3,1,1000,44,3000,176000,105.076343,0.1481
n50_graph0,50,0.1,1.3,1,3000,44,3000,264000,104.019627,0.2299
n50_graph0,50,0.1,1.3,1,10000,44,3000,572000,104.044810,0.5168
n50_graph0,50,0.1,1.8,1,100,42,3000,130200,143.917760,0.1053
n50_graph0,50,0.1,1.8,1,300,42,3000,138600,144.039318,0.1144
n50_graph0,50,0.1,1.8,1,1000,42,3000,168000,144.449036,0.1498
n50_graph0,50,0.1,1.8,1,3000,42,3000,252000,144.159399,0.2204
n50_graph0,50,0.1,1.8,1,10000,42,3000,546000,144.164653,0.5143
n50_graph0,50,0.1,2.5,1,100,38,3000,117800,198.860598,0.1091
n50_graph0,50,0.1,2.5,1,300,38,3000,125400,199.680729,0.1155
n50_graph0,50,0.1,2.5,1,1000,38,3000,152000,199.807788,0.1430
n50_graph0,50,0.1,2.5,1,3000,38,3000,228000,200.151180,0.2065
n50_graph0,50,0.1,2.5,1,10000,38,3000,494000,199.941612,0.4566
n50_graph0,50,0.1,5.0,1,100,27,3000,83700,399.493128,0.0673
n50_graph0,50,0.1,5.0,1,300,27,3000,89100,399.723553,0.0708
n50_graph0,50,0.1,5.0,1,1000,27,3000,108000,399.931203,0.0900
n50_graph0,50,0.1,5.0,1,3000,27,3000,162000,399.985473,0.1414
n50_graph0,50,0.1,5.0,1,10000,27,3000,351000,399.982599,0.3298
n50_graph0,50,0.2,0.1,1,100,50,3000,155000,32.203117,0.1154
n50_graph0,50,0.2,0.1,1,300,50,3000,165000,34.778882,0.1219
n50_graph0,50,0.2,0.1,1,1000,50,3000,200000,35.110332,0.1585
n50_graph0,50,0.2,0.1,1,3000,50,3000,300000,34.950169,0.2501
n50_graph0,50,0.2,0.1,1,10000,50,3000,650000,35.159817,0.5529
n50_graph0,50,0.2,0.2,1,100,49,3000,151900,36.368966,0.1143
n50_graph0,50,0.2,0.2,1,300,49,3000,161700,35.689083,0.1261
n50_graph0,50,0.2,0.2,1,1000,49,3000,196000,36.233178,0.1528
n50_graph0,50,0.2,0.2,1,3000,49,3000,294000,36.282322,0.2414
n50_graph0,50,0.2,0.2,1,10000,49,3000,637000,36.189573,0.5561
n50_graph0,50,0.2,0.3,1,100,48,3000,148800,39.416159,0.1170
n50_graph0,50,0.2,0.3,1,300,48,3000,158400,36.536459,0.1236
n50_graph0,50,0.2,0.3,1,1000,48,3000,192000,39.166816,0.1564
n50_graph0,50,0.2,0.3,1,3000,48,3000,288000,38.617366,0.2451
n50_graph0,50,0.2,0.3,1,10000,48,3000,624000,38.235998,0.5568
n50_graph0,50,0.2,0.5,1,100,46,3000,142600,45.154372,0.1125
n50_graph0,50,0.2,0.5,1,300,46,3000,151800,46.251207,0.1224
n50_graph0,50,0.2,0.5,1,1000,46,3000,184000,45.990153,0.1544
n50_graph0,50,0.2,0.5,1,3000,46,3000,276000,46.718170,0.2343
n50_graph0,50,0.2,0.5,1,10000,46,3000,598000,46.406656,0.5348
n50_graph0,50,0.2,0.8,1,100,43,3000,133300,68.231169,0.1067
n50_graph0,50,0.2,0.8,1,300,43,3000,141900,68.748300,0.1119
n50_graph0,50,0.2,0.8,1,1000,43,3000,172000,68.373047,0.1380
n50_graph0,50,0.2,0.8,1,3000,43,3000,258000,68.413882,0.2230
n50_graph0,50,0.2,0.8,1,10000,43,3000,559000,68.422056,0.5204
n50_graph0,50,0.2,1.0,1,100,41,3000,127100,85.318027,0.1043
n50_graph0,50,0.2,1.0,1,300,41,3000,135300,86.152787,0.1078
n50_graph0,50,0.2,1.0,1,1000,41,3000,164000,84.900451,0.1393
n50_graph0,50,0.2,1.0,1,3000,41,3000,246000,84.966437,0.2291
n50_graph0,50,0.2,1.0,1,10000,41,3000,533000,85.254001,0.5011
n50_graph0,50,0.2,1.3,1,100,38,3000,117800,110.803032,0.0953
n50_graph0,50,0.2,1.3,1,300,38,3000,125400,110.800381,0.1139
n50_graph0,50,0.2,1.3,1,1000,38,3000,152000,110.612335,0.1673
n50_graph0,50,0.2,1.3,1,3000,38,3000,228000,110.439654,0.2141
n50_graph0,50,0.2,1.3,1,10000,38,3000,494000,110.507323,0.4843
n50_graph0,50,0.2,1.8,1,100,33,3000,102300,153.101511,0.0884
n50_graph0,50,0.2,1.8,1,300,33,3000,108900,153.049203,0.0877
n50_graph0,50,0.2,1.8,1,1000,33,3000,132000,153.004943,0.1193
n50_graph0,50,0.2,1.8,1,3000,33,3000,198000,153.032634,0.1815
n50_graph0,50,0.2,1.8,1,10000,33,3000,429000,153.060104,0.4163
n50_graph0,50,0.2,2.5,1,100,27,3000,83700,212.159100,0.0693
n50_graph0,50,0.2,2.5,1,300,27,3000,89100,212.527009,0.0770
n50_graph0,50,0.2,2.5,1,1000,27,3000,108000,212.386124,0.0986
n50_graph0,50,0.2,2.5,1,3000,27,3000,162000,212.488878,0.1469
n50_graph0,50,0.2,2.5,1,10000,27,3000,351000,212.584756,0.3484
n50_graph0,50,0.2,5.0,1,100,12,3000,37200,425.074764,0.0321
n50_graph0,50,0.2,5.0,1,300,12,3000,39600,424.931177,0.0356
n50_graph0,50,0.2,5.0,1,1000,12,3000,48000,424.968191,0.0436
n50_graph0,50,0.2,5.0,1,3000,12,3000,72000,424.981870,0.0694
n50_graph0,50,0.2,5.0,1,10000,12,3000,156000,425.023240,0.1441
n50_graph0,50,0.5,0.1,1,100,48,3000,148800,34.951351,0.1161
n50_graph0,50,0.5,0.1,1,300,48,3000,158400,35.508274,0.1286
n50_graph0,50,0.5,0.1,1,1000,48,3000,192000,35.472762,0.1555
n50_graph0,50,0.5,0.1,1,3000,48,3000,288000,34.807231,0.2516
n50_graph0,50,0.5,0.1,1,10000,48,3000,624000,35.012126,0.6162
n50_graph0,50,0.5,0.2,1,100,46,3000,142600,36.098709,0.1204
n50_graph0,50,0.5,0.2,1,300,46,3000,151800,36.739589,0.1330
n50_graph0,50,0.5,0.2,1,1000,46,3000,184000,37.202052,0.1635
n50_graph0,50,0.5,0.2,1,3000,46,3000,276000,35.979094,0.2554
n50_graph0,50,0.5,0.2,1,10000,46,3000,598000,36.532497,0.6159
n50_graph0,50,0.5,0.3,1,100,43,3000,133300,37.583568,0.1336
n50_graph0,50,0.5,0.3,1,300,43,3000,141900,38.964683,0.1257
n50_graph0,50,0.5,0.3,1,1000,43,3000,172000,39.598341,0.1544
n50_graph0,50,0.5,0.3,1,3000,43,3000,258000,39.737423,0.2376
n50_graph0,50,0.5,0.3,1,10000,43,3000,559000,39.873959,0.5594
n50_graph0,50,0.5,0.5,1,100,38,3000,117800,52.076492,0.1014
n50_graph0,50,0.5,0.5,1,300,38,3000,125400,52.398804,0.1074
n50_graph0,50,0.5,0.5,1,1000,38,3000,152000,52.106570,0.1324
n50_graph0,50,0.5,0.5,1,3000,38,3000,228000,52.228334,0.2130
n50_graph0,50,0.5,0.5,1,10000,38,3000,494000,52.153193,0.4972
n50_graph0,50,0.5,0.8,1,100,32,3000,99200,80.062812,0.0887
n50_graph0,50,0.5,0.8,1,300,32,3000,105600,80.208333,0.0917
n50_graph0,50,0.5,0.8,1,1000,32,3000,128000,80.015466,0.1141
n50_graph0,50,0.5,0.8,1,3000,32,3000,192000,80.237980,0.2004
n50_graph0,50,0.5,0.8,1,10000,32,3000,416000,80.203825,0.4278
n50_graph0,50,0.5,1.0,1,100,27,3000,83700,99.618467,0.0833
n50_graph0,50,0.5,1.0,1,300,27,3000,89100,100.737897,0.0814
n50_graph0,50,0.5,1.0,1,1000,27,3000,108000,100.426897,0.1013
n50_graph0,50,0.5,1.0,1,3000,27,3000,162000,99.979780,0.1520
n50_graph0,50,0.5,1.0,1,10000,27,3000,351000,100.045324,0.3552
n50_graph0,50,0.5,1.3,1,100,22,3000,68200,130.273796,0.0603
n50_graph0,50,0.5,1.3,1,300,22,3000,72600,130.086573,0.0639
n50_graph0,50,0.5,1.3,1,1000,22,3000,88000,129.773856,0.0811
n50_graph0,50,0.5,1.3,1,3000,22,3000,132000,129.994220,0.1259
n50_graph0,50,0.5,1.3,1,10000,22,3000,286000,129.974759,0.2832
n50_graph0,50,0.5,1.8,1,100,15,3000,46500,180.044552,0.0425
n50_graph0,50,0.5,1.8,1,300,15,3000,49500,179.940075,0.0458
n50_graph0,50,0.5,1.8,1,1000,15,3000,60000,180.022822,0.0575
n50_graph0,50,0.5,1.8,1,3000,15,3000,90000,179.985550,0.0853
n50_graph0,50,0.5,1.8,1,10000,15,3000,195000,179.973843,0.2002
n50_graph0,50,0.5,2.5,1,100,8,3000,24800,249.905858,0.0231
n50_graph0,50,0.5,2.5,1,300,8,3000,26400,250.026911,0.0247
n50_graph0,50,0.5,2.5,1,1000,8,3000,32000,249.977475,0.0330
n50_graph0,50,0.5,2.5,1,3000,8,3000,48000,250.035183,0.0459
n50_graph0,50,0.5,2.5,1,10000,8,3000,104000,249.995074,0.1066
n50_graph0,50,0.5,5.0,1,100,1,3000,3100,500.028740,0.0029
n50_graph0,50,0.5,5.0,1,300,1,3000,3300,499.999094,0.0030
n50_graph0,50,0.5,5.0,1,1000,1,3000,4000,499.984594,0.0038
n50_graph0,50,0.5,5.0,1,3000,1,3000,6000,499.995334,0.0063
n50_graph0,50,0.5,5.0,1,10000,1,3000,13000,499.998501,0.0135
n50_graph0,50,1.0,0.1,1,100,46,3000,142600,35.143726,0.1164
n50_graph0,50,1.0,0.1,1,300,46,3000,151800,34.802945,0.1281
n50_graph0,50,1.0,0.1,1,1000,46,3000,184000,36.022751,0.1598
n50_graph0,50,1.0,0.1,1,3000,46,3000,276000,35.286197,0.2517
n50_graph0,50,1.0,0.1,1,10000,46,3000,598000,35.255805,0.5859
n50_graph0,50,1.0,0.2,1,100,41,3000,127100,37.402574,0.1101
n50_graph0,50,1.0,0.2,1,300,41,3000,135300,37.414703,0.1181
n50_graph0,50,1.0,0.2,1,1000,41,3000,164000,38.804160,0.2365
n50_graph0,50,1.0,0.2,1,3000,41,3000,246000,38.127583,0.2471
n50_graph0,50,1.0,0.2,1,10000,41,3000,533000,38.135854,0.6360
n50_graph0,50,1.0,0.3,1,100,36,3000,111600,43.609628,0.1218
n50_graph0,50,1.0,0.3,1,300,36,3000,118800,43.565792,0.1431
n50_graph0,50,1.0,0.3,1,1000,36,3000,144000,43.707745,0.1713
n50_graph0,50,1.0,0.3,1,3000,36,3000,216000,43.635964,0.2803
n50_graph0,50,1.0,0.3,1,10000,36,3000,468000,43.743030,0.5208
n50_graph0,50,1.0,0.5,1,100,27,3000,83700,63.947375,0.0987
n50_graph0,50,1.0,0.5,1,300,27,3000,89100,63.600259,0.0989
n50_graph0,50,1.0,0.5,1,1000,27,3000,108000,63.471888,0.1005
n50_graph0,50,1.0,0.5,1,3000,27,3000,162000,63.645265,0.1622
n50_graph0,50,1.0,0.5,1,10000,27,3000,351000,63.550252,0.3773
n50_graph0,50,1.0,0.8,1,100,17,3000,52700,99.918717,0.0476
n50_graph0,50,1.0,0.8,1,300,17,3000,56100,99.893217,0.0523
n50_graph0,50,1.0,0.8,1,1000,17,3000,68000,100.091921,0.0689
n50_graph0,50,1.0,0.8,1,3000,17,3000,102000,100.027248,0.1115
n50_graph0,50,1.0,0.8,1,10000,17,3000,221000,100.079661,0.2402
n50_graph0,50,1.0,1.0,1,100,12,3000,37200,124.872086,0.0348
n50_graph0,50,1.0,1.0,1,300,12,3000,39600,124.952855,0.0386
n50_graph0,50,1.0,1.0,1,1000,12,3000,48000,125.007523,0.0483
n50_graph0,50,1.0,1.0,1,3000,12,3000,72000,125.018790,0.0762
n50_graph0,50,1.0,1.0,1,10000,12,3000,156000,125.025839,0.1727
n50_graph0,50,1.0,1.3,1,100,7,3000,21700,162.626272,0.0206
n50_graph0,50,1.0,1.3,1,300,7,3000,23100,162.470196,0.0217
n50_graph0,50,1.0,1.3,1,1000,7,3000,28000,162.487928,0.0271
n50_graph0,50,1.0,1.3,1,3000,7,3000,42000,162.478699,0.0427
n50_graph0,50,1.0,1.3,1,10000,7,3000,91000,162.502215,0.1007
n50_graph0,50,1.0,1.8,1,100,3,3000,9300,224.995777,0.0086
n50_graph0,50,1.0,1.8,1,300,3,3000,9900,225.013324,0.0093
n50_graph0,50,1.0,1.8,1,1000,3,3000,12000,224.995209,0.0115
n50_graph0,50,1.0,1.8,1,3000,3,3000,18000,225.003562,0.0193
n50_graph0,50,1.0,1.8,1,10000,3,3000,39000,225.004577,0.0416
n50_graph0,50,1.0,2.5,1,100,1,3000,3100,312.482346,0.0030
n50_graph0,50,1.0,2.5,1,300,1,3000,3300,312.534882,0.0037
n50_graph0,50,1.0,2.5,1,1000,1,3000,4000,312.506282,0.0039
n50_graph0,50,1.0,2.5,1,3000,1,3000,6000,312.499522,0.0061
n50_graph0,50,1.0,2.5,1,10000,1,3000,13000,312.495070,0.0148
n50_graph0,50,1.0,5.0,1,100,1,3000,3100,624.999751,0.0029
n50_graph0,50,1.0,5.0,1,300,1,3000,3300,625.000038,0.0031
n50_graph0,50,1.0,5.0,1,1000,1,3000,4000,624.999977,0.0043
n50_graph0,50,1.0,5.0,1,3000,1,3000,6000,624.999977,0.0064
n50_graph0,50,1.0,5.0,1,10000,1,3000,13000,624.999985,0.0151
n50_graph1,50,0.0,0.1,1,100,50,3000,155000,35.214159,0.1506
n50_graph1,50,0.0,0.1,1,300,50,3000,165000,35.228790,0.1533
n50_graph1,50,0.0,0.1,1,1000,50,3000,200000,35.027841,0.1886
n50_graph1,50,0.0,0.1,1,3000,50,3000,300000,35.328790,0.2962
n50_graph1,50,0.0,0.1,1,10000,50,3000,650000,35.084433,0.7087
n50_graph1,50,0.0,0.2,1,100,50,3000,155000,37.365403,0.1488
n50_graph1,50,0.0,0.2,1,300,50,3000,165000,36.129046,0.1641
n50_graph1,50,0.0,0.2,1,1000,50,3000,200000,36.742175,0.1954
n50_graph1,50,0.0,0.2,1,3000,50,3000,300000,35.971381,0.3065
n50_graph1,50,0.0,0.2,1,10000,50,3000,650000,36.218975,0.7810
n50_graph1,50,0.0,0.3,1,100,50,3000,155000,37.124051,0.1508
n50_graph1,50,0.0,0.3,1,300,50,3000,165000,nan,0.1660
n50_graph1,50,0.0,0.3,1,1000,50,3000,200000,37.243445,0.2033
n50_graph1,50,0.0,0.3,1,3000,50,3000,300000,38.055230,0.3233
n50_graph1,50,0.0,0.3,1,10000,50,3000,650000,38.432704,0.7673
n50_graph1,50,0.0,0.5,1,100,50,3000,155000,nan,0.1611
n50_graph1,50,0.0,0.5,1,300,50,3000,165000,45.033994,0.1769
n50_graph1,50,0.0,0.5,1,1000,50,3000,200000,43.512201,0.2216
n50_graph1,50,0.0,0.5,1,3000,50,3000,300000,44.793607,0.3520
n50_graph1,50,0.0,0.5,1,10000,50,3000,650000,43.360547,0.7884
n50_graph1,50,0.0,0.8,1,100,50,3000,155000,nan,0.1682
n50_graph1,50,0.0,0.8,1,300,50,3000,165000,nan,0.1791
n50_graph1,50,0.0,0.8,1,1000,50,3000,200000,61.417749,0.2242
n50_graph1,50,0.0,0.8,1,3000,50,3000,300000,59.450861,0.3500
n50_graph1,50,0.0,0.8,1,10000,50,3000,650000,61.638147,0.8107
n50_graph1,50,0.0,1.0,1,100,50,3000,155000,75.360428,0.1688
n50_graph1,50,0.0,1.0,1,300,50,3000,165000,74.288846,0.1836
n50_graph1,50,0.0,1.0,1,1000,50,3000,200000,nan,0.2259
n50_graph1,50,0.0,1.0,1,3000,50,3000,300000,74.943708,0.3598
n50_graph1,50,0.0,1.0,1,10000,50,3000,650000,73.545955,0.8387
n50_graph1,50,0.0,1.3,1,100,50,3000,155000,nan,0.1764
n50_graph1,50,0.0,1.3,1,300,50,3000,165000,nan,0.1894
n50_graph1,50,0.0,1.3,1,1000,50,3000,200000,nan,0.2361
n50_graph1,50,0.0,1.3,1,3000,50,3000,300000,96.878543,0.3720
n50_graph1,50,0.0,1.3,1,10000,50,3000,650000,98.709726,0.8783
n50_graph1,50,0.0,1.8,1,100,50,3000,155000,135.143995,0.1840
n50_graph1,50,0.0,1.8,1,300,50,3000,165000,nan,0.1978
n50_graph1,50,0.0,1.8,1,1000,50,3000,200000,nan,0.2571
n50_graph1,50,0.0,1.8,1,3000,50,3000,300000,nan,0.3900
n50_graph1,50,0.0,1.8,1,10000,50,3000,650000,135.036575,0.9016
n50_graph1,50,0.0,2.5,1,100,50,3000,155000,186.667462,0.1905
n50_graph1,50,0.0,2.5,1,300,50,3000,165000,186.551595,0.2111
n50_graph1,50,0.0,2.5,1,1000,50,3000,200000,186.525471,0.2724
n50_graph1,50,0.0,2.5,1,3000,50,3000,300000,187.461963,0.4182
n50_graph1,50,0.0,2.5,1,10000,50,3000,650000,188.236876,0.9502
n50_graph1,50,0.0,5.0,1,100,50,3000,155000,nan,0.1927
n50_graph1,50,0.0,5.0,1,300,50,3000,165000,nan,0.2108
n50_graph1,50,0.0,5.0,1,1000,50,3000,200000,375.245295,0.2743
n50_graph1,50,0.0,5.0,1,3000,50,3000,300000,373.636070,0.4225
n50_graph1,50,0.0,5.0,1,10000,50,3000,650000,374.714839,0.9474
n50_graph1,50,0.1,0.1,1,100,50,3000,155000,34.563069,0.1874
n50_graph1,50,0.1,0.1,1,300,50,3000,165000,35.524782,0.2035
n50_graph1,50,0.1,0.1,1,1000,50,3000,200000,35.114528,0.2563
n50_graph1,50,0.1,0.1,1,3000,50,3000,300000,35.019025,0.3964
n50_graph1,50,0.1,0.1,1,10000,50,3000,650000,34.981171,0.9062
n50_graph1,50,0.1,0.2,1,100,50,3000,155000,34.917113,0.1884
n50_graph1,50,0.1,0.2,1,300,50,3000,165000,36.035854,0.2060
n50_graph1,50,0.1,0.2,1,1000,50,3000,200000,36.366309,0.2573
n50_graph1,50,0.1,0.2,1,3000,50,3000,300000,36.265013,0.4059
n50_graph1,50,0.1,0.2,1,10000,50,3000,650000,36.339475,0.9388
n50_graph1,50,0.1,0.3,1,100,49,3000,151900,35.833107,0.1983
n50_graph1,50,0.1,0.3,1,300,49,3000,161700,39.227679,0.2177
n50_graph1,50,0.1,0.3,1,1000,49,3000,196000,37.794309,0.2804
n50_graph1,50,0.1,0.3,1,3000,49,3000,294000,38.233952,0.4291
n50_graph1,50,0.1,0.3,1,10000,49,3000,637000,38.157284,0.9528
n50_graph1,50,0.1,0.5,1,100,48,3000,148800,45.048675,0.1954
n50_graph1,50,0.1,0.5,1,300,48,3000,158400,43.471000,0.2115
n50_graph1,50,0.1,0.5,1,1000,48,3000,192000,45.319165,0.2804
n50_graph1,50,0.1,0.5,1,3000,48,3000,288000,45.240442,0.4163
n50_graph1,50,0.1,0.5,1,10000,48,3000,624000,44.838967,0.9573
n50_graph1,50,0.1,0.8,1,100,47,3000,145700,63.854266,0.2186
n50_graph1,50,0.1,0.8,1,300,47,3000,155100,64.305367,0.2157
n50_graph1,50,0.1,0.8,1,1000,47,3000,188000,64.188785,0.2646
n50_graph1,50,0.1,0.8,1,3000,47,3000,282000,64.823510,0.4101
n50_graph1,50,0.1,0.8,1,10000,47,3000,611000,64.599538,0.9856
n50_graph1,50,0.1,1.0,1,100,46,3000,142600,77.989531,0.2118
n50_graph1,50,0.1,1.0,1,300,46,3000,151800,79.794577,0.2366
n50_graph1,50,0.1,1.0,1,1000,46,3000,184000,80.404498,0.2725
n50_graph1,50,0.1,1.0,1,3000,46,3000,276000,80.430560,0.4164
n50_graph1,50,0.1,1.0,1,10000,46,3000,598000,80.015088,0.9586
n50_graph1,50,0.1,1.3,1,100,44,3000,136400,104.529605,0.2023
n50_graph1,50,0.1,1.3,1,300,44,3000,145200,104.508227,0.2226
n50_graph1,50,0.1,1.3,1,1000,44,3000,176000,104.667443,0.2680
n50_graph1,50,0.1,1.3,1,3000,44,3000,264000,104.126682,0.4251
n50_graph1,50,0.1,1.3,1,10000,44,3000,572000,104.019538,0.9626
n50_graph1,50,0.1,1.8,1,100,42,3000,130200,144.308349,0.1909
n50_graph1,50,0.1,1.8,1,300,42,3000,138600,144.593099,0.2102
n50_graph1,50,0.1,1.8,1,1000,42,3000,168000,143.749089,0.2581
n50_graph1,50,0.1,1.8,1,3000,42,3000,252000,144.086513,0.4045
n50_graph1,50,0.1,1.8,1,10000,42,3000,546000,143.910494,0.9201
n50_graph1,50,0.1,2.5,1,100,38,3000,117800,199.908690,0.1711
n50_graph1,50,0.1,2.5,1,300,38,3000,125400,199.936593,0.1915
n50_graph1,50,0.1,2.5,1,1000,38,3000,152000,199.804751,0.2349
n50_graph1,50,0.1,2.5,1,3000,38,3000,228000,200.160427,0.3669
n50_graph1,50,0.1,2.5,1,10000,38,3000,494000,200.010578,0.8636
n50_graph1,50,0.1,5.0,1,100,27,3000,83700,400.507262,0.1333
n50_graph1,50,0.1,5.0,1,300,27,3000,89100,400.028516,0.1502
n50_graph1,50,0.1,5.0,1,1000,27,3000,108000,400.040103,0.1871
n50_graph1,50,0.1,5.0,1,3000,27,3000,162000,399.940322,0.2646
n50_graph1,50,0.1,5.0,1,10000,27,3000,351000,400.017831,0.5977
n50_graph1,50,0.2,0.1,1,100,50,3000,155000,34.097122,0.2174
n50_graph1,50,0.2,0.1,1,300,50,3000,165000,36.044282,0.2307
n50_graph1,50,0.2,0.1,1,1000,50,3000,200000,35.537203,0.2837
n50_graph1,50,0.2,0.1,1,3000,50,3000,300000,34.722886,0.4602
n50_graph1,50,0.2,0.1,1,10000,50,3000,650000,35.199291,1.0389
n50_graph1,50,0.2,0.2,1,100,49,3000,151900,35.278098,0.2267
n50_graph1,50,0.2,0.2,1,300,49,3000,161700,35.492648,0.2280
n50_graph1,50,0.2,0.2,1,1000,49,3000,196000,35.735182,0.2840
n50_graph1,50,0.2,0.2,1,3000,49,3000,294000,36.040589,0.4472
n50_graph1,50,0.2,0.2,1,10000,49,3000,637000,36.025461,1.0266
n50_graph1,50,0.2,0.3,1,100,48,3000,148800,36.660130,0.2100
n50_graph1,50,0.2,0.3,1,300,48,3000,158400,36.544165,0.2243
n50_graph1,50,0.2,0.3,1,1000,48,3000,192000,38.236727,0.3192
n50_graph1,50,0.2,0.3,1,3000,48,3000,288000,38.738629,0.4758
n50_graph1,50,0.2,0.3,1,10000,48,3000,624000,38.259437,1.1693
n50_graph1,50,0.2,0.5,1,100,46,3000,142600,47.906030,0.2179
n50_graph1,50,0.2,0.5,1,300,46,3000,151800,46.087942,0.2274
n50_graph1,50,0.2,0.5,1,1000,46,3000,184000,45.739030,0.3041
n50_graph1,50,0.2,0.5,1,3000,46,3000,276000,45.557417,0.4501
n50_graph1,50,0.2,0.5,1,10000,46,3000,598000,46.470255,1.0806
n50_graph1,50,0.2,0.8,1,100,43,3000,133300,69.414242,0.2052
n50_graph1,50,0.2,0.8,1,300,43,3000,141900,67.853906,0.2208
n50_graph1,50,0.2,0.8,1,1000,43,3000,172000,67.991094,0.2742
n50_graph1,50,0.2,0.8,1,3000,43,3000,258000,68.295584,0.4305
n50_graph1,50,0.2,0.8,1,10000,43,3000,559000,68.425786,0.9684
n50_graph1,50,0.2,1.0,1,100,41,3000,127100,84.016665,0.1837
n50_graph1,50,0.2,1.0,1,300,41,3000,135300,84.441331,0.2070
n50_graph1,50,0.2,1.0,1,1000,41,3000,164000,85.180815,0.2570
n50_graph1,50,0.2,1.0,1,3000,41,3000,246000,84.959270,0.4328
n50_graph1,50,0.2,1.0,1,10000,41,3000,533000,85.273654,0.8973
n50_graph1,50,0.2,1.3,1,100,38,3000,117800,111.225761,0.1799
n50_graph1,50,0.2,1.3,1,300,38,3000,125400,111.018130,0.1863
n50_graph1,50,0.2,1.3,1,1000,38,3000,152000,110.557603,0.2316
n50_graph1,50,0.2,1.3,1,3000,38,3000,228000,110.463951,0.3704
n50_graph1,50,0.2,1.3,1,10000,38,3000,494000,110.582281,0.8393
n50_graph1,50,0.2,1.8,1,100,33,3000,102300,153.022400,0.1553
n50_graph1,50,0.2,1.8,1,300,33,3000,108900,152.989701,0.1633
n50_graph1,50,0.2,1.8,1,1000,33,3000,132000,153.180073,0.2036
n50_graph1,50,0.2,1.8,1,3000,33,3000,198000,153.057174,0.3167
n50_graph1,50,0.2,1.8,1,10000,33,3000,429000,153.120708,0.7462
n50_graph1,50,0.2,2.5,1,100,27,3000,83700,212.811234,0.1294
n50_graph1,50,0.2,2.5,1,300,27,3000,89100,212.813293,0.1331
n50_graph1,50,0.2,2.5,1,1000,27,3000,108000,212.641855,0.1688
n50_graph1,50,0.2,2.5,1,3000,27,3000,162000,212.441223,0.2666
n50_graph1,50,0.2,2.5,1,10000,27,3000,351000,212.509397,0.5915
n50_graph1,50,0.2,5.0,1,100,12,3000,37200,425.166883,0.0563
n50_graph1,50,0.2,5.0,1,300,12,3000,39600,425.082304,0.0593
n50_graph1,50,0.2,5.0,1,1000,12,3000,48000,425.065801,0.0757
n50_graph1,50,0.2,5.0,1,3000,12,3000,72000,424.948460,0.1225
n50_graph1,50,0.2,5.0,1,10000,12,3000,156000,425.030612,0.2724
n50_graph1,50,0.5,0.1,1,100,48,3000,148800,34.298667,0.2047
n50_graph1,50,0.5,0.1,1,300,48,3000,158400,34.999545,0.2220
n50_graph1,50,0.5,0.1,1,1000,48,3000,192000,35.064878,0.2809
n50_graph1,50,0.5,0.1,1,3000,48,3000,288000,35.098378,0.4351
n50_graph1,50,0.5,0.1,1,10000,48,3000,624000,35.185880,0.9470
n50_graph1,50,0.5,0.2,1,100,46,3000,142600,35.963823,0.1858
n50_graph1,50,0.5,0.2,1,300,46,3000,151800,35.689141,0.2040
n50_graph1,50,0.5,0.2,1,1000,46,3000,184000,35.268024,0.2588
n50_graph1,50,0.5,0.2,1,3000,46,3000,276000,36.484685,0.3985
n50_graph1,50,0.5,0.2,1,10000,46,3000,598000,36.731672,0.9124
n50_graph1,50,0.5,0.3,1,100,43,3000,133300,38.871092,0.1700
n50_graph1,50,0.5,0.3,1,300,43,3000,141900,40.288713,0.1838
n50_graph1,50,0.5,0.3,1,1000,43,3000,172000,39.838459,0.2322
n50_graph1,50,0.5,0.3,1,3000,43,3000,258000,39.530353,0.3636
n50_graph1,50,0.5,0.3,1,10000,43,3000,559000,39.608942,0.8192
n50_graph1,50,0.5,0.5,1,100,38,3000,117800,51.438311,0.1548
n50_graph1,50,0.5,0.5,1,300,38,3000,125400,52.326459,0.1650
n50_graph1,50,0.5,0.5,1,1000,38,3000,152000,52.174113,0.2063
n50_graph1,50,0.5,0.5,1,3000,38,3000,228000,52.274032,0.3255
n50_graph1,50,0.5,0.5,1,10000,38,3000,494000,52.339897,0.7406
n50_graph1,50,0.5,0.8,1,100,32,3000,99200,80.759189,0.1281
n50_graph1,50,0.5,0.8,1,300,32,3000,105600,80.298724,0.1389
n50_graph1,50,0.5,0.8,1,1000,32,3000,128000,79.791019,0.1726
n50_graph1,50,0.5,0.8,1,3000,32,3000,192000,80.405677,0.2674
n50_graph1,50,0.5,0.8,1,10000,32,3000,416000,80.286212,0.6113
n50_graph1,50,0.5,1.0,1,100,27,3000,83700,100.125410,0.1088
n50_graph1,50,0.5,1.0,1,300,27,3000,89100,100.405694,0.1212
n50_graph1,50,0.5,1.0,1,1000,27,3000,108000,100.109894,0.1476
n50_graph1,50,0.5,1.0,1,3000,27,3000,162000,100.164655,0.2327
n50_graph1,50,0.5,1.0,1,10000,27,3000,351000,100.056870,0.5285
n50_graph1,50,0.5,1.3,1,100,22,3000,68200,129.719390,0.0900
n50_graph1,50,0.5,1.3,1,300,22,3000,72600,130.038210,0.0977
n50_graph1,50,0.5,1.3,1,1000,22,3000,88000,130.002724,0.1197
n50_graph1,50,0.5,1.3,1,3000,22,3000,132000,130.055684,0.1910
n50_graph1,50,0.5,1.3,1,10000,22,3000,286000,129.970587,0.4174
n50_graph1,50,0.5,1.8,1,100,15,3000,46500,180.079827,0.0572
n50_graph1,50,0.5,1.8,1,300,15,3000,49500,180.180930,0.0621
n50_graph1,50,0.5,1.8,1,1000,15,3000,60000,179.988653,0.0783
n50_graph1,50,0.5,1.8,1,3000,15,3000,90000,179.981319,0.1217
n50_graph1,50,0.5,1.8,1,10000,15,3000,195000,179.972489,0.2798
n50_graph1,50,0.5,2.5,1,100,8,3000,24800,250.132890,0.0316
n50_graph1,50,0.5,2.5,1,300,8,3000,26400,249.961945,0.0336
n50_graph1,50,0.5,2.5,1,1000,8,3000,32000,250.031292,0.0414
n50_graph1,50,0.5,2.5,1,3000,8,3000,48000,249.974741,0.0658
n50_graph1,50,0.5,2.5,1,10000,8,3000,104000,249.969078,0.1484
n50_graph1,50,0.5,5.0,1,100,1,3000,3100,500.048379,0.0039
n50_graph1,50,0.5,5.0,1,300,1,3000,3300,499.999911,0.0048
n50_graph1,50,0.5,5.0,1,1000,1,3000,4000,500.004255,0.0054
n50_graph1,50,0.5,5.0,1,3000,1,3000,6000,500.000569,0.0083
n50_graph1,50,0.5,5.0,1,10000,1,3000,13000,499.999016,0.0181
n50_graph1,50,1.0,0.1,1,100,46,3000,142600,35.804774,0.1659
n50_graph1,50,1.0,0.1,1,300,46,3000,151800,35.346743,0.1791
n50_graph1,50,1.0,0.1,1,1000,46,3000,184000,34.814585,0.2207
n50_graph1,50,1.0,0.1,1,3000,46,3000,276000,35.319657,0.3457
n50_graph1,50,1.0,0.1,1,10000,46,3000,598000,35.145126,0.7620
n50_graph1,50,1.0,0.2,1,100,41,3000,127100,37.793841,0.1400
n50_graph1,50,1.0,0.2,1,300,41,3000,135300,37.835403,0.1538
n50_graph1,50,1.0,0.2,1,1000,41,3000,164000,37.593038,0.1893
n50_graph1,50,1.0,0.2,1,3000,41,3000,246000,38.097748,0.3011
n50_graph1,50,1.0,0.2,1,10000,41,3000,533000,37.648399,0.6590
n50_graph1,50,1.0,0.3,1,100,36,3000,111600,43.909758,0.1204
n50_graph1,50,1.0,0.3,1,300,36,3000,118800,43.390554,0.1314
n50_graph1,50,1.0,0.3,1,1000,36,3000,144000,43.633136,0.1634
n50_graph1,50,1.0,0.3,1,3000,36,3000,216000,43.783867,0.2751
n50_graph1,50,1.0,0.3,1,10000,36,3000,468000,43.950899,0.6036
n50_graph1,50,1.0,0.5,1,100,27,3000,83700,64.438683,0.0959
n50_graph1,50,1.0,0.5,1,300,27,3000,89100,63.727038,0.1026
n50_graph1,50,1.0,0.5,1,1000,27,3000,108000,63.379532,0.1202
n50_graph1,50,1.0,0.5,1,3000,27,3000,162000,63.414117,0.1895
n50_graph1,50,1.0,0.5,1,10000,27,3000,351000,63.619393,0.4388
n50_graph1,50,1.0,0.8,1,100,17,3000,52700,99.849683,0.0583
n50_graph1,50,1.0,0.8,1,300,17,3000,56100,100.221889,0.0617
n50_graph1,50,1.0,0.8,1,1000,17,3000,68000,100.101498,0.0768
n50_graph1,50,1.0,0.8,1,3000,17,3000,102000,100.033882,0.1209
n50_graph1,50,1.0,0.8,1,10000,17,3000,221000,100.104518,0.2762
n50_graph1,50,1.0,1.0,1,100,12,3000,37200,124.963102,0.0420
n50_graph1,50,1.0,1.0,1,300,12,3000,39600,125.020375,0.0444
n50_graph1,50,1.0,1.0,1,1000,12,3000,48000,125.020538,0.0558
n50_graph1,50,1.0,1.0,1,3000,12,3000,72000,125.090001,0.0872
n50_graph1,50,1.0,1.0,1,10000,12,3000,156000,124.996971,0.1986
n50_graph1,50,1.0,1.3,1,100,7,3000,21700,162.545088,0.0236
n50_graph1,50,1.0,1.3,1,300,7,3000,23100,162.478187,0.0253
n50_graph1,50,1.0,1.3,1,1000,7,3000,28000,162.505094,0.0317
n50_graph1,50,1.0,1.3,1,3000,7,3000,42000,162.506157,0.0519
n50_graph1,50,1.0,1.3,1,10000,7,3000,91000,162.510019,0.1150
n50_graph1,50,1.0,1.8,1,100,3,3000,9300,225.079308,0.0104
n50_graph1,50,1.0,1.8,1,300,3,3000,9900,224.931388,0.0117
n50_graph1,50,1.0,1.8,1,1000,3,3000,12000,225.012288,0.0138
n50_graph1,50,1.0,1.8,1,3000,3,3000,18000,224.999053,0.0214
n50_graph1,50,1.0,1.8,1,10000,3,3000,39000,224.996042,0.0514
n50_graph1,50,1.0,2.5,1,100,1,3000,3100,312.499675,0.0034
n50_graph1,50,1.0,2.5,1,300,1,3000,3300,312.507167,0.0038
n50_graph1,50,1.0,2.5,1,1000,1,3000,4000,312.497430,0.0047
n50_graph1,50,1.0,2.5,1,3000,1,3000,6000,312.501000,0.0079
n50_graph1,50,1.0,2.5,1,10000,1,3000,13000,312.496660,0.0171
n50_graph1,50,1.0,5.0,1,100,1,3000,3100,624.999965,0.0034
n50_graph1,50,1.0,5.0,1,300,1,3000,3300,625.000080,0.0037
n50_graph1,50,1.0,5.0,1,1000,1,3000,4000,624.999944,0.0047
n50_graph1,50,1.0,5.0,1,3000,1,3000,6000,625.000013,0.0073
n50_graph1,50,1.0,5.0,1,10000,1,3000,13000,625.000023,0.0162
n60_graph0,60,0.0,0.1,1,100,60,3000,186000,41.463686,0.1504
n60_graph0,60,0.0,0.1,1,300,60,3000,198000,42.131217,0.1616
n60_graph0,60,0.0,0.1,1,1000,60,3000,240000,42.151873,0.2028
n60_graph0,60,0.0,0.1,1,3000,60,3000,360000,41.836046,0.3177
n60_graph0,60,0.0,0.1,1,10000,60,3000,780000,41.819180,0.7160
n60_graph0,60,0.0,0.2,1,100,60,3000,186000,44.621522,0.1535
n60_graph0,60,0.0,0.2,1,300,60,3000,198000,42.926169,0.1635
n60_graph0,60,0.0,0.2,1,1000,60,3000,240000,42.953258,0.2074
n60_graph0,60,0.0,0.2,1,3000,60,3000,360000,42.927271,0.3365
n60_graph0,60,0.0,0.2,1,10000,60,3000,780000,43.702068,0.7290
n60_graph0,60,0.0,0.3,1,100,60,3000,186000,45.946138,0.1584
n60_graph0,60,0.0,0.3,1,300,60,3000,198000,45.059595,0.1671
n60_graph0,60,0.0,0.3,1,1000,60,3000,240000,44.649722,0.2012
n60_graph0,60,0.0,0.3,1,3000,60,3000,360000,44.908319,0.3166
n60_graph0,60,0.0,0.3,1,10000,60,3000,780000,45.587685,0.7098
n60_graph0,60,0.0,0.5,1,100,60,3000,186000,50.203750,0.1551
n60_graph0,60,0.0,0.5,1,300,60,3000,198000,nan,0.1607
n60_graph0,60,0.0,0.5,1,1000,60,3000,240000,53.204251,0.1991
n60_graph0,60,0.0,0.5,1,3000,60,3000,360000,51.006653,0.3332
n60_graph0,60,0.0,0.5,1,10000,60,3000,780000,53.000006,0.7461
n60_graph0,60,0.0,0.8,1,100,60,3000,186000,72.472608,0.1568
n60_graph0,60,0.0,0.8,1,300,60,3000,198000,71.916901,0.1660
n60_graph0,60,0.0,0.8,1,1000,60,3000,240000,73.724376,0.2047
n60_graph0,60,0.0,0.8,1,3000,60,3000,360000,72.622318,0.3308
n60_graph0,60,0.0,0.8,1,10000,60,3000,780000,74.070057,0.7367
n60_graph0,60,0.0,1.0,1,100,60,3000,186000,nan,0.1588
n60_graph0,60,0.0,1.0,1,300,60,3000,198000,nan,0.1712
n60_graph0,60,0.0,1.0,1,1000,60,3000,240000,91.050414,0.2102
n60_graph0,60,0.0,1.0,1,3000,60,3000,360000,90.507259,0.3299
n60_graph0,60,0.0,1.0,1,10000,60,3000,780000,88.069278,0.7344
n60_graph0,60,0.0,1.3,1,100,60,3000,186000,118.191371,0.1593
n60_graph0,60,0.0,1.3,1,300,60,3000,198000,119.501534,0.1727
n60_graph0,60,0.0,1.3,1,1000,60,3000,240000,116.600479,0.2131
n60_graph0,60,0.0,1.3,1,3000,60,3000,360000,nan,0.3421
n60_graph0,60,0.0,1.3,1,10000,60,3000,780000,116.804735,0.7485
n60_graph0,60,0.0,1.8,1,100,60,3000,186000,nan,0.1540
n60_graph0,60,0.0,1.8,1,300,60,3000,198000,nan,0.1774
n60_graph0,60,0.0,1.8,1,1000,60,3000,240000,161.704000,0.2132
n60_graph0,60,0.0,1.8,1,3000,60,3000,360000,nan,0.3383
n60_graph0,60,0.0,1.8,1,10000,60,3000,780000,162.991804,0.7501
n60_graph0,60,0.0,2.5,1,100,60,3000,186000,nan,0.1612
n60_graph0,60,0.0,2.5,1,300,60,3000,198000,225.390736,0.1773
n60_graph0,60,0.0,2.5,1,1000,60,3000,240000,nan,0.2147
n60_graph0,60,0.0,2.5,1,3000,60,3000,360000,223.987211,0.3359
n60_graph0,60,0.0,2.5,1,10000,60,3000,780000,226.195041,0.7428
n60_graph0,60,0.0,5.0,1,100,60,3000,186000,451.002685,0.1894
n60_graph0,60,0.0,5.0,1,300,60,3000,198000,nan,0.1805
n60_graph0,60,0.0,5.0,1,1000,60,3000,240000,448.988321,0.2288
n60_graph0,60,0.0,5.0,1,3000,60,3000,360000,450.308839,0.3454
n60_graph0,60,0.0,5.0,1,10000,60,3000,780000,448.769966,0.7833
n60_graph0,60,0.1,0.1,1,100,60,3000,186000,42.058596,0.1654
n60_graph0,60,0.1,0.1,1,300,60,3000,198000,42.006770,0.1708
n60_graph0,60,0.1,0.1,1,1000,60,3000,240000,41.801553,0.2140
n60_graph0,60,0.1,0.1,1,3000,60,3000,360000,41.875287,0.3322
n60_graph0,60,0.1,0.1,1,10000,60,3000,780000,42.039162,0.7357
n60_graph0,60,0.1,0.2,1,100,59,3000,182900,43.149278,0.1592
n60_graph0,60,0.1,0.2,1,300,59,3000,194700,42.698465,0.1752
n60_graph0,60,0.1,0.2,1,1000,59,3000,236000,43.004051,0.2095
n60_graph0,60,0.1,0.2,1,3000,59,3000,354000,43.962262,0.3296
n60_graph0,60,0.1,0.2,1,10000,59,3000,767000,43.114789,0.7373
n60_graph0,60,0.1,0.3,1,100,59,3000,182900,44.785955,0.1598
n60_graph0,60,0.1,0.3,1,300,59,3000,194700,44.582842,0.1658
n60_graph0,60,0.1,0.3,1,1000,59,3000,236000,46.430514,0.2172
n60_graph0,60,0.1,0.3,1,3000,59,3000,354000,45.086764,0.3268
n60_graph0,60,0.1,0.3,1,10000,59,3000,767000,45.569729,0.7445
n60_graph0,60,0.1,0.5,1,100,58,3000,179800,56.751250,0.1587
n60_graph0,60,0.1,0.5,1,300,58,3000,191400,53.371427,0.1719
n60_graph0,60,0.1,0.5,1,1000,58,3000,232000,53.494282,0.2103
n60_graph0,60,0.1,0.5,1,3000,58,3000,348000,53.713712,0.3308
n60_graph0,60,0.1,0.5,1,10000,58,3000,754000,53.569487,0.7373
n60_graph0,60,0.1,0.8,1,100,56,3000,173600,76.793734,0.1562
n60_graph0,60,0.1,0.8,1,300,56,3000,184800,77.153026,0.1656
n60_graph0,60,0.1,0.8,1,1000,56,3000,224000,77.823852,0.2099
n60_graph0,60,0.1,0.8,1,3000,56,3000,336000,77.247627,0.3176
n60_graph0,60,0.1,0.8,1,10000,56,3000,728000,77.257516,0.7675
n60_graph0,60,0.1,1.0,1,100,55,3000,170500,97.329429,0.1601
n60_graph0,60,0.1,1.0,1,300,55,3000,181500,96.059177,0.1659
n60_graph0,60,0.1,1.0,1,1000,55,3000,220000,97.521287,0.2103
n60_graph0,60,0.1,1.0,1,3000,55,3000,330000,96.131683,0.3225
n60_graph0,60,0.1,1.0,1,10000,55,3000,715000,96.449664,0.7456
n60_graph0,60,0.1,1.3,1,100,53,3000,164300,124.801865,0.1558
n60_graph0,60,0.1,1.3,1,300,53,3000,174900,124.901118,0.1662
n60_graph0,60,0.1,1.3,1,1000,53,3000,212000,125.095948,0.2120
n60_graph0,60,0.1,1.3,1,3000,53,3000,318000,124.727029,0.3330
n60_graph0,60,0.1,1.3,1,10000,53,3000,689000,125.039613,0.7522
n60_graph0,60,0.1,1.8,1,100,50,3000,155000,173.106189,0.1532
n60_graph0,60,0.1,1.8,1,300,50,3000,165000,172.260878,0.1634
n60_graph0,60,0.1,1.8,1,1000,50,3000,200000,172.155526,0.2032
n60_graph0,60,0.1,1.8,1,3000,50,3000,300000,172.826625,0.3224
n60_graph0,60,0.1,1.8,1,10000,50,3000,650000,173.011744,0.7360
n60_graph0,60,0.1,2.5,1,100,46,3000,142600,239.801443,0.1446
n60_graph0,60,0.1,2.5,1,300,46,3000,151800,240.413122,0.1561
n60_graph0,60,0.1,2.5,1,1000,46,3000,184000,239.902912,0.1947
n60_graph0,60,0.1,2.5,1,3000,46,3000,276000,239.993630,0.2968
n60_graph0,60,0.1,2.5,1,10000,46,3000,598000,239.880511,0.6749
n60_graph0,60,0.1,5.0,1,100,33,3000,102300,479.537618,0.1054
n60_graph0,60,0.1,5.0,1,300,33,3000,108900,479.857638,0.1120
n60_graph0,60,0.1,5.0,1,1000,33,3000,132000,480.077648,0.1423
n60_graph0,60,0.1,5.0,1,3000,33,3000,198000,479.872580,0.2195
n60_graph0,60,0.1,5.0,1,10000,33,3000,429000,479.971543,0.5027
n60_graph0,60,0.2,0.1,1,100,59,3000,182900,42.426307,0.1811
n60_graph0,60,0.2,0.1,1,300,59,3000,194700,41.693753,0.1911
n60_graph0,60,0.2,0.1,1,1000,59,3000,236000,42.252495,0.2413
n60_graph0,60,0.2,0.1,1,3000,59,3000,354000,42.132147,0.3813
n60_graph0,60,0.2,0.1,1,10000,59,3000,767000,41.988329,0.8693
n60_graph0,60,0.2,0.2,1,100,58,3000,179800,42.285186,0.1845
n60_graph0,60,0.2,0.2,1,300,58,3000,191400,41.586152,0.1972
n60_graph0,60,0.2,0.2,1,1000,58,3000,232000,43.398346,0.2467
n60_graph0,60,0.2,0.2,1,3000,58,3000,348000,43.173616,0.3835
n60_graph0,60,0.2,0.2,1,10000,58,3000,754000,43.354490,0.8592
n60_graph0,60,0.2,0.3,1,100,57,3000,176700,45.198083,0.1893
n60_graph0,60,0.2,0.3,1,300,57,3000,188100,46.999890,0.2074
n60_graph0,60,0.2,0.3,1,1000,57,3000,228000,43.977452,0.2536
n60_graph0,60,0.2,0.3,1,3000,57,3000,342000,44.966017,0.3950
n60_graph0,60,0.2,0.3,1,10000,57,3000,741000,45.905782,0.8836
n60_graph0,60,0.2,0.5,1,100,55,3000,170500,56.079255,0.1878
n60_graph0,60,0.2,0.5,1,300,55,3000,181500,53.947196,0.2010
n60_graph0,60,0.2,0.5,1,1000,55,3000,220000,56.071190,0.2488
n60_graph0,60,0.2,0.5,1,3000,55,3000,330000,55.259297,0.3885
n60_graph0,60,0.2,0.5,1,10000,55,3000,715000,55.614925,0.8684
n60_graph0,60,0.2,0.8,1,100,51,3000,158100,81.868641,0.1767
n60_graph0,60,0.2,0.8,1,300,51,3000,168300,82.013865,0.1941
n60_graph0,60,0.2,0.8,1,1000,51,3000,204000,81.399166,0.2434
n60_graph0,60,0.2,0.8,1,3000,51,3000,306000,82.203009,0.3791
n60_graph0,60,0.2,0.8,1,10000,51,3000,663000,81.803847,0.8579
n60_graph0,60,0.2,1.0,1,100,49,3000,151900,101.895056,0.1768
n60_graph0,60,0.2,1.0,1,300,49,3000,161700,102.577396,0.1862
n60_graph0,60,0.2,1.0,1,1000,49,3000,196000,101.736038,0.2353
n60_graph0,60,0.2,1.0,1,3000,49,3000,294000,101.943016,0.3703
n60_graph0,60,0.2,1.0,1,10000,49,3000,637000,102.179664,0.8192
n60_graph0,60,0.2,1.3,1,100,45,3000,139500,131.597059,0.1654
n60_graph0,60,0.2,1.3,1,300,45,3000,148500,131.399910,0.1737
n60_graph0,60,0.2,1.3,1,1000,45,3000,180000,132.614271,0.2191
n60_graph0,60,0.2,1.3,1,3000,45,3000,270000,132.841593,0.3499
n60_graph0,60,0.2,1.3,1,10000,45,3000,585000,132.604736,0.7901
n60_graph0,60,0.2,1.8,1,100,40,3000,124000,182.789622,0.1531
n60_graph0,60,0.2,1.8,1,300,40,3000,132000,182.906165,0.1630
n60_graph0,60,0.2,1.8,1,1000,40,3000,160000,183.566483,0.1986
n60_graph0,60,0.2,1.8,1,3000,40,3000,240000,183.761554,0.3130
n60_graph0,60,0.2,1.8,1,10000,40,3000,520000,183.450849,0.7101
n60_graph0,60,0.2,2.5,1,100,33,3000,102300,255.553054,0.1276
n60_graph0,60,0.2,2.5,1,300,33,3000,108900,254.982378,0.1348
n60_graph0,60,0.2,2.5,1,1000,33,3000,132000,255.021226,0.1668
n60_graph0,60,0.2,2.5,1,3000,33,3000,198000,254.844775,0.2605
n60_graph0,60,0.2,2.5,1,10000,33,3000,429000,254.944457,0.5810
n60_graph0,60,0.2,5.0,1,100,15,3000,46500,510.007530,0.0572
n60_graph0,60,0.2,5.0,1,300,15,3000,49500,509.916883,0.0627
n60_graph0,60,0.2,5.0,1,1000,15,3000,60000,510.014218,0.0781
n60_graph0,60,0.2,5.0,1,3000,15,3000,90000,510.082470,0.1201
n60_graph0,60,0.2,5.0,1,10000,15,3000,195000,509.994424,0.2698
n60_graph0,60,0.5,0.1,1,100,58,3000,179800,41.870489,0.2067
n60_graph0,60,0.5,0.1,1,300,58,3000,191400,41.685186,0.2202
n60_graph0,60,0.5,0.1,1,1000,58,3000,232000,42.337507,0.2748
n60_graph0,60,0.5,0.1,1,3000,58,3000,348000,42.089380,0.4277
n60_graph0,60,0.5,0.1,1,10000,58,3000,754000,42.076788,0.9781
n60_graph0,60,0.5,0.2,1,100,55,3000,170500,44.008597,0.2074
n60_graph0,60,0.5,0.2,1,300,55,3000,181500,44.623074,0.2197
n60_graph0,60,0.5,0.2,1,1000,55,3000,220000,44.398828,0.2839
n60_graph0,60,0.5,0.2,1,3000,55,3000,330000,43.553011,0.4301
n60_graph0,60,0.5,0.2,1,10000,55,3000,715000,44.029747,0.9483
n60_graph0,60,0.5,0.3,1,100,52,3000,161200,46.973022,0.1968
n60_graph0,60,0.5,0.3,1,300,52,3000,171600,47.961735,0.2055
n60_graph0,60,0.5,0.3,1,1000,52,3000,208000,47.013142,0.2636
n60_graph0,60,0.5,0.3,1,3000,52,3000,312000,47.670979,0.4029
n60_graph0,60,0.5,0.3,1,10000,52,3000,676000,47.472012,0.9134
n60_graph0,60,0.5,0.5,1,100,46,3000,142600,62.345560,0.1755
n60_graph0,60,0.5,0.5,1,300,46,3000,151800,62.370709,0.1888
n60_graph0,60,0.5,0.5,1,1000,46,3000,184000,62.472757,0.2362
n60_graph0,60,0.5,0.5,1,3000,46,3000,276000,62.122990,0.3649
n60_graph0,60,0.5,0.5,1,10000,46,3000,598000,62.497155,0.8199
n60_graph0,60,0.5,0.8,1,100,38,3000,117800,96.736303,0.1476
n60_graph0,60,0.5,0.8,1,300,38,3000,125400,96.044312,0.1591
n60_graph0,60,0.5,0.8,1,1000,38,3000,152000,96.558307,0.1960
n60_graph0,60,0.5,0.8,1,3000,38,3000,228000,96.457883,0.3098
n60_graph0,60,0.5,0.8,1,10000,38,3000,494000,96.352236,0.6961
n60_graph0,60,0.5,1.0,1,100,33,3000,102300,120.342155,0.1299
n60_graph0,60,0.5,1.0,1,300,33,3000,108900,119.983788,0.1392
n60_graph0,60,0.5,1.0,1,1000,33,3000,132000,119.916267,0.1717
n60_graph0,60,0.5,1.0,1,3000,33,3000,198000,120.026861,0.2696
n60_graph0,60,0.5,1.0,1,10000,33,3000,429000,120.061565,0.5993
n60_graph0,60,0.5,1.3,1,100,26,3000,80600,155.409552,0.1027
n60_graph0,60,0.5,1.3,1,300,26,3000,85800,156.137402,0.1109
n60_graph0,60,0.5,1.3,1,1000,26,3000,104000,155.964125,0.1385
n60_graph0,60,0.5,1.3,1,3000,26,3000,156000,156.023476,0.2133
n60_graph0,60,0.5,1.3,1,10000,26,3000,338000,155.970437,0.4988
n60_graph0,60,0.5,1.8,1,100,18,3000,55800,215.946626,0.0756
n60_graph0,60,0.5,1.8,1,300,18,3000,59400,215.794727,0.0802
n60_graph0,60,0.5,1.8,1,1000,18,3000,72000,215.973683,0.1000
n60_graph0,60,0.5,1.8,1,3000,18,3000,108000,216.001318,0.1541
n60_graph0,60,0.5,1.8,1,10000,18,3000,234000,215.952768,0.3488
n60_graph0,60,0.5,2.5,1,100,10,3000,31000,299.914959,0.0411
n60_graph0,60,0.5,2.5,1,300,10,3000,33000,299.970983,0.0442
n60_graph0,60,0.5,2.5,1,1000,10,3000,40000,300.071367,0.0563
n60_graph0,60,0.5,2.5,1,3000,10,3000,60000,299.974877,0.0846
n60_graph0,60,0.5,2.5,1,10000,10,3000,130000,300.014520,0.1957
n60_graph0,60,0.5,5.0,1,100,1,3000,3100,599.946432,0.0042
n60_graph0,60,0.5,5.0,1,300,1,3000,3300,599.969403,0.0047
n60_graph0,60,0.5,5.0,1,1000,1,3000,4000,599.993824,0.0055
n60_graph0,60,0.5,5.0,1,3000,1,3000,6000,600.000372,0.0087
n60_graph0,60,0.5,5.0,1,10000,1,3000,13000,600.002885,0.0189
n60_graph0,60,1.0,0.1,1,100,55,3000,170500,43.175580,0.2157
n60_graph0,60,1.0,0.1,1,300,55,3000,181500,42.383524,0.2268
n60_graph0,60,1.0,0.1,1,1000,55,3000,220000,42.193001,0.2809
n60_graph0,60,1.0,0.1,1,3000,55,3000,330000,41.892856,0.4346
n60_graph0,60,1.0,0.1,1,10000,55,3000,715000,42.178685,1.2115
n60_graph0,60,1.0,0.2,1,100,49,3000,151900,45.439522,0.1929
n60_graph0,60,1.0,0.2,1,300,49,3000,161700,46.144090,0.2055
n60_graph0,60,1.0,0.2,1,1000,49,3000,196000,45.363100,0.2558
n60_graph0,60,1.0,0.2,1,3000,49,3000,294000,45.534817,0.3951
n60_graph0,60,1.0,0.2,1,10000,49,3000,637000,45.457668,0.9186
n60_graph0,60,1.0,0.3,1,100,43,3000,133300,51.438964,0.1703
n60_graph0,60,1.0,0.3,1,300,43,3000,141900,52.403770,0.1815
n60_graph0,60,1.0,0.3,1,1000,43,3000,172000,52.914300,0.2226
n60_graph0,60,1.0,0.3,1,3000,43,3000,258000,52.911894,0.3474
n60_graph0,60,1.0,0.3,1,10000,43,3000,559000,52.589021,0.7881
n60_graph0,60,1.0,0.5,1,100,33,3000,102300,76.652659,0.1324
n60_graph0,60,1.0,0.5,1,300,33,3000,108900,77.106960,0.1396
n60_graph0,60,1.0,0.5,1,1000,33,3000,132000,76.364643,0.1765
n60_graph0,60,1.0,0.5,1,3000,33,3000,198000,76.433209,0.2694
n60_graph0,60,1.0,0.5,1,10000,33,3000,429000,76.334877,0.6168
n60_graph0,60,1.0,0.8,1,100,21,3000,65100,120.127842,0.0870
n60_graph0,60,1.0,0.8,1,300,21,3000,69300,119.969093,0.0928
n60_graph0,60,1.0,0.8,1,1000,21,3000,84000,119.949206,0.1133
n60_graph0,60,1.0,0.8,1,3000,21,3000,126000,120.171822,0.1778
n60_graph0,60,1.0,0.8,1,10000,21,3000,273000,120.077364,0.4087
n60_graph0,60,1.0,1.0,1,100,15,3000,46500,150.144942,0.0641
n60_graph0,60,1.0,1.0,1,300,15,3000,49500,149.925443,0.0654
n60_graph0,60,1.0,1.0,1,1000,15,3000,60000,149.949411,0.0825
n60_graph0,60,1.0,1.0,1,3000,15,3000,90000,150.015510,0.1297
n60_graph0,60,1.0,1.0,1,10000,15,3000,195000,149.966609,0.2873
n60_graph0,60,1.0,1.3,1,100,9,3000,27900,195.026622,0.0369
n60_graph0,60,1.0,1.3,1,300,9,3000,29700,195.037553,0.0398
n60_graph0,60,1.0,1.3,1,1000,9,3000,36000,195.072913,0.0503
n60_graph0,60,1.0,1.3,1,3000,9,3000,54000,195.007274,0.0766
n60_graph0,60,1.0,1.3,1,10000,9,3000,117000,194.979336,0.1716
n60_graph0,60,1.0,1.8,1,100,4,3000,12400,269.979912,0.0170
n60_graph0,60,1.0,1.8,1,300,4,3000,13200,270.087944,0.0180
n60_graph0,60,1.0,1.8,1,1000,4,3000,16000,269.986016,0.0218
n60_graph0,60,1.0,1.8,1,3000,4,3000,24000,269.980861,0.0351
n60_graph0,60,1.0,1.8,1,10000,4,3000,52000,270.011971,0.0762
n60_graph0,60,1.0,2.5,1,100,1,3000,3100,374.973402,0.0042
n60_graph0,60,1.0,2.5,1,300,1,3000,3300,374.989681,0.0045
n60_graph0,60,1.0,2.5,1,1000,1,3000,4000,375.005017,0.0055
n60_graph0,60,1.0,2.5,1,3000,1,3000,6000,374.991388,0.0084
n60_graph0,60,1.0,2.5,1,10000,1,3000,13000,375.002732,0.0206
n60_graph0,60,1.0,5.0,1,100,1,3000,3100,750.000516,0.0044
n60_graph0,60,1.0,5.0,1,300,1,3000,3300,749.999880,0.0046
n60_graph0,60,1.0,5.0,1,1000,1,3000,4000,749.999950,0.0056
n60_graph0,60,1.0,5.0,1,3000,1,3000,6000,750.000073,0.0092
n60_graph0,60,1.0,5.0,1,10000,1,3000,13000,749.999996,0.0187
n60_graph1,60,0.0,0.1,1,100,60,3000,186000,41.774492,0.2302
n60_graph1,60,0.0,0.1,1,300,60,3000,198000,40.029694,0.2495
n60_graph1,60,0.0,0.1,1,1000,60,3000,240000,41.767090,0.3123
n60_graph1,60,0.0,0.1,1,3000,60,3000,360000,41.805515,0.4748
n60_graph1,60,0.0,0.1,1,10000,60,3000,780000,41.809850,1.0707
n60_graph1,60,0.0,0.2,1,100,60,3000,186000,42.700171,0.2318
n60_graph1,60,0.0,0.2,1,300,60,3000,198000,42.624365,0.2476
n60_graph1,60,0.0,0.2,1,1000,60,3000,240000,43.150040,0.3148
n60_graph1,60,0.0,0.2,1,3000,60,3000,360000,42.052240,0.4822
n60_graph1,60,0.0,0.2,1,10000,60,3000,780000,43.380734,1.0771
n60_graph1,60,0.0,0.3,1,100,60,3000,186000,44.572770,0.2338
n60_graph1,60,0.0,0.3,1,300,60,3000,198000,44.684903,0.2507
n60_graph1,60,0.0,0.3,1,1000,60,3000,240000,43.599133,0.3102
n60_graph1,60,0.0,0.3,1,3000,60,3000,360000,45.545587,0.4791
n60_graph1,60,0.0,0.3,1,10000,60,3000,780000,45.376031,1.0490
n60_graph1,60,0.0,0.5,1,100,60,3000,186000,50.541061,0.2282
n60_graph1,60,0.0,0.5,1,300,60,3000,198000,51.677467,0.2416
n60_graph1,60,0.0,0.5,1,1000,60,3000,240000,53.089702,0.3028
n60_graph1,60,0.0,0.5,1,3000,60,3000,360000,49.055336,0.4719
n60_graph1,60,0.0,0.5,1,10000,60,3000,780000,52.778346,1.0723
n60_graph1,60,0.0,0.8,1,100,60,3000,186000,69.685268,0.2309
n60_graph1,60,0.0,0.8,1,300,60,3000,198000,72.344333,0.2496
n60_graph1,60,0.0,0.8,1,1000,60,3000,240000,nan,0.3113
n60_graph1,60,0.0,0.8,1,3000,60,3000,360000,73.157242,0.4787
n60_graph1,60,0.0,0.8,1,10000,60,3000,780000,71.577139,1.0446
n60_graph1,60,0.0,1.0,1,100,60,3000,186000,nan,0.2216
n60_graph1,60,0.0,1.0,1,300,60,3000,198000,88.135715,0.2403
n60_graph1,60,0.0,1.0,1,1000,60,3000,240000,90.441908,0.2957
n60_graph1,60,0.0,1.0,1,3000,60,3000,360000,87.765998,0.4625
n60_graph1,60,0.0,1.0,1,10000,60,3000,780000,91.277400,1.0463
n60_graph1,60,0.0,1.3,1,100,60,3000,186000,nan,0.2218
n60_graph1,60,0.0,1.3,1,300,60,3000,198000,nan,0.2361
n60_graph1,60,0.0,1.3,1,1000,60,3000,240000,nan,0.2847
n60_graph1,60,0.0,1.3,1,3000,60,3000,360000,118.510106,0.4470
n60_graph1,60,0.0,1.3,1,10000,60,3000,780000,nan,1.0051
n60_graph1,60,0.0,1.8,1,100,60,3000,186000,164.388128,0.2157
n60_graph1,60,0.0,1.8,1,300,60,3000,198000,nan,0.2303
n60_graph1,60,0.0,1.8,1,1000,60,3000,240000,162.070832,0.2880
n60_graph1,60,0.0,1.8,1,3000,60,3000,360000,164.774635,0.4463
n60_graph1,60,0.0,1.8,1,10000,60,3000,780000,nan,0.9885
n60_graph1,60,0.0,2.5,1,100,60,3000,186000,nan,0.2066
n60_graph1,60,0.0,2.5,1,300,60,3000,198000,226.771475,0.2243
n60_graph1,60,0.0,2.5,1,1000,60,3000,240000,nan,0.2776
n60_graph1,60,0.0,2.5,1,3000,60,3000,360000,225.694979,0.4302
n60_graph1,60,0.0,2.5,1,10000,60,3000,780000,225.468693,0.9395
n60_graph1,60,0.0,5.0,1,100,60,3000,186000,448.913435,0.2003
n60_graph1,60,0.0,5.0,1,300,60,3000,198000,nan,0.2150
n60_graph1,60,0.0,5.0,1,1000,60,3000,240000,449.949273,0.2669
n60_graph1,60,0.0,5.0,1,3000,60,3000,360000,450.608591,0.4149
n60_graph1,60,0.0,5.0,1,10000,60,3000,780000,nan,0.9524
n60_graph1,60,0.1,0.1,1,100,60,3000,186000,41.405651,0.1908
n60_graph1,60,0.1,0.1,1,300,60,3000,198000,41.589290,0.2050
n60_graph1,60,0.1,0.1,1,1000,60,3000,240000,41.271223,0.2504
n60_graph1,60,0.1,0.1,1,3000,60,3000,360000,41.947134,0.3812
n60_graph1,60,0.1,0.1,1,10000,60,3000,780000,42.000869,0.8620
n60_graph1,60,0.1,0.2,1,100,59,3000,182900,43.603759,0.1823
n60_graph1,60,0.1,0.2,1,300,59,3000,194700,42.820157,0.1992
n60_graph1,60,0.1,0.2,1,1000,59,3000,236000,44.284399,0.2490
n60_graph1,60,0.1,0.2,1,3000,59,3000,354000,43.560330,0.3800
n60_graph1,60,0.1,0.2,1,10000,59,3000,767000,43.265974,0.8549
n60_graph1,60,0.1,0.3,1,100,59,3000,182900,43.869478,0.1821
n60_graph1,60,0.1,0.3,1,300,59,3000,194700,46.092402,0.1948
n60_graph1,60,0.1,0.3,1,1000,59,3000,236000,44.635075,0.2447
n60_graph1,60,0.1,0.3,1,3000,59,3000,354000,45.885736,0.3818
n60_graph1,60,0.1,0.3,1,10000,59,3000,767000,45.853928,0.8640
n60_graph1,60,0.1,0.5,1,100,58,3000,179800,51.357352,0.1816
n60_graph1,60,0.1,0.5,1,300,58,3000,191400,51.821244,0.1939
n60_graph1,60,0.1,0.5,1,1000,58,3000,232000,54.737767,0.2449
n60_graph1,60,0.1,0.5,1,3000,58,3000,348000,52.043998,0.3909
n60_graph1,60,0.1,0.5,1,10000,58,3000,754000,53.613931,0.8604
n60_graph1,60,0.1,0.8,1,100,56,3000,173600,76.600975,0.1795
n60_graph1,60,0.1,0.8,1,300,56,3000,184800,78.419529,0.1940
n60_graph1,60,0.1,0.8,1,1000,56,3000,224000,78.140623,0.2385
n60_graph1,60,0.1,0.8,1,3000,56,3000,336000,77.024327,0.3726
n60_graph1,60,0.1,0.8,1,10000,56,3000,728000,77.699354,0.8151
n60_graph1,60,0.1,1.0,1,100,55,3000,170500,94.675807,0.1708
n60_graph1,60,0.1,1.0,1,300,55,3000,181500,96.800178,0.1867
n60_graph1,60,0.1,1.0,1,1000,55,3000,220000,95.679547,0.2306
n60_graph1,60,0.1,1.0,1,3000,55,3000,330000,95.728925,0.3568
n60_graph1,60,0.1,1.0,1,10000,55,3000,715000,95.891152,0.7931
n60_graph1,60,0.1,1.3,1,100,53,3000,164300,123.741800,0.1634
n60_graph1,60,0.1,1.3,1,300,53,3000,174900,124.867128,0.1729
n60_graph1,60,0.1,1.3,1,1000,53,3000,212000,123.718695,0.2140
n60_graph1,60,0.1,1.3,1,3000,53,3000,318000,124.614702,0.3334
n60_graph1,60,0.1,1.3,1,10000,53,3000,689000,124.617575,0.7490
n60_graph1,60,0.1,1.8,1,100,50,3000,155000,171.938271,0.1516
n60_graph1,60,0.1,1.8,1,300,50,3000,165000,173.195642,0.1606
n60_graph1,60,0.1,1.8,1,1000,50,3000,200000,172.607520,0.1962
n60_graph1,60,0.1,1.8,1,3000,50,3000,300000,172.675419,0.3043
n60_graph1,60,0.1,1.8,1,10000,50,3000,650000,172.862003,0.6873
n60_graph1,60,0.1,2.5,1,100,46,3000,142600,240.061289,0.1363
n60_graph1,60,0.1,2.5,1,300,46,3000,151800,240.924836,0.1454
n60_graph1,60,0.1,2.5,1,1000,46,3000,184000,240.003069,0.1827
n60_graph1,60,0.1,2.5,1,3000,46,3000,276000,239.815100,0.2798
n60_graph1,60,0.1,2.5,1,10000,46,3000,598000,240.098657,0.6343
n60_graph1,60,0.1,5.0,1,100,33,3000,102300,480.117896,0.0953
n60_graph1,60,0.1,5.0,1,300,33,3000,108900,479.868581,0.1029
n60_graph1,60,0.1,5.0,1,1000,33,3000,132000,479.619214,0.1260
n60_graph1,60,0.1,5.0,1,3000,33,3000,198000,480.121691,0.1968
n60_graph1,60,0.1,5.0,1,10000,33,3000,429000,479.996497,0.4457
n60_graph1,60,0.2,0.1,1,100,59,3000,182900,41.027394,0.1593
n60_graph1,60,0.2,0.1,1,300,59,3000,194700,41.144086,0.1709
n60_graph1,60,0.2,0.1,1,1000,59,3000,236000,41.423081,0.2133
n60_graph1,60,0.2,0.1,1,3000,59,3000,354000,42.147931,0.3305
n60_graph1,60,0.2,0.1,1,10000,59,3000,767000,42.125181,0.7292
n60_graph1,60,0.2,0.2,1,100,58,3000,179800,42.014513,0.1533
n60_graph1,60,0.2,0.2,1,300,58,3000,191400,42.762931,0.1650
n60_graph1,60,0.2,0.2,1,1000,58,3000,232000,43.724203,0.2082
n60_graph1,60,0.2,0.2,1,3000,58,3000,348000,43.512445,0.3204
n60_graph1,60,0.2,0.2,1,10000,58,3000,754000,43.556601,0.7215
n60_graph1,60,0.2,0.3,1,100,57,3000,176700,45.833334,0.1544
n60_graph1,60,0.2,0.3,1,300,57,3000,188100,44.383634,0.1645
n60_graph1,60,0.2,0.3,1,1000,57,3000,228000,46.051141,0.2007
n60_graph1,60,0.2,0.3,1,3000,57,3000,342000,45.912646,0.3163
n60_graph1,60,0.2,0.3,1,10000,57,3000,741000,45.978252,0.7029
n60_graph1,60,0.2,0.5,1,100,55,3000,170500,54.475862,0.1715
n60_graph1,60,0.2,0.5,1,300,55,3000,181500,54.441652,0.1610
n60_graph1,60,0.2,0.5,1,1000,55,3000,220000,54.965144,0.2027
n60_graph1,60,0.2,0.5,1,3000,55,3000,330000,55.203534,0.3202
n60_graph1,60,0.2,0.5,1,10000,55,3000,715000,55.143016,0.7084
n60_graph1,60,0.2,0.8,1,100,51,3000,158100,82.428611,0.1408
n60_graph1,60,0.2,0.8,1,300,51,3000,168300,81.245870,0.1480
n60_graph1,60,0.2,0.8,1,1000,51,3000,204000,81.719142,0.1870
n60_graph1,60,0.2,0.8,1,3000,51,3000,306000,82.384444,0.2861
n60_graph1,60,0.2,0.8,1,10000,51,3000,663000,81.931063,0.6610
n60_graph1,60,0.2,1.0,1,100,49,3000,151900,102.550124,0.1339
n60_graph1,60,0.2,1.0,1,300,49,3000,161700,101.552016,0.1481
n60_graph1,60,0.2,1.0,1,1000,49,3000,196000,102.148302,0.1912
n60_graph1,60,0.2,1.0,1,3000,49,3000,294000,102.325082,0.2840
n60_graph1,60,0.2,1.0,1,10000,49,3000,637000,102.136278,0.6304
n60_graph1,60,0.2,1.3,1,100,45,3000,139500,131.477418,0.1286
n60_graph1,60,0.2,1.3,1,300,45,3000,148500,132.227371,0.1350
n60_graph1,60,0.2,1.3,1,1000,45,3000,180000,132.753480,0.1689
n60_graph1,60,0.2,1.3,1,3000,45,3000,270000,132.729615,0.2609
n60_graph1,60,0.2,1.3,1,10000,45,3000,585000,132.663691,0.5801
n60_graph1,60,0.2,1.8,1,100,40,3000,124000,183.708314,0.1153
n60_graph1,60,0.2,1.8,1,300,40,3000,132000,183.852130,0.1209
n60_graph1,60,0.2,1.8,1,1000,40,3000,160000,183.568821,0.1506
n60_graph1,60,0.2,1.8,1,3000,40,3000,240000,183.644853,0.2316
n60_graph1,60,0.2,1.8,1,10000,40,3000,520000,183.544559,0.5222
n60_graph1,60,0.2,2.5,1,100,33,3000,102300,254.811806,0.0928
n60_graph1,60,0.2,2.5,1,300,33,3000,108900,255.271482,0.1005
n60_graph1,60,0.2,2.5,1,1000,33,3000,132000,255.039976,0.1213
n60_graph1,60,0.2,2.5,1,3000,33,3000,198000,254.937700,0.1933
n60_graph1,60,0.2,2.5,1,10000,33,3000,429000,255.019734,0.4366
n60_graph1,60,0.2,5.0,1,100,15,3000,46500,510.053165,0.0435
n60_graph1,60,0.2,5.0,1,300,15,3000,49500,510.186024,0.0448
n60_graph1,60,0.2,5.0,1,1000,15,3000,60000,509.845283,0.0562
n60_graph1,60,0.2,5.0,1,3000,15,3000,90000,509.999124,0.0894
n60_graph1,60,0.2,5.0,1,10000,15,3000,195000,509.943251,0.2019
n60_graph1,60,0.5,0.1,1,100,58,3000,179800,41.242795,0.1548
n60_graph1,60,0.5,0.1,1,300,58,3000,191400,41.236914,0.1622
n60_graph1,60,0.5,0.1,1,1000,58,3000,232000,41.265644,0.2045
n60_graph1,60,0.5,0.1,1,3000,58,3000,348000,41.991643,0.3351
n60_graph1,60,0.5,0.1,1,10000,58,3000,754000,42.277347,0.7048
n60_graph1,60,0.5,0.2,1,100,55,3000,170500,42.983551,0.1451
n60_graph1,60,0.5,0.2,1,300,55,3000,181500,45.437750,0.1554
n60_graph1,60,0.5,0.2,1,1000,55,3000,220000,42.277496,0.1961
n60_graph1,60,0.5,0.2,1,3000,55,3000,330000,44.269252,0.3050
n60_graph1,60,0.5,0.2,1,10000,55,3000,715000,44.472189,0.6717
n60_graph1,60,0.5,0.3,1,100,52,3000,161200,47.451279,0.1395
n60_graph1,60,0.5,0.3,1,300,52,3000,171600,45.049166,0.1607
n60_graph1,60,0.5,0.3,1,1000,52,3000,208000,47.166569,0.1984
n60_graph1,60,0.5,0.3,1,3000,52,3000,312000,46.884057,0.2718
n60_graph1,60,0.5,0.3,1,10000,52,3000,676000,47.639765,0.5953
n60_graph1,60,0.5,0.5,1,100,46,3000,142600,62.518585,0.1165
n60_graph1,60,0.5,0.5,1,300,46,3000,151800,61.923608,0.1273
n60_graph1,60,0.5,0.5,1,1000,46,3000,184000,62.278933,0.1519
n60_graph1,60,0.5,0.5,1,3000,46,3000,276000,62.493663,0.2366
n60_graph1,60,0.5,0.5,1,10000,46,3000,598000,62.580349,0.5310
n60_graph1,60,0.5,0.8,1,100,38,3000,117800,97.074124,0.0965
n60_graph1,60,0.5,0.8,1,300,38,3000,125400,95.958852,0.1023
n60_graph1,60,0.5,0.8,1,1000,38,3000,152000,96.207800,0.1305
n60_graph1,60,0.5,0.8,1,3000,38,3000,228000,96.171359,0.1988
n60_graph1,60,0.5,0.8,1,10000,38,3000,494000,96.266682,0.4566
n60_graph1,60,0.5,1.0,1,100,33,3000,102300,119.983878,0.0842
n60_graph1,60,0.5,1.0,1,300,33,3000,108900,119.612284,0.0894
n60_graph1,60,0.5,1.0,1,1000,33,3000,132000,120.063833,0.1132
n60_graph1,60,0.5,1.0,1,3000,33,3000,198000,120.000505,0.1732
n60_graph1,60,0.5,1.0,1,10000,33,3000,429000,120.071208,0.3914
n60_graph1,60,0.5,1.3,1,100,26,3000,80600,155.803351,0.0647
n60_graph1,60,0.5,1.3,1,300,26,3000,85800,156.342926,0.0712
n60_graph1,60,0.5,1.3,1,1000,26,3000,104000,155.807002,0.0898
n60_graph1,60,0.5,1.3,1,3000,26,3000,156000,156.098202,0.1375
n60_graph1,60,0.5,1.3,1,10000,26,3000,338000,156.011372,0.3077
n60_graph1,60,0.5,1.8,1,100,18,3000,55800,216.061949,0.0461
n60_graph1,60,0.5,1.8,1,300,18,3000,59400,215.917089,0.0494
n60_graph1,60,0.5,1.8,1,1000,18,3000,72000,216.229885,0.0619
n60_graph1,60,0.5,1.8,1,3000,18,3000,108000,216.015123,0.1008
n60_graph1,60,0.5,1.8,1,10000,18,3000,234000,215.950414,0.2195
n60_graph1,60,0.5,2.5,1,100,10,3000,31000,299.887138,0.0270
n60_graph1,60,0.5,2.5,1,300,10,3000,33000,300.032097,0.0314
n60_graph1,60,0.5,2.5,1,1000,10,3000,40000,299.985011,0.0393
n60_graph1,60,0.5,2.5,1,3000,10,3000,60000,299.955270,0.0596
n60_graph1,60,0.5,2.5,1,10000,10,3000,130000,299.998744,0.1318
n60_graph1,60,0.5,5.0,1,100,1,3000,3100,600.020881,0.0029
n60_graph1,60,0.5,5.0,1,300,1,3000,3300,599.997292,0.0031
n60_graph1,60,0.5,5.0,1,1000,1,3000,4000,599.973458,0.0037
n60_graph1,60,0.5,5.0,1,3000,1,3000,6000,600.008284,0.0061
n60_graph1,60,0.5,5.0,1,10000,1,3000,13000,600.001492,0.0135
n60_graph1,60,1.0,0.1,1,100,55,3000,170500,42.650952,0.1689
n60_graph1,60,1.0,0.1,1,300,55,3000,181500,41.284771,0.1594
n60_graph1,60,1.0,0.1,1,1000,55,3000,220000,42.082882,0.1935
n60_graph1,60,1.0,0.1,1,3000,55,3000,330000,42.718829,0.3066
n60_graph1,60,1.0,0.1,1,10000,55,3000,715000,42.630852,0.6734
n60_graph1,60,1.0,0.2,1,100,49,3000,151900,44.728720,0.1271
n60_graph1,60,1.0,0.2,1,300,49,3000,161700,45.677078,0.1398
n60_graph1,60,1.0,0.2,1,1000,49,3000,196000,45.525977,0.1739
n60_graph1,60,1.0,0.2,1,3000,49,3000,294000,45.500865,0.2724
n60_graph1,60,1.0,0.2,1,10000,49,3000,637000,45.493541,0.6026
n60_graph1,60,1.0,0.3,1,100,43,3000,133300,51.525827,0.1140
n60_graph1,60,1.0,0.3,1,300,43,3000,141900,52.470567,0.1209
n60_graph1,60,1.0,0.3,1,1000,43,3000,172000,52.484350,0.1535
n60_graph1,60,1.0,0.3,1,3000,43,3000,258000,52.388120,0.2386
n60_graph1,60,1.0,0.3,1,10000,43,3000,559000,52.851621,0.5331
n60_graph1,60,1.0,0.5,1,100,33,3000,102300,76.267415,0.0900
n60_graph1,60,1.0,0.5,1,300,33,3000,108900,76.040387,0.0974
n60_graph1,60,1.0,0.5,1,1000,33,3000,132000,76.484196,0.1213
n60_graph1,60,1.0,0.5,1,3000,33,3000,198000,76.353240,0.1885
n60_graph1,60,1.0,0.5,1,10000,33,3000,429000,76.203310,0.4209
n60_graph1,60,1.0,0.8,1,100,21,3000,65100,120.101650,0.0598
n60_graph1,60,1.0,0.8,1,300,21,3000,69300,120.336482,0.0619
n60_graph1,60,1.0,0.8,1,1000,21,3000,84000,120.227181,0.0791
n60_graph1,60,1.0,0.8,1,3000,21,3000,126000,120.189095,0.1205
n60_graph1,60,1.0,0.8,1,10000,21,3000,273000,120.155234,0.2734
n60_graph1,60,1.0,1.0,1,100,15,3000,46500,149.854884,0.0429
n60_graph1,60,1.0,1.0,1,300,15,3000,49500,150.225326,0.0450
n60_graph1,60,1.0,1.0,1,1000,15,3000,60000,150.026149,0.0553
n60_graph1,60,1.0,1.0,1,3000,15,3000,90000,149.994685,0.0888
n60_graph1,60,1.0,1.0,1,10000,15,3000,195000,150.012495,0.1951
n60_graph1,60,1.0,1.3,1,100,9,3000,27900,194.965845,0.0252
n60_graph1,60,1.0,1.3,1,300,9,3000,29700,194.950704,0.0265
n60_graph1,60,1.0,1.3,1,1000,9,3000,36000,195.033485,0.0338
n60_graph1,60,1.0,1.3,1,3000,9,3000,54000,195.001593,0.0532
n60_graph1,60,1.0,1.3,1,10000,9,3000,117000,194.994337,0.1490
n60_graph1,60,1.0,1.8,1,100,4,3000,12400,270.024256,0.0130
n60_graph1,60,1.0,1.8,1,300,4,3000,13200,270.006456,0.0137
n60_graph1,60,1.0,1.8,1,1000,4,3000,16000,270.004014,0.0168
n60_graph1,60,1.0,1.8,1,3000,4,3000,24000,270.004420,0.0240
n60_graph1,60,1.0,1.8,1,10000,4,3000,52000,270.002084,0.0539
n60_graph1,60,1.0,2.5,1,100,1,3000,3100,375.037750,0.0029
n60_graph1,60,1.0,2.5,1,300,1,3000,3300,375.020705,0.0034
n60_graph1,60,1.0,2.5,1,1000,1,3000,4000,374.997536,0.0041
n60_graph1,60,1.0,2.5,1,3000,1,3000,6000,374.998068,0.0061
n60_graph1,60,1.0,2.5,1,10000,1,3000,13000,374.994572,0.0143
n60_graph1,60,1.0,5.0,1,100,1,3000,3100,750.000080,0.0030
n60_graph1,60,1.0,5.0,1,300,1,3000,3300,749.999837,0.0032
n60_graph1,60,1.0,5.0,1,1000,1,3000,4000,749.999915,0.0039
n60_graph1,60,1.0,5.0,1,3000,1,3000,6000,750.000058,0.0063
n60_graph1,60,1.0,5.0,1,10000,1,3000,13000,750.000003,0.0133
