graph_id,n,h,h_eff,beta,method,m,log_Z,log_Z_exact,rel_err,error_bound,runtime_s
n16_graph0,16,0.0,0.0625,0.1,naive,2,12.289300,11.211396,9.614359e-02,4.135368e+02,0.0012
n16_graph0,16,0.0,0.0625,0.1,naive,4,10.813150,11.211396,3.552155e-02,2.419959e+02,0.0025
n16_graph0,16,0.0,0.0625,0.1,naive,6,11.404778,11.211396,1.724866e-02,1.685865e+02,0.0125
n16_graph0,16,0.0,0.0625,0.1,naive,8,11.095747,11.211396,1.031537e-02,1.278854e+02,0.0326
n16_graph0,16,0.0,0.0625,0.1,naive,10,11.283689,11.211396,6.448165e-03,1.020501e+02,0.0508
n16_graph0,16,0.0,0.0625,0.2,naive,2,11.547926,11.579760,2.749078e-03,2.004029e+02,0.0002
n16_graph0,16,0.0,0.0625,0.2,naive,4,11.948714,11.579760,3.186195e-02,1.143775e+02,0.0022
n16_graph0,16,0.0,0.0625,0.2,naive,6,11.466401,11.579760,9.789399e-03,7.771373e+01,0.0135
n16_graph0,16,0.0,0.0625,0.2,naive,8,11.495587,11.579760,7.268960e-03,5.749613e+01,0.0325
n16_graph0,16,0.0,0.0625,0.2,naive,10,11.670712,11.579760,7.854441e-03,4.474800e+01,0.0502
n16_graph0,16,0.0,0.0625,0.3,naive,2,11.256170,12.208845,7.803153e-02,1.294872e+02,0.0002
n16_graph0,16,0.0,0.0625,0.3,naive,4,12.264376,12.208845,4.548387e-03,7.207855e+01,0.0016
n16_graph0,16,0.0,0.0625,0.3,naive,6,12.448557,12.208845,1.963427e-02,4.776458e+01,0.0135
n16_graph0,16,0.0,0.0625,0.3,naive,8,12.324216,12.208845,9.449743e-03,3.446588e+01,0.0331
n16_graph0,16,0.0,0.0625,0.3,naive,10,12.175575,12.208845,2.725125e-03,2.616177e+01,0.0516
n16_graph0,16,0.0,0.0625,0.5,naive,2,13.566254,14.380214,5.660278e-02,7.297759e+01,0.0002
n16_graph0,16,0.0,0.0625,0.5,naive,4,13.897055,14.380214,3.359886e-02,3.864150e+01,0.0016
n16_graph0,16,0.0,0.0625,0.5,naive,6,14.084475,14.380214,2.056569e-02,2.435786e+01,0.0119
n16_graph0,16,0.0,0.0625,0.5,naive,8,14.223544,14.380214,1.089487e-02,1.671890e+01,0.0316
n16_graph0,16,0.0,0.0625,0.5,naive,10,14.334945,14.380214,3.148004e-03,1.207177e+01,0.0484
n16_graph0,16,0.0,0.0625,0.8,naive,2,20.150020,20.120869,1.448780e-03,4.151874e+01,0.0002
n16_graph0,16,0.0,0.0625,0.8,naive,4,20.174533,20.120869,2.667087e-03,2.039560e+01,0.0017
n16_graph0,16,0.0,0.0625,0.8,naive,6,20.183911,20.120869,3.133173e-03,1.192750e+01,0.0122
n16_graph0,16,0.0,0.0625,0.8,naive,8,20.190615,20.120869,3.466331e-03,7.595323e+00,0.0331
n16_graph0,16,0.0,0.0625,0.8,naive,10,20.196428,20.120869,3.755269e-03,5.087883e+00,0.0511
n16_graph0,16,0.0,0.0625,1.0,naive,2,25.041117,24.750655,1.173551e-02,3.119529e+01,0.0002
n16_graph0,16,0.0,0.0625,1.0,naive,4,25.045450,24.750655,1.191060e-02,1.457695e+01,0.0016
n16_graph0,16,0.0,0.0625,1.0,naive,6,25.046550,24.750655,1.195504e-02,8.108956e+00,0.0105
n16_graph0,16,0.0,0.0625,1.0,naive,8,25.047273,24.750655,1.198425e-02,4.911870e+00,0.0328
n16_graph0,16,0.0,0.0625,1.0,naive,10,25.047859,24.750655,1.200790e-02,3.129847e+00,0.0526
n16_graph0,16,0.0,0.0625,1.3,naive,2,32.506096,31.901299,1.895840e-02,2.183914e+01,0.0002
n16_graph0,16,0.0,0.0625,1.3,naive,4,32.506496,31.901299,1.897094e-02,9.467625e+00,0.0022
n16_graph0,16,0.0,0.0625,1.3,naive,6,32.506546,31.901299,1.897251e-02,4.886156e+00,0.0131
n16_graph0,16,0.0,0.0625,1.3,naive,8,32.506577,31.901299,1.897348e-02,2.745852e+00,0.0328
n16_graph0,16,0.0,0.0625,1.3,naive,10,32.506600,31.901299,1.897419e-02,1.623234e+00,0.0526
n16_graph0,16,0.0,0.0625,1.8,naive,2,45.000269,43.893513,2.521457e-02,1.347752e+01,0.0002
n16_graph0,16,0.0,0.0625,1.8,naive,4,45.000281,43.893513,2.521484e-02,5.156186e+00,0.0016
n16_graph0,16,0.0,0.0625,1.8,naive,6,45.000281,43.893513,2.521485e-02,2.348378e+00,0.0122
n16_graph0,16,0.0,0.0625,1.8,naive,8,45.000282,43.893513,2.521485e-02,1.164638e+00,0.0313
n16_graph0,16,0.0,0.0625,1.8,naive,10,45.000282,43.893513,2.521486e-02,6.075868e-01,0.0498
n16_graph0,16,0.0,0.0625,2.5,naive,2,62.500004,60.693152,2.977026e-02,7.781986e+00,0.0002
n16_graph0,16,0.0,0.0625,2.5,naive,4,62.500004,60.693152,2.977027e-02,2.499238e+00,0.0016
n16_graph0,16,0.0,0.0625,2.5,naive,6,62.500004,60.693152,2.977027e-02,9.555327e-01,0.0128
n16_graph0,16,0.0,0.0625,2.5,naive,8,62.500004,60.693152,2.977027e-02,3.978021e-01,0.0324
n16_graph0,16,0.0,0.0625,2.5,naive,10,62.500004,60.693152,2.977027e-02,1.742139e-01,0.0510
n16_graph0,16,0.0,0.0625,5.0,naive,2,125.000000,120.693147,3.568432e-02,1.759899e+00,0.0002
n16_graph0,16,0.0,0.0625,5.0,naive,4,125.000000,120.693147,3.568432e-02,3.025318e-01,0.0016
n16_graph0,16,0.0,0.0625,5.0,naive,6,125.000000,120.693147,3.568432e-02,6.191200e-02,0.0122
n16_graph0,16,0.0,0.0625,5.0,naive,8,125.000000,120.693147,3.568432e-02,1.379629e-02,0.0319
n16_graph0,16,0.0,0.0625,5.0,naive,10,125.000000,120.693147,3.568432e-02,3.234030e-03,0.0515
n16_graph0,16,0.1,0.1,0.1,naive,2,12.267869,11.212495,9.412482e-02,2.536570e+02,0.0002
n16_graph0,16,0.1,0.1,0.1,naive,4,10.827733,11.212495,3.431544e-02,1.462266e+02,0.0017
n16_graph0,16,0.1,0.1,0.1,naive,6,11.395868,11.212495,1.635441e-02,1.003521e+02,0.0131
n16_graph0,16,0.1,0.1,0.1,naive,8,11.103884,11.212495,9.686561e-03,7.499118e+01,0.0325
n16_graph0,16,0.1,0.1,0.1,naive,10,11.278677,11.212495,5.902583e-03,5.895060e+01,0.0511
n16_graph0,16,0.1,0.1,0.2,naive,2,11.543340,11.586041,3.685601e-03,1.206369e+02,0.0002
n16_graph0,16,0.1,0.1,0.2,naive,4,11.928162,11.586041,2.952873e-02,6.681716e+01,0.0016
n16_graph0,16,0.1,0.1,0.2,naive,6,11.483558,11.586041,8.845436e-03,4.405715e+01,0.0122
n16_graph0,16,0.1,0.1,0.2,naive,8,11.508807,11.586041,6.666183e-03,3.163213e+01,0.0311
n16_graph0,16,0.1,0.1,0.2,naive,10,11.660942,11.586041,6.464785e-03,2.389102e+01,0.0481
n16_graph0,16,0.1,0.1,0.3,naive,2,11.326306,12.230102,7.389935e-02,7.649590e+01,0.0002
n16_graph0,16,0.1,0.1,0.3,naive,4,12.261572,12.230102,2.573117e-03,4.070747e+01,0.0015
n16_graph0,16,0.1,0.1,0.3,naive,6,12.425540,12.230102,1.598010e-02,2.578877e+01,0.0126
n16_graph0,16,0.1,0.1,0.3,naive,8,12.320823,12.230102,7.417791e-03,1.778979e+01,0.0315
n16_graph0,16,0.1,0.1,0.3,naive,10,12.200530,12.230102,2.417952e-03,1.290938e+01,0.0493
n16_graph0,16,0.1,0.1,0.5,naive,2,13.815739,14.522358,4.865728e-02,4.151874e+01,0.0002
n16_graph0,16,0.1,0.1,0.5,naive,4,14.106919,14.522358,2.860681e-02,2.039560e+01,0.0015
n16_graph0,16,0.1,0.1,0.5,naive,6,14.259680,14.522358,1.808781e-02,1.192750e+01,0.0130
n16_graph0,16,0.1,0.1,0.5,naive,8,14.364768,14.522358,1.085153e-02,7.595323e+00,0.0329
n16_graph0,16,0.1,0.1,0.5,naive,10,14.442824,14.522358,5.476604e-03,5.087883e+00,0.0515
n16_graph0,16,0.1,0.1,0.8,naive,2,20.619590,20.735684,5.598754e-03,2.232019e+01,0.0002
n16_graph0,16,0.1,0.1,0.8,naive,4,20.639646,20.735684,4.631533e-03,9.724669e+00,0.0016
n16_graph0,16,0.1,0.1,0.8,naive,6,20.646409,20.735684,4.305402e-03,5.043971e+00,0.0127
n16_graph0,16,0.1,0.1,0.8,naive,8,20.650684,20.735684,4.099220e-03,2.848747e+00,0.0327
n16_graph0,16,0.1,0.1,0.8,naive,10,20.653969,20.735684,3.940798e-03,1.692503e+00,0.0521
n16_graph0,16,0.1,0.1,1.0,naive,2,25.637736,25.683807,1.793765e-03,1.614723e+01,0.0002
n16_graph0,16,0.1,0.1,1.0,naive,4,25.641121,25.683807,1.661970e-03,6.494285e+00,0.0015
n16_graph0,16,0.1,0.1,1.0,naive,6,25.641851,25.683807,1.633540e-03,3.109464e+00,0.0133
n16_graph0,16,0.1,0.1,1.0,naive,8,25.642262,25.683807,1.617533e-03,1.621150e+00,0.0334
n16_graph0,16,0.1,0.1,1.0,naive,10,25.642548,25.683807,1.606393e-03,8.891096e-01,0.0531
n16_graph0,16,0.1,0.1,1.3,naive,2,33.285486,33.301405,4.780384e-04,1.067853e+01,0.0002
n16_graph0,16,0.1,0.1,1.3,naive,4,33.285778,33.301405,4.692587e-04,3.809163e+00,0.0017
n16_graph0,16,0.1,0.1,1.3,naive,6,33.285807,33.301405,4.683806e-04,1.617590e+00,0.0130
n16_graph0,16,0.1,0.1,1.3,naive,8,33.285822,33.301405,4.679392e-04,7.479813e-01,0.0324
n16_graph0,16,0.1,0.1,1.3,naive,10,33.285831,33.301405,4.676724e-04,3.638375e-01,0.0516
n16_graph0,16,0.1,0.1,1.8,naive,2,46.080234,46.083390,6.847000e-05,5.990851e+00,0.0002
n16_graph0,16,0.1,0.1,1.8,naive,4,46.080242,46.083390,6.830012e-05,1.749636e+00,0.0016
n16_graph0,16,0.1,0.1,1.8,naive,6,46.080242,46.083390,6.829605e-05,6.083138e-01,0.0122
n16_graph0,16,0.1,0.1,1.8,naive,8,46.080242,46.083390,6.829426e-05,2.302985e-01,0.0315
n16_graph0,16,0.1,0.1,1.8,naive,10,46.080242,46.083390,6.829339e-05,9.171682e-02,0.0508
n16_graph0,16,0.1,0.1,2.5,naive,2,64.000003,64.000338,5.241827e-06,3.024448e+00,0.0002
n16_graph0,16,0.1,0.1,2.5,naive,4,64.000003,64.000338,5.240737e-06,6.675793e-01,0.0016
n16_graph0,16,0.1,0.1,2.5,naive,6,64.000003,64.000338,5.240733e-06,1.754205e-01,0.0128
n16_graph0,16,0.1,0.1,2.5,naive,8,64.000003,64.000338,5.240732e-06,5.019280e-02,0.0330
n16_graph0,16,0.1,0.1,2.5,naive,10,64.000003,64.000338,5.240731e-06,1.510764e-02,0.0531
n16_graph0,16,0.1,0.1,5.0,naive,2,128.000000,128.000000,8.791812e-10,4.200639e-01,0.0002
n16_graph0,16,0.1,0.1,5.0,naive,4,128.000000,128.000000,8.791809e-10,3.410968e-02,0.0017
n16_graph0,16,0.1,0.1,5.0,naive,6,128.000000,128.000000,8.791809e-10,3.297317e-03,0.0126
n16_graph0,16,0.1,0.1,5.0,naive,8,128.000000,128.000000,8.791809e-10,3.470781e-04,0.0320
n16_graph0,16,0.1,0.1,5.0,naive,10,128.000000,128.000000,8.791809e-10,3.843157e-05,0.0503
n16_graph0,16,0.2,0.2,0.1,naive,2,12.214275,11.215788,8.902511e-02,1.206369e+02,0.0002
n16_graph0,16,0.2,0.2,0.1,naive,4,10.865864,11.215788,3.119930e-02,6.681716e+01,0.0016
n16_graph0,16,0.2,0.2,0.1,naive,6,11.375847,11.215788,1.427082e-02,4.405715e+01,0.0128
n16_graph0,16,0.2,0.2,0.1,naive,8,11.124847,11.215788,8.108357e-03,3.163213e+01,0.0329
n16_graph0,16,0.2,0.2,0.1,naive,10,11.268908,11.215788,4.736198e-03,2.389102e+01,0.0518
n16_graph0,16,0.2,0.2,0.2,naive,2,11.543922,11.604856,5.250751e-03,5.456750e+01,0.0002
n16_graph0,16,0.2,0.2,0.2,naive,4,11.889074,11.604856,2.449128e-02,2.789961e+01,0.0016
n16_graph0,16,0.2,0.2,0.2,naive,6,11.531133,11.604856,6.352815e-03,1.698177e+01,0.0122
n16_graph0,16,0.2,0.2,0.2,naive,8,11.548199,11.604856,4.882146e-03,1.125515e+01,0.0318
n16_graph0,16,0.2,0.2,0.2,naive,10,11.652759,11.604856,4.127861e-03,7.847189e+00,0.0507
n16_graph0,16,0.2,0.2,0.3,naive,2,11.530587,12.293323,6.204476e-02,3.290551e+01,0.0002
n16_graph0,16,0.2,0.2,0.3,naive,4,12.296542,12.293323,2.618421e-04,1.553063e+01,0.0016
n16_graph0,16,0.2,0.2,0.3,naive,6,12.416847,12.293323,1.004803e-02,8.726306e+00,0.0126
n16_graph0,16,0.2,0.2,0.3,naive,8,12.350571,12.293323,4.656859e-03,5.338943e+00,0.0316
n16_graph0,16,0.2,0.2,0.3,naive,10,12.282113,12.293323,9.118541e-04,3.436169e+00,0.0499
n16_graph0,16,0.2,0.2,0.5,naive,2,14.493682,14.902829,2.745437e-02,1.614723e+01,0.0002
n16_graph0,16,0.2,0.2,0.5,naive,4,14.701233,14.902829,1.352741e-02,6.494285e+00,0.0015
n16_graph0,16,0.2,0.2,0.5,naive,6,14.789936,14.902829,7.575308e-03,3.109464e+00,0.0129
n16_graph0,16,0.2,0.2,0.5,naive,8,14.839804,14.902829,4.229078e-03,1.621150e+00,0.0326
n16_graph0,16,0.2,0.2,0.5,naive,10,14.870087,14.902829,2.197035e-03,8.891096e-01,0.0515
n16_graph0,16,0.2,0.2,0.8,naive,2,21.875501,21.899658,1.103106e-03,7.456959e+00,0.0002
n16_graph0,16,0.2,0.2,0.8,naive,4,21.887291,21.899658,5.647450e-04,2.359199e+00,0.0015
n16_graph0,16,0.2,0.2,0.8,naive,6,21.890130,21.899658,4.350637e-04,8.885626e-01,0.0127
n16_graph0,16,0.2,0.2,0.8,naive,8,21.891425,21.899658,3.759677e-04,3.644140e-01,0.0321
n16_graph0,16,0.2,0.2,0.8,naive,10,21.892145,21.899658,3.430906e-04,1.572159e-01,0.0516
n16_graph0,16,0.2,0.2,1.0,naive,2,27.230114,27.234048,1.444341e-04,4.872511e+00,0.0002
n16_graph0,16,0.2,0.2,1.0,naive,4,27.231876,27.234048,7.975257e-05,1.313616e+00,0.0016
n16_graph0,16,0.2,0.2,1.0,naive,6,27.232122,27.234048,7.070036e-05,4.216041e-01,0.0125
n16_graph0,16,0.2,0.2,1.0,naive,8,27.232214,27.234048,6.732736e-05,1.473414e-01,0.0316
n16_graph0,16,0.2,0.2,1.0,naive,10,27.232257,27.234048,6.575818e-05,5.416753e-02,0.0504
n16_graph0,16,0.2,0.2,1.3,naive,2,35.364154,35.364538,1.087163e-05,2.763952e+00,0.0002
n16_graph0,16,0.2,0.2,1.3,naive,4,35.364282,35.364538,7.256055e-06,5.861590e-01,0.0015
n16_graph0,16,0.2,0.2,1.3,naive,6,35.364289,35.364538,7.057666e-06,1.479862e-01,0.0135
n16_graph0,16,0.2,0.2,1.3,naive,8,35.364291,35.364538,6.999637e-06,4.068276e-02,0.0334
n16_graph0,16,0.2,0.2,1.3,naive,10,35.364291,35.364538,6.978819e-06,1.176506e-02,0.0528
n16_graph0,16,0.2,0.2,1.8,naive,2,48.960162,48.960175,2.564953e-07,1.198383e+00,0.0002
n16_graph0,16,0.2,0.2,1.8,naive,4,48.960165,48.960175,2.035977e-07,1.703581e-01,0.0016
n16_graph0,16,0.2,0.2,1.8,naive,6,48.960165,48.960175,2.030991e-07,2.883040e-02,0.0122
n16_graph0,16,0.2,0.2,1.8,naive,8,48.960165,48.960175,2.029953e-07,5.312784e-03,0.0315
n16_graph0,16,0.2,0.2,1.8,naive,10,48.960165,48.960175,2.029706e-07,1.029883e-03,0.0506
n16_graph0,16,0.2,0.2,2.5,naive,2,68.000002,68.000002,1.882372e-09,4.200639e-01,0.0002
n16_graph0,16,0.2,0.2,2.5,naive,4,68.000002,68.000002,1.655167e-09,3.410968e-02,0.0016
n16_graph0,16,0.2,0.2,2.5,naive,6,68.000002,68.000002,1.654986e-09,3.297317e-03,0.0128
n16_graph0,16,0.2,0.2,2.5,naive,8,68.000002,68.000002,1.654963e-09,3.470781e-04,0.0321
n16_graph0,16,0.2,0.2,2.5,naive,10,68.000002,68.000002,1.654960e-09,3.843157e-05,0.0513
n16_graph0,16,0.2,0.2,5.0,naive,2,136.000000,136.000000,2.089832e-16,1.528918e-02,0.0002
n16_graph0,16,0.2,0.2,5.0,naive,4,136.000000,136.000000,2.089832e-16,1.680186e-04,0.0018
n16_graph0,16,0.2,0.2,5.0,naive,6,136.000000,136.000000,2.089832e-16,2.198120e-06,0.0126
n16_graph0,16,0.2,0.2,5.0,naive,8,136.000000,136.000000,2.089832e-16,3.131332e-08,0.0326
n16_graph0,16,0.2,0.2,5.0,naive,10,136.000000,136.000000,2.089832e-16,4.692464e-10,0.0518
n16_graph0,16,0.5,0.5,0.1,naive,2,12.083369,11.238822,7.514544e-02,4.151874e+01,0.0002
n16_graph0,16,0.5,0.5,0.1,naive,4,10.976000,11.238822,2.338525e-02,2.039560e+01,0.0015
n16_graph0,16,0.5,0.5,0.1,naive,6,11.345077,11.238822,9.454239e-03,1.192750e+01,0.0126
n16_graph0,16,0.5,0.5,0.1,naive,8,11.185535,11.238822,4.741376e-03,7.595323e+00,0.0318
n16_graph0,16,0.5,0.5,0.1,naive,10,11.266231,11.238822,2.438781e-03,5.087883e+00,0.0503
n16_graph0,16,0.5,0.5,0.2,naive,2,11.647676,11.735362,7.471911e-03,1.614723e+01,0.0002
n16_graph0,16,0.5,0.5,0.2,naive,4,11.895913,11.735362,1.368101e-02,6.494285e+00,0.0015
n16_graph0,16,0.5,0.5,0.2,naive,6,11.708702,11.735362,2.271763e-03,3.109464e+00,0.0123
n16_graph0,16,0.5,0.5,0.2,naive,8,11.713658,11.735362,1.849394e-03,1.621150e+00,0.0317
n16_graph0,16,0.5,0.5,0.2,naive,10,11.747678,11.735362,1.049505e-03,8.891096e-01,0.0507
n16_graph0,16,0.5,0.5,0.3,naive,2,12.274334,12.715099,3.466466e-02,8.366219e+00,0.0002
n16_graph0,16,0.5,0.5,0.3,naive,4,12.697027,12.715099,1.421275e-03,2.754887e+00,0.0015
n16_graph0,16,0.5,0.5,0.3,naive,6,12.744676,12.715099,2.326170e-03,1.079939e+00,0.0130
n16_graph0,16,0.5,0.5,0.3,naive,8,12.727788,12.715099,9.979710e-04,4.609756e-01,0.0328
n16_graph0,16,0.5,0.5,0.3,naive,10,12.715106,12.715099,5.686049e-07,2.069908e-01,0.0519
n16_graph0,16,0.5,0.5,0.5,naive,2,16.615689,16.717827,6.109520e-03,3.024448e+00,0.0002
n16_graph0,16,0.5,0.5,0.5,naive,4,16.691896,16.717827,1.551050e-03,6.675793e-01,0.0015
n16_graph0,16,0.5,0.5,0.5,naive,6,16.709516,16.717827,4.970971e-04,1.754205e-01,0.0123
n16_graph0,16,0.5,0.5,0.5,naive,8,16.714924,16.717827,1.736373e-04,5.019280e-02,0.0322
n16_graph0,16,0.5,0.5,0.5,naive,10,16.716718,16.717827,6.628631e-05,1.510764e-02,0.0514
n16_graph0,16,0.5,0.5,0.8,naive,2,25.666779,25.669520,1.067639e-04,8.786173e-01,0.0002
n16_graph0,16,0.5,0.5,0.8,naive,4,25.669250,25.669520,1.052484e-05,1.064339e-01,0.0015
n16_graph0,16,0.5,0.5,0.8,naive,6,25.669468,25.669520,2.030479e-06,1.534902e-02,0.0124
n16_graph0,16,0.5,0.5,0.8,naive,8,25.669505,25.669520,5.788130e-07,2.410266e-03,0.0315
n16_graph0,16,0.5,0.5,0.8,naive,10,25.669513,25.669520,2.721413e-07,3.981472e-04,0.0502
n16_graph0,16,0.5,0.5,1.0,naive,2,32.015653,32.015923,8.440206e-06,4.200639e-01,0.0002
n16_graph0,16,0.5,0.5,1.0,naive,4,32.015912,32.015923,3.574311e-07,3.410968e-02,0.0015
n16_graph0,16,0.5,0.5,1.0,naive,6,32.015922,32.015923,4.406963e-08,3.297317e-03,0.0137
n16_graph0,16,0.5,0.5,1.0,naive,8,32.015923,32.015923,1.013220e-08,3.470781e-04,0.0330
n16_graph0,16,0.5,0.5,1.0,naive,10,32.015923,32.015923,5.414117e-09,3.843157e-05,0.0516
n16_graph0,16,0.5,0.5,1.3,naive,2,41.601841,41.601852,2.727844e-07,1.484008e-01,0.0002
n16_graph0,16,0.5,0.5,1.3,naive,4,41.601852,41.601852,2.752131e-09,6.613355e-03,0.0015
n16_graph0,16,0.5,0.5,1.3,naive,6,41.601852,41.601852,1.844934e-10,3.508554e-04,0.0123
n16_graph0,16,0.5,0.5,1.3,naive,8,41.601852,41.601852,3.613069e-11,2.026833e-05,0.0317
n16_graph0,16,0.5,0.5,1.3,naive,10,41.601852,41.601852,2.499735e-11,1.231692e-06,0.0506
n16_graph0,16,0.5,0.5,1.8,naive,2,57.600054,57.600054,1.690938e-09,2.885875e-02,0.0002
n16_graph0,16,0.5,0.5,1.8,naive,4,57.600054,57.600054,1.156728e-12,4.731171e-04,0.0015
n16_graph0,16,0.5,0.5,1.8,naive,6,57.600054,57.600054,3.046943e-14,9.233800e-06,0.0124
n16_graph0,16,0.5,0.5,1.8,naive,8,57.600054,57.600054,6.044542e-15,1.962347e-07,0.0312
n16_graph0,16,0.5,0.5,1.8,naive,10,57.600054,57.600054,5.304394e-15,4.386979e-09,0.0494
n16_graph0,16,0.5,0.5,2.5,naive,2,80.000000,80.000000,2.125233e-12,3.213569e-03,0.0002
n16_graph0,16,0.5,0.5,2.5,naive,4,80.000000,80.000000,0.000000e+00,1.299172e-05,0.0015
n16_graph0,16,0.5,0.5,2.5,naive,6,80.000000,80.000000,0.000000e+00,6.252678e-08,0.0126
n16_graph0,16,0.5,0.5,2.5,naive,8,80.000000,80.000000,0.000000e+00,3.276794e-10,0.0319
n16_graph0,16,0.5,0.5,2.5,naive,10,80.000000,80.000000,0.000000e+00,1.806453e-12,0.0498
n16_graph0,16,0.5,0.5,5.0,naive,2,160.000000,160.000000,0.000000e+00,1.642546e-06,0.0002
n16_graph0,16,0.5,0.5,5.0,naive,4,160.000000,160.000000,0.000000e+00,4.474290e-11,0.0016
n16_graph0,16,0.5,0.5,5.0,naive,6,160.000000,160.000000,0.000000e+00,1.450946e-15,0.0123
n16_graph0,16,0.5,0.5,5.0,naive,8,160.000000,160.000000,0.000000e+00,5.123443e-20,0.0316
n16_graph0,16,0.5,0.5,5.0,naive,10,160.000000,160.000000,0.000000e+00,1.903123e-24,0.0492
n16_graph0,16,1.0,1.0,0.1,naive,2,11.957236,11.320774,5.622073e-02,1.614723e+01,0.0002
n16_graph0,16,1.0,1.0,0.1,naive,4,11.158446,11.320774,1.433892e-02,6.494285e+00,0.0015
n16_graph0,16,1.0,1.0,0.1,naive,6,11.374156,11.320774,4.715434e-03,3.109464e+00,0.0129
n16_graph0,16,1.0,1.0,0.1,naive,8,11.299039,11.320774,1.919903e-03,1.621150e+00,0.0324
n16_graph0,16,1.0,1.0,0.1,naive,10,11.329811,11.320774,7.982843e-04,8.891096e-01,0.0503
n16_graph0,16,1.0,1.0,0.2,naive,2,12.103185,12.185603,6.763573e-03,4.872511e+00,0.0002
n16_graph0,16,1.0,1.0,0.2,naive,4,12.245220,12.185603,4.892401e-03,1.313616e+00,0.0015
n16_graph0,16,1.0,1.0,0.2,naive,6,12.181176,12.185603,3.632482e-04,4.216041e-01,0.0130
n16_graph0,16,1.0,1.0,0.2,naive,8,12.181553,12.185603,3.323191e-04,1.473414e-01,0.0330
n16_graph0,16,1.0,1.0,0.2,naive,10,12.186827,12.185603,1.004545e-04,5.416753e-02,0.0530
n16_graph0,16,1.0,1.0,0.3,naive,2,13.843905,14.010783,1.191071e-02,1.953938e+00,0.0002
n16_graph0,16,1.0,1.0,0.3,naive,4,14.003114,14.010783,5.473825e-04,3.531089e-01,0.0015
n16_graph0,16,1.0,1.0,0.3,naive,6,14.013375,14.010783,1.850217e-04,7.596739e-02,0.0121
n16_graph0,16,1.0,1.0,0.3,naive,8,14.011615,14.010783,5.936797e-05,1.779629e-02,0.0308
n16_graph0,16,1.0,1.0,0.3,naive,10,14.010839,14.010783,3.992942e-06,4.385568e-03,0.0478
n16_graph0,16,1.0,1.0,0.5,naive,2,20.341805,20.358163,8.034958e-04,4.200639e-01,0.0002
n16_graph0,16,1.0,1.0,0.5,naive,4,20.356758,20.358163,6.902594e-05,3.410968e-02,0.0015
n16_graph0,16,1.0,1.0,0.5,naive,6,20.358004,20.358163,7.833873e-06,3.297317e-03,0.0124
n16_graph0,16,1.0,1.0,0.5,naive,8,20.358143,20.358163,9.791518e-07,3.470781e-04,0.0316
n16_graph0,16,1.0,1.0,0.5,naive,10,20.358160,20.358163,1.474456e-07,3.843157e-05,0.0510
n16_graph0,16,1.0,1.0,0.8,naive,2,32.028122,32.028323,6.287772e-06,5.499535e-02,0.0002
n16_graph0,16,1.0,1.0,0.8,naive,4,32.028320,32.028323,1.081215e-07,1.345039e-03,0.0016
n16_graph0,16,1.0,1.0,0.8,naive,6,32.028323,32.028323,3.666751e-09,3.916197e-05,0.0124
n16_graph0,16,1.0,1.0,0.8,naive,8,32.028323,32.028323,1.580635e-10,1.241589e-06,0.0313
n16_graph0,16,1.0,1.0,0.8,naive,10,32.028323,32.028323,1.006237e-11,4.140809e-08,0.0485
n16_graph0,16,1.0,1.0,1.0,naive,2,40.005511,40.005523,2.924632e-07,1.528918e-02,0.0002
n16_graph0,16,1.0,1.0,1.0,naive,4,40.005523,40.005523,1.419522e-09,1.680186e-04,0.0015
n16_graph0,16,1.0,1.0,1.0,naive,6,40.005523,40.005523,2.004484e-11,2.198120e-06,0.0130
n16_graph0,16,1.0,1.0,1.0,naive,8,40.005523,40.005523,3.777789e-13,3.131332e-08,0.0324
n16_graph0,16,1.0,1.0,1.0,naive,10,40.005523,40.005523,1.136711e-14,4.692464e-10,0.0502
n16_graph0,16,1.0,1.0,1.3,naive,2,52.000491,52.000491,4.115849e-09,2.360582e-03,0.0002
n16_graph0,16,1.0,1.0,1.3,naive,4,52.000491,52.000491,2.471709e-12,7.813382e-06,0.0015
n16_graph0,16,1.0,1.0,1.3,naive,6,52.000491,52.000491,9.701550e-15,3.078787e-08,0.0122
n16_graph0,16,1.0,1.0,1.3,naive,8,52.000491,52.000491,1.366415e-16,1.321003e-10,0.0320
n16_graph0,16,1.0,1.0,1.3,naive,10,52.000491,52.000491,1.366415e-16,5.962418e-13,0.0506
n16_graph0,16,1.0,1.0,1.8,naive,2,72.000009,72.000009,5.995401e-12,1.118536e-04,0.0002
n16_graph0,16,1.0,1.0,1.8,naive,4,72.000009,72.000009,1.973730e-16,5.010499e-08,0.0015
n16_graph0,16,1.0,1.0,1.8,naive,6,72.000009,72.000009,0.000000e+00,2.671977e-11,0.0125
n16_graph0,16,1.0,1.0,1.8,naive,8,72.000009,72.000009,0.000000e+00,1.551558e-14,0.0318
n16_graph0,16,1.0,1.0,1.8,naive,10,72.000009,72.000009,0.000000e+00,9.477581e-18,0.0501
n16_graph0,16,1.0,1.0,2.5,naive,2,100.000000,100.000000,8.526513e-16,1.642546e-06,0.0002
n16_graph0,16,1.0,1.0,2.5,naive,4,100.000000,100.000000,0.000000e+00,4.474290e-11,0.0016
n16_graph0,16,1.0,1.0,2.5,naive,6,100.000000,100.000000,0.000000e+00,1.450946e-15,0.0128
n16_graph0,16,1.0,1.0,2.5,naive,8,100.000000,100.000000,0.000000e+00,5.123443e-20,0.0324
n16_graph0,16,1.0,1.0,2.5,naive,10,100.000000,100.000000,0.000000e+00,1.903123e-24,0.0511
n16_graph0,16,1.0,1.0,5.0,naive,2,200.000000,200.000000,0.000000e+00,4.990959e-13,0.0002
n16_graph0,16,1.0,1.0,5.0,naive,4,200.000000,200.000000,0.000000e+00,6.172280e-22,0.0015
n16_graph0,16,1.0,1.0,5.0,naive,6,200.000000,200.000000,0.000000e+00,9.087155e-31,0.0123
n16_graph0,16,1.0,1.0,5.0,naive,8,200.000000,200.000000,0.000000e+00,1.456779e-39,0.0321
n16_graph0,16,1.0,1.0,5.0,naive,10,200.000000,200.000000,0.000000e+00,2.456711e-48,0.0507
n16_graph1,16,0.0,0.0625,0.1,naive,2,12.289300,11.214570,9.583339e-02,4.135368e+02,0.0002
n16_graph1,16,0.0,0.0625,0.1,naive,4,10.743208,11.214570,4.203127e-02,2.419959e+02,0.0015
n16_graph1,16,0.0,0.0625,0.1,naive,6,11.460253,11.214570,2.190745e-02,1.685865e+02,0.0123
n16_graph1,16,0.0,0.0625,0.1,naive,8,10.971311,11.214570,2.169131e-02,1.278854e+02,0.0319
n16_graph1,16,0.0,0.0625,0.1,naive,10,11.333210,11.214570,1.057906e-02,1.020501e+02,0.0505
n16_graph1,16,0.0,0.0625,0.2,naive,2,11.547926,11.605842,4.990255e-03,2.004029e+02,0.0002
n16_graph1,16,0.0,0.0625,0.2,naive,4,12.047340,11.605842,3.804102e-02,1.143775e+02,0.0015
n16_graph1,16,0.0,0.0625,0.2,naive,6,11.290667,11.605842,2.715665e-02,7.771373e+01,0.0120
n16_graph1,16,0.0,0.0625,0.2,naive,8,11.623797,11.605842,1.547078e-03,5.749613e+01,0.0307
n16_graph1,16,0.0,0.0625,0.2,naive,10,11.665777,11.605842,5.164218e-03,4.474800e+01,0.0479
n16_graph1,16,0.0,0.0625,0.3,naive,2,11.256170,12.294910,8.448538e-02,1.294872e+02,0.0002
n16_graph1,16,0.0,0.0625,0.3,naive,4,12.519155,12.294910,1.823878e-02,7.207855e+01,0.0016
n16_graph1,16,0.0,0.0625,0.3,naive,6,12.507085,12.294910,1.725711e-02,4.776458e+01,0.0126
n16_graph1,16,0.0,0.0625,0.3,naive,8,12.294846,12.294910,5.247866e-06,3.446588e+01,0.0322
n16_graph1,16,0.0,0.0625,0.3,naive,10,12.238147,12.294910,4.616840e-03,2.616177e+01,0.0509
n16_graph1,16,0.0,0.0625,0.5,naive,2,13.566254,14.666278,7.500362e-02,7.297759e+01,0.0002
n16_graph1,16,0.0,0.0625,0.5,naive,4,14.093289,14.666278,3.906849e-02,3.864150e+01,0.0017
n16_graph1,16,0.0,0.0625,0.5,naive,6,14.516609,14.666278,1.020500e-02,2.435786e+01,0.0133
n16_graph1,16,0.0,0.0625,0.5,naive,8,14.625771,14.666278,2.761919e-03,1.671890e+01,0.0329
n16_graph1,16,0.0,0.0625,0.5,naive,10,14.754730,14.666278,6.031002e-03,1.207177e+01,0.0522
n16_graph1,16,0.0,0.0625,0.8,naive,2,20.150020,20.396233,1.207151e-02,4.151874e+01,0.0002
n16_graph1,16,0.0,0.0625,0.8,naive,4,20.222519,20.396233,8.516979e-03,2.039560e+01,0.0016
n16_graph1,16,0.0,0.0625,0.8,naive,6,20.376648,20.396233,9.602524e-04,1.192750e+01,0.0135
n16_graph1,16,0.0,0.0625,0.8,naive,8,20.395356,20.396233,4.298141e-05,7.595323e+00,0.0335
n16_graph1,16,0.0,0.0625,0.8,naive,10,20.420021,20.396233,1.166266e-03,5.087883e+00,0.0517
n16_graph1,16,0.0,0.0625,1.0,naive,2,25.041117,24.923424,4.722174e-03,3.119529e+01,0.0002
n16_graph1,16,0.0,0.0625,1.0,naive,4,25.062429,24.923424,5.577273e-03,1.457695e+01,0.0015
n16_graph1,16,0.0,0.0625,1.0,naive,6,25.145380,24.923424,8.905529e-03,8.108956e+00,0.0129
n16_graph1,16,0.0,0.0625,1.0,naive,8,25.149612,24.923424,9.075322e-03,4.911870e+00,0.0324
n16_graph1,16,0.0,0.0625,1.0,naive,10,25.155514,24.923424,9.312098e-03,3.129847e+00,0.0512
n16_graph1,16,0.0,0.0625,1.3,naive,2,32.506096,31.985936,1.626217e-02,2.183914e+01,0.0002
n16_graph1,16,0.0,0.0625,1.3,naive,4,32.510209,31.985936,1.639076e-02,9.467625e+00,0.0015
n16_graph1,16,0.0,0.0625,1.3,naive,6,32.545452,31.985936,1.749256e-02,4.886156e+00,0.0121
n16_graph1,16,0.0,0.0625,1.3,naive,8,32.545923,31.985936,1.750731e-02,2.745852e+00,0.0311
n16_graph1,16,0.0,0.0625,1.3,naive,10,32.546754,31.985936,1.753327e-02,1.623234e+00,0.0483
n16_graph1,16,0.0,0.0625,1.8,naive,2,45.000269,43.922066,2.454810e-02,1.347752e+01,0.0002
n16_graph1,16,0.0,0.0625,1.8,naive,4,45.000617,43.922066,2.455602e-02,5.156186e+00,0.0015
n16_graph1,16,0.0,0.0625,1.8,naive,6,45.009688,43.922066,2.476255e-02,2.348378e+00,0.0121
n16_graph1,16,0.0,0.0625,1.8,naive,8,45.009702,43.922066,2.476286e-02,1.164638e+00,0.0323
n16_graph1,16,0.0,0.0625,1.8,naive,10,45.009747,43.922066,2.476390e-02,6.075868e-01,0.0512
n16_graph1,16,0.0,0.0625,2.5,naive,2,62.500004,60.699960,2.965477e-02,7.781986e+00,0.0002
n16_graph1,16,0.0,0.0625,2.5,naive,4,62.500017,60.699960,2.965499e-02,2.499238e+00,0.0015
n16_graph1,16,0.0,0.0625,2.5,naive,6,62.501436,60.699960,2.967838e-02,9.555327e-01,0.0123
n16_graph1,16,0.0,0.0625,2.5,naive,8,62.501437,60.699960,2.967838e-02,3.978021e-01,0.0318
n16_graph1,16,0.0,0.0625,2.5,naive,10,62.501438,60.699960,2.967840e-02,1.742139e-01,0.0505
n16_graph1,16,0.0,0.0625,5.0,naive,2,125.000000,120.693193,3.568393e-02,1.759899e+00,0.0002
n16_graph1,16,0.0,0.0625,5.0,naive,4,125.000000,120.693193,3.568393e-02,3.025318e-01,0.0015
n16_graph1,16,0.0,0.0625,5.0,naive,6,125.000002,120.693193,3.568395e-02,6.191200e-02,0.0122
n16_graph1,16,0.0,0.0625,5.0,naive,8,125.000002,120.693193,3.568395e-02,1.379629e-02,0.0312
n16_graph1,16,0.0,0.0625,5.0,naive,10,125.000002,120.693193,3.568395e-02,3.234030e-03,0.0493
n16_graph1,16,0.1,0.1,0.1,naive,2,12.267869,11.215667,9.381536e-02,2.536570e+02,0.0002
n16_graph1,16,0.1,0.1,0.1,naive,4,10.760272,11.215667,4.060342e-02,1.462266e+02,0.0015
n16_graph1,16,0.1,0.1,0.1,naive,6,11.448837,11.215667,2.078973e-02,1.003521e+02,0.0121
n16_graph1,16,0.1,0.1,0.1,naive,8,10.987247,11.215667,2.036612e-02,7.499118e+01,0.0309
n16_graph1,16,0.1,0.1,0.1,naive,10,11.324865,11.215667,9.736185e-03,5.895060e+01,0.0481
n16_graph1,16,0.1,0.1,0.2,naive,2,11.543340,11.612043,5.916581e-03,1.206369e+02,0.0002
n16_graph1,16,0.1,0.1,0.2,naive,4,12.023038,11.612043,3.539383e-02,6.681716e+01,0.0016
n16_graph1,16,0.1,0.1,0.2,naive,6,11.326301,11.612043,2.460745e-02,4.405715e+01,0.0131
n16_graph1,16,0.1,0.1,0.2,naive,8,11.624111,11.612043,1.039279e-03,3.163213e+01,0.0331
n16_graph1,16,0.1,0.1,0.2,naive,10,11.661251,11.612043,4.237648e-03,2.389102e+01,0.0526
n16_graph1,16,0.1,0.1,0.3,naive,2,11.326306,12.315150,8.029494e-02,7.649590e+01,0.0002
n16_graph1,16,0.1,0.1,0.3,naive,4,12.497567,12.315150,1.481241e-02,4.070747e+01,0.0020
n16_graph1,16,0.1,0.1,0.3,naive,6,12.491447,12.315150,1.431545e-02,2.578877e+01,0.0135
n16_graph1,16,0.1,0.1,0.3,naive,8,12.311798,12.315150,2.721573e-04,1.778979e+01,0.0328
n16_graph1,16,0.1,0.1,0.3,naive,10,12.266022,12.315150,3.989200e-03,1.290938e+01,0.0512
n16_graph1,16,0.1,0.1,0.5,naive,2,13.815739,14.782848,6.542103e-02,4.151874e+01,0.0002
n16_graph1,16,0.1,0.1,0.5,naive,4,14.278452,14.782848,3.412041e-02,2.039560e+01,0.0015
n16_graph1,16,0.1,0.1,0.5,naive,6,14.626814,14.782848,1.055507e-02,1.192750e+01,0.0121
n16_graph1,16,0.1,0.1,0.5,naive,8,14.709502,14.782848,4.961585e-03,7.595323e+00,0.0316
n16_graph1,16,0.1,0.1,0.5,naive,10,14.799682,14.782848,1.138722e-03,5.087883e+00,0.0506
n16_graph1,16,0.1,0.1,0.8,naive,2,20.619590,20.911041,1.393768e-02,2.232019e+01,0.0002
n16_graph1,16,0.1,0.1,0.8,naive,4,20.678178,20.911041,1.113590e-02,9.724669e+00,0.0015
n16_graph1,16,0.1,0.1,0.8,naive,6,20.791357,20.911041,5.723509e-03,5.043971e+00,0.0126
n16_graph1,16,0.1,0.1,0.8,naive,8,20.803400,20.911041,5.147603e-03,2.848747e+00,0.0322
n16_graph1,16,0.1,0.1,0.8,naive,10,20.817256,20.911041,4.484959e-03,1.692503e+00,0.0509
n16_graph1,16,0.1,0.1,1.0,naive,2,25.637736,25.768543,5.076249e-03,1.614723e+01,0.0002
n16_graph1,16,0.1,0.1,1.0,naive,4,25.653978,25.768543,4.445945e-03,6.494285e+00,0.0016
n16_graph1,16,0.1,0.1,1.0,naive,6,25.710556,25.768543,2.250334e-03,3.109464e+00,0.0123
n16_graph1,16,0.1,0.1,1.0,naive,8,25.713010,25.768543,2.155076e-03,1.621150e+00,0.0318
n16_graph1,16,0.1,0.1,1.0,naive,10,25.715870,25.768543,2.044092e-03,8.891096e-01,0.0496
n16_graph1,16,0.1,0.1,1.3,naive,2,33.285486,33.329941,1.333785e-03,1.067853e+01,0.0002
n16_graph1,16,0.1,0.1,1.3,naive,4,33.288344,33.329941,1.248039e-03,3.809163e+00,0.0015
n16_graph1,16,0.1,0.1,1.3,naive,6,33.309869,33.329941,6.022050e-04,1.617590e+00,0.0132
n16_graph1,16,0.1,0.1,1.3,naive,8,33.310104,33.329941,5.951624e-04,7.479813e-01,0.0329
n16_graph1,16,0.1,0.1,1.3,naive,10,33.310425,33.329941,5.855310e-04,3.638375e-01,0.0519
n16_graph1,16,0.1,0.1,1.8,naive,2,46.080234,46.088723,1.841773e-04,5.990851e+00,0.0002
n16_graph1,16,0.1,0.1,1.8,naive,4,46.080440,46.088723,1.797025e-04,1.749636e+00,0.0015
n16_graph1,16,0.1,0.1,1.8,naive,6,46.085047,46.088723,7.976261e-05,6.083138e-01,0.0131
n16_graph1,16,0.1,0.1,1.8,naive,8,46.085052,46.088723,7.964935e-05,2.302985e-01,0.0326
n16_graph1,16,0.1,0.1,1.8,naive,10,46.085064,46.088723,7.938840e-05,9.171682e-02,0.0513
n16_graph1,16,0.1,0.1,2.5,naive,2,64.000003,64.000928,1.445016e-05,3.024448e+00,0.0002
n16_graph1,16,0.1,0.1,2.5,naive,4,64.000009,64.000928,1.434984e-05,6.675793e-01,0.0015
n16_graph1,16,0.1,0.1,2.5,naive,6,64.000565,64.000928,5.672312e-06,1.754205e-01,0.0121
n16_graph1,16,0.1,0.1,2.5,naive,8,64.000565,64.000928,5.671873e-06,5.019280e-02,0.0308
n16_graph1,16,0.1,0.1,2.5,naive,10,64.000565,64.000928,5.669374e-06,1.510764e-02,0.0479
n16_graph1,16,0.1,0.1,5.0,naive,2,128.000000,128.000000,3.275302e-09,4.200639e-01,0.0002
n16_graph1,16,0.1,0.1,5.0,naive,4,128.000000,128.000000,3.275007e-09,3.410968e-02,0.0015
n16_graph1,16,0.1,0.1,5.0,naive,6,128.000000,128.000000,8.851051e-10,3.297317e-03,0.0122
n16_graph1,16,0.1,0.1,5.0,naive,8,128.000000,128.000000,8.851051e-10,3.470781e-04,0.0317
n16_graph1,16,0.1,0.1,5.0,naive,10,128.000000,128.000000,8.851047e-10,3.843157e-05,0.0501
n16_graph1,16,0.2,0.2,0.1,naive,2,12.214275,11.218956,8.871761e-02,1.206369e+02,0.0002
n16_graph1,16,0.2,0.2,0.1,naive,4,10.804626,11.218956,3.693128e-02,6.681716e+01,0.0015
n16_graph1,16,0.2,0.2,0.1,naive,6,11.422694,11.218956,1.816011e-02,4.405715e+01,0.0126
n16_graph1,16,0.2,0.2,0.1,naive,8,11.026766,11.218956,1.713085e-02,3.163213e+01,0.0320
n16_graph1,16,0.2,0.2,0.1,naive,10,11.307320,11.218956,7.876287e-03,2.389102e+01,0.0515
n16_graph1,16,0.2,0.2,0.2,naive,2,11.543922,11.630619,7.454211e-03,5.456750e+01,0.0002
n16_graph1,16,0.2,0.2,0.2,naive,4,11.974575,11.630619,2.957336e-02,2.789961e+01,0.0015
n16_graph1,16,0.2,0.2,0.2,naive,6,11.415312,11.630619,1.851205e-02,1.698177e+01,0.0130
n16_graph1,16,0.2,0.2,0.2,naive,8,11.636246,11.630619,4.837757e-04,1.125515e+01,0.0330
n16_graph1,16,0.2,0.2,0.2,naive,10,11.662992,11.630619,2.783393e-03,7.847189e+00,0.0521
n16_graph1,16,0.2,0.2,0.3,naive,2,11.530587,12.375421,6.826716e-02,3.290551e+01,0.0002
n16_graph1,16,0.2,0.2,0.3,naive,4,12.489058,12.375421,9.182410e-03,1.553063e+01,0.0015
n16_graph1,16,0.2,0.2,0.3,naive,6,12.493369,12.375421,9.530757e-03,8.726306e+00,0.0125
n16_graph1,16,0.2,0.2,0.3,naive,8,12.378127,12.375421,2.185815e-04,5.338943e+00,0.0319
n16_graph1,16,0.2,0.2,0.3,naive,10,12.352240,12.375421,1.873162e-03,3.436169e+00,0.0505
n16_graph1,16,0.2,0.2,0.5,naive,2,14.493682,15.106097,4.054097e-02,1.614723e+01,0.0002
n16_graph1,16,0.2,0.2,0.5,naive,4,14.821257,15.106097,1.885599e-02,6.494285e+00,0.0015
n16_graph1,16,0.2,0.2,0.5,naive,6,15.028650,15.106097,5.126898e-03,3.109464e+00,0.0120
n16_graph1,16,0.2,0.2,0.5,naive,8,15.068138,15.106097,2.512821e-03,1.621150e+00,0.0312
n16_graph1,16,0.2,0.2,0.5,naive,10,15.102941,15.106097,2.089801e-04,8.891096e-01,0.0498
n16_graph1,16,0.2,0.2,0.8,naive,2,21.875501,21.977487,4.640517e-03,7.456959e+00,0.0002
n16_graph1,16,0.2,0.2,0.8,naive,4,21.908842,21.977487,3.123450e-03,2.359199e+00,0.0015
n16_graph1,16,0.2,0.2,0.8,naive,6,21.958619,21.977487,8.585289e-04,8.885626e-01,0.0129
n16_graph1,16,0.2,0.2,0.8,naive,8,21.962354,21.977487,6.886089e-04,3.644140e-01,0.0323
n16_graph1,16,0.2,0.2,0.8,naive,10,21.965344,21.977487,5.525394e-04,1.572159e-01,0.0516
n16_graph1,16,0.2,0.2,1.0,naive,2,27.230114,27.262932,1.203752e-03,4.872511e+00,0.0002
n16_graph1,16,0.2,0.2,1.0,naive,4,27.238037,27.262932,9.131497e-04,1.313616e+00,0.0015
n16_graph1,16,0.2,0.2,1.0,naive,6,27.258479,27.262932,1.633339e-04,4.216041e-01,0.0122
n16_graph1,16,0.2,0.2,1.0,naive,8,27.259056,27.262932,1.421563e-04,1.473414e-01,0.0322
n16_graph1,16,0.2,0.2,1.0,naive,10,27.259473,27.262932,1.268595e-04,5.416753e-02,0.0511
n16_graph1,16,0.2,0.2,1.3,naive,2,35.364154,35.371601,2.105363e-04,2.763952e+00,0.0002
n16_graph1,16,0.2,0.2,1.3,naive,4,35.365247,35.371601,1.796406e-04,5.861590e-01,0.0015
n16_graph1,16,0.2,0.2,1.3,naive,6,35.371041,35.371601,1.583664e-05,1.479862e-01,0.0129
n16_graph1,16,0.2,0.2,1.3,naive,8,35.371077,35.371601,1.479901e-05,4.068276e-02,0.0326
n16_graph1,16,0.2,0.2,1.3,naive,10,35.371103,35.371601,1.407217e-05,1.176506e-02,0.0507
n16_graph1,16,0.2,0.2,1.8,naive,2,48.960162,48.960992,1.694319e-05,1.198383e+00,0.0002
n16_graph1,16,0.2,0.2,1.8,naive,4,48.960214,48.960992,1.588668e-05,1.703581e-01,0.0016
n16_graph1,16,0.2,0.2,1.8,naive,6,48.960971,48.960992,4.237385e-07,2.883040e-02,0.0122
n16_graph1,16,0.2,0.2,1.8,naive,8,48.960971,48.960992,4.153081e-07,5.312784e-03,0.0313
n16_graph1,16,0.2,0.2,1.8,naive,10,48.960972,48.960992,4.082061e-07,1.029883e-03,0.0489
n16_graph1,16,0.2,0.2,2.5,naive,2,68.000002,68.000048,6.858041e-07,4.200639e-01,0.0002
n16_graph1,16,0.2,0.2,2.5,naive,4,68.000003,68.000048,6.726734e-07,3.410968e-02,0.0015
n16_graph1,16,0.2,0.2,2.5,naive,6,68.000048,68.000048,3.342550e-09,3.297317e-03,0.0125
n16_graph1,16,0.2,0.2,2.5,naive,8,68.000048,68.000048,3.330147e-09,3.470781e-04,0.0320
n16_graph1,16,0.2,0.2,2.5,naive,10,68.000048,68.000048,3.313862e-09,3.843157e-05,0.0507
n16_graph1,16,0.2,0.2,5.0,naive,2,136.000000,136.000000,1.516089e-11,1.528918e-02,0.0002
n16_graph1,16,0.2,0.2,5.0,naive,4,136.000000,136.000000,1.515567e-11,1.680186e-04,0.0015
n16_graph1,16,0.2,0.2,5.0,naive,6,136.000000,136.000000,2.089832e-16,2.198120e-06,0.0128
n16_graph1,16,0.2,0.2,5.0,naive,8,136.000000,136.000000,2.089832e-16,3.131332e-08,0.0324
n16_graph1,16,0.2,0.2,5.0,naive,10,136.000000,136.000000,2.089832e-16,4.692464e-10,0.0518
n16_graph1,16,0.5,0.5,0.1,naive,2,12.083369,11.241959,7.484545e-02,4.151874e+01,0.0002
n16_graph1,16,0.5,0.5,0.1,naive,4,10.930374,11.241959,2.771630e-02,2.039560e+01,0.0015
n16_graph1,16,0.5,0.5,0.1,naive,6,11.377632,11.241959,1.206844e-02,1.192750e+01,0.0122
n16_graph1,16,0.5,0.5,0.1,naive,8,11.127641,11.241959,1.016891e-02,7.595323e+00,0.0316
n16_graph1,16,0.5,0.5,0.1,naive,10,11.288701,11.241959,4.157789e-03,5.087883e+00,0.0512
n16_graph1,16,0.5,0.5,0.2,naive,2,11.647676,11.759530,9.511722e-03,1.614723e+01,0.0002
n16_graph1,16,0.5,0.5,0.2,naive,4,11.958184,11.759530,1.689307e-02,6.494285e+00,0.0016
n16_graph1,16,0.5,0.5,0.2,naive,6,11.668251,11.759530,7.762100e-03,3.109464e+00,0.0131
n16_graph1,16,0.5,0.5,0.2,naive,8,11.758669,11.759530,7.318520e-05,1.621150e+00,0.0324
n16_graph1,16,0.5,0.5,0.2,naive,10,11.768537,11.759530,7.659717e-04,8.891096e-01,0.0508
n16_graph1,16,0.5,0.5,0.3,naive,2,12.274334,12.780180,3.958052e-02,8.366219e+00,0.0002
n16_graph1,16,0.5,0.5,0.3,naive,4,12.802068,12.780180,1.712646e-03,2.754887e+00,0.0015
n16_graph1,16,0.5,0.5,0.3,naive,6,12.813400,12.780180,2.599360e-03,1.079939e+00,0.0131
n16_graph1,16,0.5,0.5,0.3,naive,8,12.782824,12.780180,2.068636e-04,4.609756e-01,0.0327
n16_graph1,16,0.5,0.5,0.3,naive,10,12.778117,12.780180,1.614063e-04,2.069908e-01,0.0512
n16_graph1,16,0.5,0.5,0.5,naive,2,16.615689,16.784734,1.007140e-02,3.024448e+00,0.0002
n16_graph1,16,0.5,0.5,0.5,naive,4,16.733631,16.784734,3.044644e-03,6.675793e-01,0.0015
n16_graph1,16,0.5,0.5,0.5,naive,6,16.777762,16.784734,4.153954e-04,1.754205e-01,0.0122
n16_graph1,16,0.5,0.5,0.5,naive,8,16.782123,16.784734,1.555802e-04,5.019280e-02,0.0310
n16_graph1,16,0.5,0.5,0.5,naive,10,16.784154,16.784734,3.461052e-05,1.510764e-02,0.0480
n16_graph1,16,0.5,0.5,0.8,naive,2,25.666779,25.677646,4.232116e-04,8.786173e-01,0.0002
n16_graph1,16,0.5,0.5,0.8,naive,4,25.673163,25.677646,1.746056e-04,1.064339e-01,0.0015
n16_graph1,16,0.5,0.5,0.8,naive,6,25.677464,25.677646,7.106348e-06,1.534902e-02,0.0132
n16_graph1,16,0.5,0.5,0.8,naive,8,25.677579,25.677646,2.633909e-06,2.410266e-03,0.0330
n16_graph1,16,0.5,0.5,0.8,naive,10,25.677610,25.677646,1.417888e-06,3.981472e-04,0.0522
n16_graph1,16,0.5,0.5,1.0,naive,2,32.015653,32.017621,6.144958e-05,4.200639e-01,0.0002
n16_graph1,16,0.5,0.5,1.0,naive,4,32.016629,32.017621,3.097468e-05,3.410968e-02,0.0015
n16_graph1,16,0.5,0.5,1.0,naive,6,32.017609,32.017621,3.648383e-07,3.297317e-03,0.0124
n16_graph1,16,0.5,0.5,1.0,naive,8,32.017617,32.017621,1.211027e-07,3.470781e-04,0.0315
n16_graph1,16,0.5,0.5,1.0,naive,10,32.017618,32.017621,7.828598e-08,3.843157e-05,0.0514
n16_graph1,16,0.5,0.5,1.3,naive,2,41.601841,41.602022,4.372731e-06,1.484008e-01,0.0002
n16_graph1,16,0.5,0.5,1.3,naive,4,41.601908,41.602022,2.759878e-06,6.613355e-03,0.0015
n16_graph1,16,0.5,0.5,1.3,naive,6,41.602022,41.602022,4.998699e-09,3.508554e-04,0.0123
n16_graph1,16,0.5,0.5,1.3,naive,8,41.602022,41.602022,1.494023e-09,2.026833e-05,0.0313
n16_graph1,16,0.5,0.5,1.3,naive,10,41.602022,41.602022,1.145941e-09,1.231692e-06,0.0486
n16_graph1,16,0.5,0.5,1.8,naive,2,57.600054,57.600059,7.505338e-08,2.885875e-02,0.0002
n16_graph1,16,0.5,0.5,1.8,naive,4,57.600055,57.600059,5.885562e-08,4.731171e-04,0.0015
n16_graph1,16,0.5,0.5,1.8,naive,6,57.600059,57.600059,5.004757e-12,9.233800e-06,0.0128
n16_graph1,16,0.5,0.5,1.8,naive,8,57.600059,57.600059,1.371741e-12,1.962347e-07,0.0323
n16_graph1,16,0.5,0.5,1.8,naive,10,57.600059,57.600059,1.205084e-12,4.386979e-09,0.0501
n16_graph1,16,0.5,0.5,2.5,naive,2,80.000000,80.000000,3.483034e-10,3.213569e-03,0.0002
n16_graph1,16,0.5,0.5,2.5,naive,4,80.000000,80.000000,3.140631e-10,1.299172e-05,0.0022
n16_graph1,16,0.5,0.5,2.5,naive,6,80.000000,80.000000,3.552714e-16,6.252678e-08,0.0130
n16_graph1,16,0.5,0.5,2.5,naive,8,80.000000,80.000000,0.000000e+00,3.276794e-10,0.0329
n16_graph1,16,0.5,0.5,2.5,naive,10,80.000000,80.000000,0.000000e+00,1.806453e-12,0.0527
n16_graph1,16,0.5,0.5,5.0,naive,2,160.000000,160.000000,0.000000e+00,1.642546e-06,0.0003
n16_graph1,16,0.5,0.5,5.0,naive,4,160.000000,160.000000,0.000000e+00,4.474290e-11,0.0021
n16_graph1,16,0.5,0.5,5.0,naive,6,160.000000,160.000000,0.000000e+00,1.450946e-15,0.0130
n16_graph1,16,0.5,0.5,5.0,naive,8,160.000000,160.000000,0.000000e+00,5.123443e-20,0.0323
n16_graph1,16,0.5,0.5,5.0,naive,10,160.000000,160.000000,0.000000e+00,1.903123e-24,0.0513
n16_graph1,16,1.0,1.0,0.1,naive,2,11.957236,11.323803,5.593822e-02,1.614723e+01,0.0002
n16_graph1,16,1.0,1.0,0.1,naive,4,11.130943,11.323803,1.703134e-02,6.494285e+00,0.0015
n16_graph1,16,1.0,1.0,0.1,naive,6,11.392309,11.323803,6.049734e-03,3.109464e+00,0.0129
n16_graph1,16,1.0,1.0,0.1,naive,8,11.275925,11.323803,4.228086e-03,1.621150e+00,0.0325
n16_graph1,16,1.0,1.0,0.1,naive,10,11.339885,11.323803,1.420230e-03,8.891096e-01,0.0505
n16_graph1,16,1.0,1.0,0.2,naive,2,12.103185,12.205035,8.344977e-03,4.872511e+00,0.0002
n16_graph1,16,1.0,1.0,0.2,naive,4,12.281438,12.205035,6.259897e-03,1.313616e+00,0.0015
n16_graph1,16,1.0,1.0,0.2,naive,6,12.183667,12.205035,1.750773e-03,4.216041e-01,0.0124
n16_graph1,16,1.0,1.0,0.2,naive,8,12.204225,12.205035,6.643287e-05,1.473414e-01,0.0315
n16_graph1,16,1.0,1.0,0.2,naive,10,12.206040,12.205035,8.233657e-05,5.416753e-02,0.0493
n16_graph1,16,1.0,1.0,0.3,naive,2,13.843905,14.043667,1.422435e-02,1.953938e+00,0.0002
n16_graph1,16,1.0,1.0,0.3,naive,4,14.042001,14.043667,1.185778e-04,3.531089e-01,0.0015
n16_graph1,16,1.0,1.0,0.3,naive,6,14.047339,14.043667,2.615006e-04,7.596739e-02,0.0123
n16_graph1,16,1.0,1.0,0.3,naive,8,14.043935,14.043667,1.908890e-05,1.779629e-02,0.0319
n16_graph1,16,1.0,1.0,0.3,naive,10,14.043655,14.043667,8.160895e-07,4.385568e-03,0.0502
n16_graph1,16,1.0,1.0,0.5,naive,2,20.341805,20.367859,1.279172e-03,4.200639e-01,0.0002
n16_graph1,16,1.0,1.0,0.5,naive,4,20.364298,20.367859,1.748769e-04,3.410968e-02,0.0015
n16_graph1,16,1.0,1.0,0.5,naive,6,20.367722,20.367859,6.741887e-06,3.297317e-03,0.0125
n16_graph1,16,1.0,1.0,0.5,naive,8,20.367838,20.367859,1.067880e-06,3.470781e-04,0.0316
n16_graph1,16,1.0,1.0,0.5,naive,10,20.367856,20.367859,1.496410e-07,3.843157e-05,0.0484
n16_graph1,16,1.0,1.0,0.8,naive,2,32.028122,32.028654,1.660542e-05,5.499535e-02,0.0002
n16_graph1,16,1.0,1.0,0.8,naive,4,32.028578,32.028654,2.362204e-06,1.345039e-03,0.0016
n16_graph1,16,1.0,1.0,0.8,naive,6,32.028654,32.028654,1.242305e-08,3.916197e-05,0.0127
n16_graph1,16,1.0,1.0,0.8,naive,8,32.028654,32.028654,6.990020e-10,1.241589e-06,0.0322
n16_graph1,16,1.0,1.0,0.8,naive,10,32.028654,32.028654,1.492655e-10,4.140809e-08,0.0497
n16_graph1,16,1.0,1.0,1.0,naive,2,40.005511,40.005553,1.055175e-06,1.528918e-02,0.0002
n16_graph1,16,1.0,1.0,1.0,naive,4,40.005547,40.005553,1.603504e-07,1.680186e-04,0.0019
n16_graph1,16,1.0,1.0,1.0,naive,6,40.005553,40.005553,1.668874e-10,2.198120e-06,0.0128
n16_graph1,16,1.0,1.0,1.0,naive,8,40.005553,40.005553,3.976178e-12,3.131332e-08,0.0324
n16_graph1,16,1.0,1.0,1.0,naive,10,40.005553,40.005553,9.633622e-13,4.692464e-10,0.0496
n16_graph1,16,1.0,1.0,1.3,naive,2,52.000491,52.000492,2.023599e-08,2.360582e-03,0.0002
n16_graph1,16,1.0,1.0,1.3,naive,4,52.000492,52.000492,3.266277e-09,7.813382e-06,0.0015
n16_graph1,16,1.0,1.0,1.3,naive,6,52.000492,52.000492,3.015679e-13,3.078787e-08,0.0123
n16_graph1,16,1.0,1.0,1.3,naive,8,52.000492,52.000492,2.049623e-15,1.321003e-10,0.0320
n16_graph1,16,1.0,1.0,1.3,naive,10,52.000492,52.000492,4.099246e-16,5.962418e-13,0.0493
n16_graph1,16,1.0,1.0,1.8,naive,2,72.000009,72.000009,3.488942e-11,1.118536e-04,0.0002
n16_graph1,16,1.0,1.0,1.8,naive,4,72.000009,72.000009,5.788357e-12,5.010499e-08,0.0015
n16_graph1,16,1.0,1.0,1.8,naive,6,72.000009,72.000009,0.000000e+00,2.671977e-11,0.0121
n16_graph1,16,1.0,1.0,1.8,naive,8,72.000009,72.000009,0.000000e+00,1.551558e-14,0.0308
n16_graph1,16,1.0,1.0,1.8,naive,10,72.000009,72.000009,0.000000e+00,9.477581e-18,0.0481
n16_graph1,16,1.0,1.0,2.5,naive,2,100.000000,100.000000,5.542233e-15,1.642546e-06,0.0002
n16_graph1,16,1.0,1.0,2.5,naive,4,100.000000,100.000000,8.526513e-16,4.474290e-11,0.0015
n16_graph1,16,1.0,1.0,2.5,naive,6,100.000000,100.000000,0.000000e+00,1.450946e-15,0.0133
n16_graph1,16,1.0,1.0,2.5,naive,8,100.000000,100.000000,0.000000e+00,5.123443e-20,0.0339
n16_graph1,16,1.0,1.0,2.5,naive,10,100.000000,100.000000,0.000000e+00,1.903123e-24,0.0553
n16_graph1,16,1.0,1.0,5.0,naive,2,200.000000,200.000000,0.000000e+00,4.990959e-13,0.0002
n16_graph1,16,1.0,1.0,5.0,naive,4,200.000000,200.000000,0.000000e+00,6.172280e-22,0.0015
n16_graph1,16,1.0,1.0,5.0,naive,6,200.000000,200.000000,0.000000e+00,9.087155e-31,0.0123
n16_graph1,16,1.0,1.0,5.0,naive,8,200.000000,200.000000,0.000000e+00,1.456779e-39,0.0312
n16_graph1,16,1.0,1.0,5.0,naive,10,200.000000,200.000000,0.000000e+00,2.456711e-48,0.0482
n30_graph0,30,0.0,0.03333333333333333,0.1,insects,2,23.074651,nan,nan,1.475204e+03,0.0065
n30_graph0,30,0.0,0.03333333333333333,0.1,insects,4,20.212311,nan,nan,8.733994e+02,0.0243
n30_graph0,30,0.0,0.03333333333333333,0.1,insects,6,21.432233,nan,nan,6.155938e+02,0.4102
n30_graph0,30,0.0,0.03333333333333333,0.2,insects,2,21.662571,nan,nan,7.254067e+02,0.0051
n30_graph0,30,0.0,0.03333333333333333,0.2,insects,4,22.424162,nan,nan,4.237909e+02,0.0226
n30_graph0,30,0.0,0.03333333333333333,0.2,insects,6,21.469354,nan,nan,2.947423e+02,0.4010
n30_graph0,30,0.0,0.03333333333333333,0.3,insects,2,21.007870,nan,nan,4.756068e+02,0.0051
n30_graph0,30,0.0,0.03333333333333333,0.3,insects,4,23.046230,nan,nan,2.741748e+02,0.0226
n30_graph0,30,0.0,0.03333333333333333,0.3,insects,6,23.289495,nan,nan,1.881602e+02,0.4023
n30_graph0,30,0.0,0.03333333333333333,0.5,insects,2,25.076561,nan,nan,2.760005e+02,0.0051
n30_graph0,30,0.0,0.03333333333333333,0.5,insects,4,25.799533,nan,nan,1.549203e+02,0.0227
n30_graph0,30,0.0,0.03333333333333333,0.5,insects,6,26.145227,nan,nan,1.035207e+02,0.4239
n30_graph0,30,0.0,0.03333333333333333,0.8,insects,2,37.097622,nan,nan,1.640756e+02,0.0053
n30_graph0,30,0.0,0.03333333333333333,0.8,insects,4,37.159865,nan,nan,8.848515e+01,0.0231
n30_graph0,30,0.0,0.03333333333333333,0.8,insects,6,37.177321,nan,nan,5.680906e+01,0.4214
n30_graph0,30,0.0,0.03333333333333333,1.0,insects,2,46.082456,nan,nan,1.269487e+02,0.0051
n30_graph0,30,0.0,0.03333333333333333,1.0,insects,4,46.094827,nan,nan,6.666129e+01,0.0229
n30_graph0,30,0.0,0.03333333333333333,1.0,insects,6,46.096813,nan,nan,4.167156e+01,0.4083
n30_graph0,30,0.0,0.03333333333333333,1.3,insects,2,59.812415,nan,nan,9.287843e+01,0.0051
n30_graph0,30,0.0,0.03333333333333333,1.3,insects,4,59.813755,nan,nan,4.685850e+01,0.0227
n30_graph0,30,0.0,0.03333333333333333,1.3,insects,6,59.813839,nan,nan,2.814379e+01,0.4129
n30_graph0,30,0.0,0.03333333333333333,1.8,insects,2,82.800562,nan,nan,6.169783e+01,0.0051
n30_graph0,30,0.0,0.03333333333333333,1.8,insects,4,82.800610,nan,nan,2.911994e+01,0.0225
n30_graph0,30,0.0,0.03333333333333333,1.8,insects,6,82.800610,nan,nan,1.636182e+01,0.4009
n30_graph0,30,0.0,0.03333333333333333,2.5,insects,2,115.000008,nan,nan,3.950869e+01,0.0051
n30_graph0,30,0.0,0.03333333333333333,2.5,insects,4,115.000008,nan,nan,1.698553e+01,0.0225
n30_graph0,30,0.0,0.03333333333333333,2.5,insects,6,115.000008,nan,nan,8.693331e+00,0.4072
n30_graph0,30,0.0,0.03333333333333333,5.0,insects,2,230.000000,nan,nan,1.297778e+01,0.0052
n30_graph0,30,0.0,0.03333333333333333,5.0,insects,4,230.000000,nan,nan,3.997809e+00,0.0242
n30_graph0,30,0.0,0.03333333333333333,5.0,insects,6,230.000000,nan,nan,1.466102e+00,0.4330
n30_graph0,30,0.1,0.1,0.1,insects,2,23.002254,nan,nan,4.756068e+02,0.0052
n30_graph0,30,0.1,0.1,0.1,insects,4,20.263548,nan,nan,2.741748e+02,0.0244
n30_graph0,30,0.1,0.1,0.1,insects,6,21.398902,nan,nan,1.881602e+02,0.4240
n30_graph0,30,0.1,0.1,0.2,insects,2,21.643762,nan,nan,2.261943e+02,0.0051
n30_graph0,30,0.1,0.1,0.2,insects,4,22.354062,nan,nan,1.252822e+02,0.0236
n30_graph0,30,0.1,0.1,0.2,insects,6,21.526582,nan,nan,8.260716e+01,0.4055
n30_graph0,30,0.1,0.1,0.3,insects,2,21.236823,nan,nan,1.434298e+02,0.0051
n30_graph0,30,0.1,0.1,0.3,insects,4,23.021596,nan,nan,7.632650e+01,0.0226
n30_graph0,30,0.1,0.1,0.3,insects,6,23.220414,nan,nan,4.835395e+01,0.4127
n30_graph0,30,0.1,0.1,0.5,insects,2,25.904511,nan,nan,7.784764e+01,0.0055
n30_graph0,30,0.1,0.1,0.5,insects,4,26.481199,nan,nan,3.824175e+01,0.0230
n30_graph0,30,0.1,0.1,0.5,insects,6,26.722064,nan,nan,2.236407e+01,0.4041
n30_graph0,30,0.1,0.1,0.8,insects,2,38.661731,nan,nan,4.185035e+01,0.0054
n30_graph0,30,0.1,0.1,0.8,insects,4,38.705385,nan,nan,1.823375e+01,0.0230
n30_graph0,30,0.1,0.1,0.8,insects,6,38.715229,nan,nan,9.457445e+00,0.4103
n30_graph0,30,0.1,0.1,1.0,insects,2,48.070755,nan,nan,3.027605e+01,0.0054
n30_graph0,30,0.1,0.1,1.0,insects,4,48.078759,nan,nan,1.217679e+01,0.0242
n30_graph0,30,0.1,0.1,1.0,insects,6,48.079734,nan,nan,5.830245e+00,0.4236
n30_graph0,30,0.1,0.1,1.3,insects,2,62.410286,nan,nan,2.002224e+01,0.0051
n30_graph0,30,0.1,0.1,1.3,insects,4,62.411059,nan,nan,7.142180e+00,0.0245
n30_graph0,30,0.1,0.1,1.3,insects,6,62.411092,nan,nan,3.032980e+00,0.4231
n30_graph0,30,0.1,0.1,1.8,insects,2,86.400439,nan,nan,1.123285e+01,0.0055
n30_graph0,30,0.1,0.1,1.8,insects,4,86.400462,nan,nan,3.280568e+00,0.0236
n30_graph0,30,0.1,0.1,1.8,insects,6,86.400462,nan,nan,1.140588e+00,0.4232
n30_graph0,30,0.1,0.1,2.5,insects,2,120.000006,nan,nan,5.670840e+00,0.0054
n30_graph0,30,0.1,0.1,2.5,insects,4,120.000006,nan,nan,1.251711e+00,0.0229
n30_graph0,30,0.1,0.1,2.5,insects,6,120.000006,nan,nan,3.289134e-01,0.4222
n30_graph0,30,0.1,0.1,5.0,insects,2,240.000000,nan,nan,7.876198e-01,0.0055
n30_graph0,30,0.1,0.1,5.0,insects,4,240.000000,nan,nan,6.395565e-02,0.0242
n30_graph0,30,0.1,0.1,5.0,insects,6,240.000000,nan,nan,6.182469e-03,0.4154
n30_graph0,30,0.2,0.2,0.1,insects,2,22.901766,nan,nan,2.261943e+02,0.0051
n30_graph0,30,0.2,0.2,0.1,insects,4,20.338388,nan,nan,1.252822e+02,0.0225
n30_graph0,30,0.2,0.2,0.1,insects,6,21.357834,nan,nan,8.260716e+01,0.4008
n30_graph0,30,0.2,0.2,0.2,insects,2,21.644853,nan,nan,1.023141e+02,0.0053
n30_graph0,30,0.2,0.2,0.2,insects,4,22.284178,nan,nan,5.231177e+01,0.0273
n30_graph0,30,0.2,0.2,0.2,insects,6,21.616369,nan,nan,3.184082e+01,0.4254
n30_graph0,30,0.2,0.2,0.3,insects,2,21.619850,nan,nan,6.169783e+01,0.0051
n30_graph0,30,0.2,0.2,0.3,insects,4,23.083097,nan,nan,2.911994e+01,0.0227
n30_graph0,30,0.2,0.2,0.3,insects,6,23.230013,nan,nan,1.636182e+01,0.4157
n30_graph0,30,0.2,0.2,0.5,insects,2,27.175653,nan,nan,3.027605e+01,0.0051
n30_graph0,30,0.2,0.2,0.5,insects,4,27.587298,nan,nan,1.217679e+01,0.0236
n30_graph0,30,0.2,0.2,0.5,insects,6,27.727667,nan,nan,5.830245e+00,0.4216
n30_graph0,30,0.2,0.2,0.8,insects,2,41.016564,nan,nan,1.398180e+01,0.0051
n30_graph0,30,0.2,0.2,0.8,insects,4,41.042322,nan,nan,4.423498e+00,0.0241
n30_graph0,30,0.2,0.2,0.8,insects,6,41.046511,nan,nan,1.666055e+00,0.4108
n30_graph0,30,0.2,0.2,1.0,insects,2,51.056464,nan,nan,9.135958e+00,0.0052
n30_graph0,30,0.2,0.2,1.0,insects,4,51.060656,nan,nan,2.463030e+00,0.0227
n30_graph0,30,0.2,0.2,1.0,insects,6,51.060993,nan,nan,7.905077e-01,0.4151
n30_graph0,30,0.2,0.2,1.3,insects,2,66.307788,nan,nan,5.182410e+00,0.0051
n30_graph0,30,0.2,0.2,1.3,insects,4,66.308129,nan,nan,1.099048e+00,0.0229
n30_graph0,30,0.2,0.2,1.3,insects,6,66.308138,nan,nan,2.774741e-01,0.4221
n30_graph0,30,0.2,0.2,1.8,insects,2,91.800304,nan,nan,2.246968e+00,0.0053
n30_graph0,30,0.2,0.2,1.8,insects,4,91.800311,nan,nan,3.194214e-01,0.0241
n30_graph0,30,0.2,0.2,1.8,insects,6,91.800311,nan,nan,5.405700e-02,0.4083
n30_graph0,30,0.2,0.2,2.5,insects,2,127.500003,nan,nan,7.876198e-01,0.0051
n30_graph0,30,0.2,0.2,2.5,insects,4,127.500003,nan,nan,6.395565e-02,0.0228
n30_graph0,30,0.2,0.2,2.5,insects,6,127.500003,nan,nan,6.182469e-03,0.4138
n30_graph0,30,0.2,0.2,5.0,insects,2,255.000000,nan,nan,2.866721e-02,0.0055
n30_graph0,30,0.2,0.2,5.0,insects,4,255.000000,nan,nan,3.150349e-04,0.0236
n30_graph0,30,0.2,0.2,5.0,insects,6,255.000000,nan,nan,4.121476e-06,0.4260
n30_graph0,30,0.5,0.5,0.1,insects,2,22.656316,nan,nan,7.784764e+01,0.0052
n30_graph0,30,0.5,0.5,0.1,insects,4,20.553338,nan,nan,3.824175e+01,0.0227
n30_graph0,30,0.5,0.5,0.1,insects,6,21.291768,nan,nan,2.236407e+01,0.4041
n30_graph0,30,0.5,0.5,0.2,insects,2,21.839393,nan,nan,3.027605e+01,0.0051
n30_graph0,30,0.5,0.5,0.2,insects,4,22.303501,nan,nan,1.217679e+01,0.0226
n30_graph0,30,0.5,0.5,0.2,insects,6,21.951708,nan,nan,5.830245e+00,0.4046
n30_graph0,30,0.5,0.5,0.3,insects,2,23.014376,nan,nan,1.568666e+01,0.0051
n30_graph0,30,0.5,0.5,0.3,insects,4,23.824358,nan,nan,5.165413e+00,0.0231
n30_graph0,30,0.5,0.5,0.3,insects,6,23.883686,nan,nan,2.024885e+00,0.4029
n30_graph0,30,0.5,0.5,0.5,insects,2,31.154416,nan,nan,5.670840e+00,0.0051
n30_graph0,30,0.5,0.5,0.5,insects,4,31.306173,nan,nan,1.251711e+00,0.0226
n30_graph0,30,0.5,0.5,0.5,insects,6,31.334346,nan,nan,3.289134e-01,0.4055
n30_graph0,30,0.5,0.5,0.8,insects,2,48.125211,nan,nan,1.647407e+00,0.0051
n30_graph0,30,0.5,0.5,0.8,insects,4,48.130661,nan,nan,1.995635e-01,0.0245
n30_graph0,30,0.5,0.5,0.8,insects,6,48.130995,nan,nan,2.877941e-02,0.4244
n30_graph0,30,0.5,0.5,1.0,insects,2,60.029350,nan,nan,7.876198e-01,0.0053
n30_graph0,30,0.5,0.5,1.0,insects,4,60.029975,nan,nan,6.395565e-02,0.0230
n30_graph0,30,0.5,0.5,1.0,insects,6,60.029989,nan,nan,6.182469e-03,0.4186
n30_graph0,30,0.5,0.5,1.3,insects,2,78.003451,nan,nan,2.782515e-01,0.0051
n30_graph0,30,0.5,0.5,1.3,insects,4,78.003481,nan,nan,1.240004e-02,0.0228
n30_graph0,30,0.5,0.5,1.3,insects,6,78.003482,nan,nan,6.578538e-04,0.4197
n30_graph0,30,0.5,0.5,1.8,insects,2,108.000102,nan,nan,5.411016e-02,0.0051
n30_graph0,30,0.5,0.5,1.8,insects,4,108.000102,nan,nan,8.870946e-04,0.0230
n30_graph0,30,0.5,0.5,1.8,insects,6,108.000102,nan,nan,1.731338e-05,0.4232
n30_graph0,30,0.5,0.5,2.5,insects,2,150.000001,nan,nan,6.025442e-03,0.0052
n30_graph0,30,0.5,0.5,2.5,insects,4,150.000001,nan,nan,2.435947e-05,0.0229
n30_graph0,30,0.5,0.5,2.5,insects,6,150.000001,nan,nan,1.172377e-07,0.4166
n30_graph0,30,0.5,0.5,5.0,insects,2,300.000000,nan,nan,3.079775e-06,0.0053
n30_graph0,30,0.5,0.5,5.0,insects,4,300.000000,nan,nan,8.389293e-11,0.0238
n30_graph0,30,0.5,0.5,5.0,insects,6,300.000000,nan,nan,2.720524e-15,0.4085
n30_graph0,30,1.0,1.0,0.1,insects,2,22.419817,nan,nan,3.027605e+01,0.0051
n30_graph0,30,1.0,1.0,0.1,insects,4,20.905370,nan,nan,1.217679e+01,0.0227
n30_graph0,30,1.0,1.0,0.1,insects,6,21.337574,nan,nan,5.830245e+00,0.4080
n30_graph0,30,1.0,1.0,0.2,insects,2,22.693471,nan,nan,9.135958e+00,0.0051
n30_graph0,30,1.0,1.0,0.2,insects,4,22.962275,nan,nan,2.463030e+00,0.0234
n30_graph0,30,1.0,1.0,0.2,insects,6,22.840552,nan,nan,7.905077e-01,0.4264
n30_graph0,30,1.0,1.0,0.3,insects,2,25.957321,nan,nan,3.663634e+00,0.0051
n30_graph0,30,1.0,1.0,0.3,insects,4,26.263807,nan,nan,6.620792e-01,0.0241
n30_graph0,30,1.0,1.0,0.3,insects,6,26.276927,nan,nan,1.424389e-01,0.4073
n30_graph0,30,1.0,1.0,0.5,insects,2,38.140885,nan,nan,7.876198e-01,0.0055
n30_graph0,30,1.0,1.0,0.5,insects,4,38.170830,nan,nan,6.395565e-02,0.0247
n30_graph0,30,1.0,1.0,0.5,insects,6,38.172852,nan,nan,6.182469e-03,0.4196
n30_graph0,30,1.0,1.0,0.8,insects,2,60.052729,nan,nan,1.031163e-01,0.0055
n30_graph0,30,1.0,1.0,0.8,insects,4,60.053170,nan,nan,2.521948e-03,0.0237
n30_graph0,30,1.0,1.0,0.8,insects,6,60.053176,nan,nan,7.342870e-05,0.4178
n30_graph0,30,1.0,1.0,1.0,insects,2,75.010334,nan,nan,2.866721e-02,0.0058
n30_graph0,30,1.0,1.0,1.0,insects,4,75.010362,nan,nan,3.150349e-04,0.0238
n30_graph0,30,1.0,1.0,1.0,insects,6,75.010362,nan,nan,4.121476e-06,0.4199
n30_graph0,30,1.0,1.0,1.3,insects,2,97.500920,nan,nan,4.426091e-03,0.0092
n30_graph0,30,1.0,1.0,1.3,insects,4,97.500921,nan,nan,1.465009e-05,0.0275
n30_graph0,30,1.0,1.0,1.3,insects,6,97.500921,nan,nan,5.772727e-08,0.4137
n30_graph0,30,1.0,1.0,1.8,insects,2,135.000017,nan,nan,2.097255e-04,0.0052
n30_graph0,30,1.0,1.0,1.8,insects,4,135.000017,nan,nan,9.394686e-08,0.0233
n30_graph0,30,1.0,1.0,1.8,insects,6,135.000017,nan,nan,5.009956e-11,0.4137
n30_graph0,30,1.0,1.0,2.5,insects,2,187.500000,nan,nan,3.079775e-06,0.0054
n30_graph0,30,1.0,1.0,2.5,insects,4,187.500000,nan,nan,8.389293e-11,0.0233
n30_graph0,30,1.0,1.0,2.5,insects,6,187.500000,nan,nan,2.720524e-15,0.4189
n30_graph0,30,1.0,1.0,5.0,insects,2,375.000000,nan,nan,9.358048e-13,0.0054
n30_graph0,30,1.0,1.0,5.0,insects,4,375.000000,nan,nan,1.157302e-21,0.0236
n30_graph0,30,1.0,1.0,5.0,insects,6,375.000000,nan,nan,1.703842e-30,0.4177
n16_graph2,16,0.0,0.0625,0.1,naive,2,12.289300,11.212458,9.603983e-02,4.135368e+02,0.0035
n16_graph2,16,0.0,0.0625,0.1,naive,4,10.793175,11.212458,3.739441e-02,2.419959e+02,0.0051
n16_graph2,16,0.0,0.0625,0.1,naive,6,11.466555,11.212458,2.266208e-02,1.685865e+02,0.0152
n16_graph2,16,0.0,0.0625,0.1,naive,8,11.092436,11.212458,1.070431e-02,1.278854e+02,0.0400
n16_graph2,16,0.0,0.0625,0.1,naive,10,11.292058,11.212458,7.099228e-03,1.020501e+02,0.0639
n16_graph2,16,0.0,0.0625,0.2,naive,2,11.547926,11.588180,3.473676e-03,2.004029e+02,0.0002
n16_graph2,16,0.0,0.0625,0.2,naive,4,12.000913,11.588180,3.561678e-02,1.143775e+02,0.0017
n16_graph2,16,0.0,0.0625,0.2,naive,6,11.452236,11.588180,1.173122e-02,7.771373e+01,0.0108
n16_graph2,16,0.0,0.0625,0.2,naive,8,11.541062,11.588180,4.066014e-03,5.749613e+01,0.0348
n16_graph2,16,0.0,0.0625,0.2,naive,10,11.646139,11.588180,5.001546e-03,4.474800e+01,0.0576
n16_graph2,16,0.0,0.0625,0.3,naive,2,11.256170,12.235373,8.003047e-02,1.294872e+02,0.0003
n16_graph2,16,0.0,0.0625,0.3,naive,4,12.384309,12.235373,1.217256e-02,7.207855e+01,0.0018
n16_graph2,16,0.0,0.0625,0.3,naive,6,12.450349,12.235373,1.757008e-02,4.776458e+01,0.0141
n16_graph2,16,0.0,0.0625,0.3,naive,8,12.336906,12.235373,8.298363e-03,3.446588e+01,0.0396
n16_graph2,16,0.0,0.0625,0.3,naive,10,12.210476,12.235373,2.034837e-03,2.616177e+01,0.0620
n16_graph2,16,0.0,0.0625,0.5,naive,2,13.566254,14.461723,6.191994e-02,7.297759e+01,0.0002
n16_graph2,16,0.0,0.0625,0.5,naive,4,13.999086,14.461723,3.199049e-02,3.864150e+01,0.0018
n16_graph2,16,0.0,0.0625,0.5,naive,6,14.193883,14.461723,1.852066e-02,2.435786e+01,0.0141
n16_graph2,16,0.0,0.0625,0.5,naive,8,14.314357,14.461723,1.019007e-02,1.671890e+01,0.0379
n16_graph2,16,0.0,0.0625,0.5,naive,10,14.446302,14.461723,1.066379e-03,1.207177e+01,0.0589
n16_graph2,16,0.0,0.0625,0.8,naive,2,20.150020,20.178466,1.409727e-03,4.151874e+01,0.0002
n16_graph2,16,0.0,0.0625,0.8,naive,4,20.205636,20.178466,1.346516e-03,2.039560e+01,0.0018
n16_graph2,16,0.0,0.0625,0.8,naive,6,20.224154,20.178466,2.264218e-03,1.192750e+01,0.0140
n16_graph2,16,0.0,0.0625,0.8,naive,8,20.230744,20.178466,2.590772e-03,7.595323e+00,0.0375
n16_graph2,16,0.0,0.0625,0.8,naive,10,20.239342,20.178466,3.016912e-03,5.087883e+00,0.0583
n16_graph2,16,0.0,0.0625,1.0,naive,2,25.041117,24.776009,1.070017e-02,3.119529e+01,0.0002
n16_graph2,16,0.0,0.0625,1.0,naive,4,25.057925,24.776009,1.137857e-02,1.457695e+01,0.0018
n16_graph2,16,0.0,0.0625,1.0,naive,6,25.061833,24.776009,1.153631e-02,8.108956e+00,0.0150
n16_graph2,16,0.0,0.0625,1.0,naive,8,25.062568,24.776009,1.156599e-02,4.911870e+00,0.0423
n16_graph2,16,0.0,0.0625,1.0,naive,10,25.063601,24.776009,1.160767e-02,3.129847e+00,0.0643
n16_graph2,16,0.0,0.0625,1.3,naive,2,32.506096,31.908075,1.874201e-02,2.183914e+01,0.0002
n16_graph2,16,0.0,0.0625,1.3,naive,4,32.509607,31.908075,1.885202e-02,9.467625e+00,0.0018
n16_graph2,16,0.0,0.0625,1.3,naive,6,32.510049,31.908075,1.886589e-02,4.886156e+00,0.0150
n16_graph2,16,0.0,0.0625,1.3,naive,8,32.510080,31.908075,1.886685e-02,2.745852e+00,0.0417
n16_graph2,16,0.0,0.0625,1.3,naive,10,32.510129,31.908075,1.886839e-02,1.623234e+00,0.0640
n16_graph2,16,0.0,0.0625,1.8,naive,2,45.000269,43.894322,2.519568e-02,1.347752e+01,0.0002
n16_graph2,16,0.0,0.0625,1.8,naive,4,45.000595,43.894322,2.520309e-02,5.156186e+00,0.0017
n16_graph2,16,0.0,0.0625,1.8,naive,6,45.000609,43.894322,2.520341e-02,2.348378e+00,0.0145
n16_graph2,16,0.0,0.0625,1.8,naive,8,45.000609,43.894322,2.520342e-02,1.164638e+00,0.0404
n16_graph2,16,0.0,0.0625,1.8,naive,10,45.000609,43.894322,2.520343e-02,6.075868e-01,0.0628
n16_graph2,16,0.0,0.0625,2.5,naive,2,62.500004,60.693199,2.976948e-02,7.781986e+00,0.0002
n16_graph2,16,0.0,0.0625,2.5,naive,4,62.500017,60.693199,2.976970e-02,2.499238e+00,0.0018
n16_graph2,16,0.0,0.0625,2.5,naive,6,62.500017,60.693199,2.976970e-02,9.555327e-01,0.0148
n16_graph2,16,0.0,0.0625,2.5,naive,8,62.500017,60.693199,2.976970e-02,3.978021e-01,0.0408
n16_graph2,16,0.0,0.0625,2.5,naive,10,62.500017,60.693199,2.976970e-02,1.742139e-01,0.0624
n16_graph2,16,0.0,0.0625,5.0,naive,2,125.000000,120.693147,3.568432e-02,1.759899e+00,0.0002
n16_graph2,16,0.0,0.0625,5.0,naive,4,125.000000,120.693147,3.568432e-02,3.025318e-01,0.0017
n16_graph2,16,0.0,0.0625,5.0,naive,6,125.000000,120.693147,3.568432e-02,6.191200e-02,0.0166
n16_graph2,16,0.0,0.0625,5.0,naive,8,125.000000,120.693147,3.568432e-02,1.379629e-02,0.0413
n16_graph2,16,0.0,0.0625,5.0,naive,10,125.000000,120.693147,3.568432e-02,3.234030e-03,0.0632
n16_graph2,16,0.1,0.1,0.1,naive,2,12.267869,11.213555,9.402130e-02,2.536570e+02,0.0002
n16_graph2,16,0.1,0.1,0.1,naive,4,10.808486,11.213555,3.612320e-02,1.462266e+02,0.0017
n16_graph2,16,0.1,0.1,0.1,naive,6,11.454801,11.213555,2.151372e-02,1.003521e+02,0.0146
n16_graph2,16,0.1,0.1,0.1,naive,8,11.100749,11.213555,1.005981e-02,7.499118e+01,0.0391
n16_graph2,16,0.1,0.1,0.1,naive,10,11.286569,11.213555,6.511192e-03,5.895060e+01,0.0608
n16_graph2,16,0.1,0.1,0.2,naive,2,11.543340,11.594436,4.407005e-03,1.206369e+02,0.0002
n16_graph2,16,0.1,0.1,0.2,naive,4,11.977986,11.594436,3.308052e-02,6.681716e+01,0.0018
n16_graph2,16,0.1,0.1,0.2,naive,6,11.471140,11.594436,1.063408e-02,4.405715e+01,0.0155
n16_graph2,16,0.1,0.1,0.2,naive,8,11.549863,11.594436,3.844400e-03,3.163213e+01,0.0386
n16_graph2,16,0.1,0.1,0.2,naive,10,11.641220,11.594436,4.035028e-03,2.389102e+01,0.0615
n16_graph2,16,0.1,0.1,0.3,naive,2,11.326306,12.256337,7.588164e-02,7.649590e+01,0.0002
n16_graph2,16,0.1,0.1,0.3,naive,4,12.372230,12.256337,9.455836e-03,4.070747e+01,0.0021
n16_graph2,16,0.1,0.1,0.3,naive,6,12.431456,12.256337,1.428807e-02,2.578877e+01,0.0157
n16_graph2,16,0.1,0.1,0.3,naive,8,12.335579,12.256337,6.465396e-03,1.778979e+01,0.0398
n16_graph2,16,0.1,0.1,0.3,naive,10,12.233562,12.256337,1.858172e-03,1.290938e+01,0.0623
n16_graph2,16,0.1,0.1,0.5,naive,2,13.815739,14.596639,5.349859e-02,4.151874e+01,0.0002
n16_graph2,16,0.1,0.1,0.5,naive,4,14.195615,14.596639,2.747371e-02,2.039560e+01,0.0017
n16_graph2,16,0.1,0.1,0.5,naive,6,14.354621,14.596639,1.658038e-02,1.192750e+01,0.0149
n16_graph2,16,0.1,0.1,0.5,naive,8,14.445608,14.596639,1.034696e-02,7.595323e+00,0.0392
n16_graph2,16,0.1,0.1,0.5,naive,10,14.537933,14.596639,4.021888e-03,5.087883e+00,0.0614
n16_graph2,16,0.1,0.1,0.8,naive,2,20.619590,20.772736,7.372470e-03,2.232019e+01,0.0002
n16_graph2,16,0.1,0.1,0.8,naive,4,20.664374,20.772736,5.216542e-03,9.724669e+00,0.0017
n16_graph2,16,0.1,0.1,0.8,naive,6,20.677823,20.772736,4.569142e-03,5.043971e+00,0.0139
n16_graph2,16,0.1,0.1,0.8,naive,8,20.682033,20.772736,4.366479e-03,2.848747e+00,0.0372
n16_graph2,16,0.1,0.1,0.8,naive,10,20.686865,20.772736,4.133834e-03,1.692503e+00,0.0582
n16_graph2,16,0.1,0.1,1.0,naive,2,25.637736,25.696941,2.303958e-03,1.614723e+01,0.0002
n16_graph2,16,0.1,0.1,1.0,naive,4,25.650455,25.696941,1.808979e-03,6.494285e+00,0.0017
n16_graph2,16,0.1,0.1,1.0,naive,6,25.653091,25.696941,1.706411e-03,3.109464e+00,0.0142
n16_graph2,16,0.1,0.1,1.0,naive,8,25.653511,25.696941,1.690060e-03,1.621150e+00,0.0380
n16_graph2,16,0.1,0.1,1.0,naive,10,25.654011,25.696941,1.670601e-03,8.891096e-01,0.0591
n16_graph2,16,0.1,0.1,1.3,naive,2,33.285486,33.304036,5.569997e-04,1.067853e+01,0.0002
n16_graph2,16,0.1,0.1,1.3,naive,4,33.287901,33.304036,4.844708e-04,3.809163e+00,0.0017
n16_graph2,16,0.1,0.1,1.3,naive,6,33.288169,33.304036,4.764306e-04,1.617590e+00,0.0146
n16_graph2,16,0.1,0.1,1.3,naive,8,33.288184,33.304036,4.759911e-04,7.479813e-01,0.0380
n16_graph2,16,0.1,0.1,1.3,naive,10,33.288203,33.304036,4.754210e-04,3.638375e-01,0.0589
n16_graph2,16,0.1,0.1,1.8,naive,2,46.080234,46.083590,7.282993e-05,5.990851e+00,0.0002
n16_graph2,16,0.1,0.1,1.8,naive,4,46.080426,46.083590,6.867456e-05,1.749636e+00,0.0017
n16_graph2,16,0.1,0.1,1.8,naive,6,46.080433,46.083590,6.851938e-05,6.083138e-01,0.0164
n16_graph2,16,0.1,0.1,1.8,naive,8,46.080433,46.083590,6.851780e-05,2.302985e-01,0.0428
n16_graph2,16,0.1,0.1,1.8,naive,10,46.080433,46.083590,6.851554e-05,9.171682e-02,0.0647
n16_graph2,16,0.1,0.1,2.5,naive,2,64.000003,64.000345,5.341454e-06,3.024448e+00,0.0002
n16_graph2,16,0.1,0.1,2.5,naive,4,64.000009,64.000345,5.243299e-06,6.675793e-01,0.0017
n16_graph2,16,0.1,0.1,2.5,naive,6,64.000009,64.000345,5.242504e-06,1.754205e-01,0.0149
n16_graph2,16,0.1,0.1,2.5,naive,8,64.000009,64.000345,5.242503e-06,5.019280e-02,0.0392
n16_graph2,16,0.1,0.1,2.5,naive,10,64.000009,64.000345,5.242502e-06,1.510764e-02,0.0614
n16_graph2,16,0.1,0.1,5.0,naive,2,128.000000,128.000000,8.794763e-10,4.200639e-01,0.0004
n16_graph2,16,0.1,0.1,5.0,naive,4,128.000000,128.000000,8.791812e-10,3.410968e-02,0.0030
n16_graph2,16,0.1,0.1,5.0,naive,6,128.000000,128.000000,8.791812e-10,3.297317e-03,0.0177
n16_graph2,16,0.1,0.1,5.0,naive,8,128.000000,128.000000,8.791812e-10,3.470781e-04,0.0438
n16_graph2,16,0.1,0.1,5.0,naive,10,128.000000,128.000000,8.791812e-10,3.843157e-05,0.0660
n16_graph2,16,0.2,0.2,0.1,naive,2,12.214275,11.216848,8.892225e-02,1.206369e+02,0.0002
n16_graph2,16,0.2,0.2,0.1,naive,4,10.848442,11.216848,3.284399e-02,6.681716e+01,0.0017
n16_graph2,16,0.2,0.2,0.1,naive,6,11.427821,11.216848,1.880856e-02,4.405715e+01,0.0140
n16_graph2,16,0.2,0.2,0.1,naive,8,11.122157,11.216848,8.441861e-03,3.163213e+01,0.0374
n16_graph2,16,0.2,0.2,0.1,naive,10,11.275671,11.216848,5.244178e-03,2.389102e+01,0.0595
n16_graph2,16,0.2,0.2,0.2,naive,2,11.543922,11.613178,5.963558e-03,5.456750e+01,0.0002
n16_graph2,16,0.2,0.2,0.2,naive,4,11.933082,11.613178,2.754670e-02,2.789961e+01,0.0017
n16_graph2,16,0.2,0.2,0.2,naive,6,11.522754,11.613178,7.786295e-03,1.698177e+01,0.0147
n16_graph2,16,0.2,0.2,0.2,naive,8,11.579801,11.613178,2.874012e-03,1.125515e+01,0.0385
n16_graph2,16,0.2,0.2,0.2,naive,10,11.642726,11.613178,2.544345e-03,7.847189e+00,0.0598
n16_graph2,16,0.2,0.2,0.3,naive,2,11.530587,12.318706,6.397743e-02,3.290551e+01,0.0002
n16_graph2,16,0.2,0.2,0.3,naive,4,12.385881,12.318706,5.453102e-03,1.553063e+01,0.0017
n16_graph2,16,0.2,0.2,0.3,naive,6,12.430158,12.318706,9.047362e-03,8.726306e+00,0.0141
n16_graph2,16,0.2,0.2,0.3,naive,8,12.368901,12.318706,4.074712e-03,5.338943e+00,0.0375
n16_graph2,16,0.2,0.2,0.3,naive,10,12.311297,12.318706,6.014326e-04,3.436169e+00,0.0590
n16_graph2,16,0.2,0.2,0.5,naive,2,14.493682,14.961204,3.124897e-02,1.614723e+01,0.0002
n16_graph2,16,0.2,0.2,0.5,naive,4,14.762368,14.961204,1.329008e-02,6.494285e+00,0.0017
n16_graph2,16,0.2,0.2,0.5,naive,6,14.855055,14.961204,7.094963e-03,3.109464e+00,0.0140
n16_graph2,16,0.2,0.2,0.5,naive,8,14.898168,14.961204,4.213279e-03,1.621150e+00,0.0373
n16_graph2,16,0.2,0.2,0.5,naive,10,14.933857,14.961204,1.827826e-03,8.891096e-01,0.0585
n16_graph2,16,0.2,0.2,0.8,naive,2,21.875501,21.917381,1.910831e-03,7.456959e+00,0.0002
n16_graph2,16,0.2,0.2,0.8,naive,4,21.900741,21.917381,7.592191e-04,2.359199e+00,0.0017
n16_graph2,16,0.2,0.2,0.8,naive,6,21.906493,21.917381,4.967545e-04,8.885626e-01,0.0139
n16_graph2,16,0.2,0.2,0.8,naive,8,21.907774,21.917381,4.383423e-04,3.644140e-01,0.0371
n16_graph2,16,0.2,0.2,0.8,naive,10,21.908818,21.917381,3.907092e-04,1.572159e-01,0.0581
n16_graph2,16,0.2,0.2,1.0,naive,2,27.230114,27.239287,3.367499e-04,4.872511e+00,0.0002
n16_graph2,16,0.2,0.2,1.0,naive,4,27.236198,27.239287,1.134029e-04,1.313616e+00,0.0017
n16_graph2,16,0.2,0.2,1.0,naive,6,27.237124,27.239287,7.938949e-05,4.216041e-01,0.0139
n16_graph2,16,0.2,0.2,1.0,naive,8,27.237220,27.239287,7.589730e-05,1.473414e-01,0.0371
n16_graph2,16,0.2,0.2,1.0,naive,10,27.237292,27.239287,7.322590e-05,5.416753e-02,0.0593
n16_graph2,16,0.2,0.2,1.3,naive,2,35.364154,35.365386,3.484242e-05,2.763952e+00,0.0002
n16_graph2,16,0.2,0.2,1.3,naive,4,35.365051,35.365386,9.459366e-06,5.861590e-01,0.0017
n16_graph2,16,0.2,0.2,1.3,naive,6,35.365122,35.365386,7.464861e-06,1.479862e-01,0.0139
n16_graph2,16,0.2,0.2,1.3,naive,8,35.365124,35.365386,7.405403e-06,4.068276e-02,0.0372
n16_graph2,16,0.2,0.2,1.3,naive,10,35.365126,35.365386,7.362690e-06,1.176506e-02,0.0582
n16_graph2,16,0.2,0.2,1.8,naive,2,48.960162,48.960220,1.186086e-06,1.198383e+00,0.0002
n16_graph2,16,0.2,0.2,1.8,naive,4,48.960209,48.960220,2.299005e-07,1.703581e-01,0.0017
n16_graph2,16,0.2,0.2,1.8,naive,6,48.960210,48.960220,2.061519e-07,2.883040e-02,0.0141
n16_graph2,16,0.2,0.2,1.8,naive,8,48.960210,48.960220,2.060558e-07,5.312784e-03,0.0374
n16_graph2,16,0.2,0.2,1.8,naive,10,48.960210,48.960220,2.059947e-07,1.029883e-03,0.0584
n16_graph2,16,0.2,0.2,2.5,naive,2,68.000002,68.000003,1.439929e-08,4.200639e-01,0.0002
n16_graph2,16,0.2,0.2,2.5,naive,4,68.000003,68.000003,1.720333e-09,3.410968e-02,0.0018
n16_graph2,16,0.2,0.2,2.5,naive,6,68.000003,68.000003,1.659248e-09,3.297317e-03,0.0144
n16_graph2,16,0.2,0.2,2.5,naive,8,68.000003,68.000003,1.659229e-09,3.470781e-04,0.0377
n16_graph2,16,0.2,0.2,2.5,naive,10,68.000003,68.000003,1.659221e-09,3.843157e-05,0.0587
n16_graph2,16,0.2,0.2,5.0,naive,2,136.000000,136.000000,5.224579e-15,1.528918e-02,0.0002
n16_graph2,16,0.2,0.2,5.0,naive,4,136.000000,136.000000,0.000000e+00,1.680186e-04,0.0017
n16_graph2,16,0.2,0.2,5.0,naive,6,136.000000,136.000000,0.000000e+00,2.198120e-06,0.0153
n16_graph2,16,0.2,0.2,5.0,naive,8,136.000000,136.000000,0.000000e+00,3.131332e-08,0.0393
n16_graph2,16,0.2,0.2,5.0,naive,10,136.000000,136.000000,0.000000e+00,4.692464e-10,0.0604
n16_graph2,16,0.5,0.5,0.1,naive,2,12.083369,11.239872,7.504508e-02,4.151874e+01,0.0002
n16_graph2,16,0.5,0.5,0.1,naive,4,10.963144,11.239872,2.462020e-02,2.039560e+01,0.0017
n16_graph2,16,0.5,0.5,0.1,naive,6,11.380760,11.239872,1.253468e-02,1.192750e+01,0.0140
n16_graph2,16,0.5,0.5,0.1,naive,8,11.183966,11.239872,4.973887e-03,7.595323e+00,0.0373
n16_graph2,16,0.5,0.5,0.1,naive,10,11.270577,11.239872,2.731869e-03,5.087883e+00,0.0583
n16_graph2,16,0.5,0.5,0.2,naive,2,11.647676,11.743192,8.133686e-03,1.614723e+01,0.0002
n16_graph2,16,0.5,0.5,0.2,naive,4,11.926266,11.743192,1.558987e-02,6.494285e+00,0.0017
n16_graph2,16,0.5,0.5,0.2,naive,6,11.708133,11.743192,2.985469e-03,3.109464e+00,0.0141
n16_graph2,16,0.5,0.5,0.2,naive,8,11.729830,11.743192,1.137830e-03,1.621150e+00,0.0374
n16_graph2,16,0.5,0.5,0.2,naive,10,11.750433,11.743192,6.166525e-04,8.891096e-01,0.0584
n16_graph2,16,0.5,0.5,0.3,naive,2,12.274334,12.735527,3.621310e-02,8.366219e+00,0.0002
n16_graph2,16,0.5,0.5,0.3,naive,4,12.744291,12.735527,6.881472e-04,2.754887e+00,0.0018
n16_graph2,16,0.5,0.5,0.3,naive,6,12.762727,12.735527,2.135766e-03,1.079939e+00,0.0145
n16_graph2,16,0.5,0.5,0.3,naive,8,12.746666,12.735527,8.746157e-04,4.609756e-01,0.0378
n16_graph2,16,0.5,0.5,0.3,naive,10,12.736239,12.735527,5.591069e-05,2.069908e-01,0.0588
n16_graph2,16,0.5,0.5,0.5,naive,2,16.615689,16.738624,7.344417e-03,3.024448e+00,0.0002
n16_graph2,16,0.5,0.5,0.5,naive,4,16.712171,16.738624,1.580342e-03,6.675793e-01,0.0017
n16_graph2,16,0.5,0.5,0.5,naive,6,16.730787,16.738624,4.681822e-04,1.754205e-01,0.0141
n16_graph2,16,0.5,0.5,0.5,naive,8,16.735442,16.738624,1.900805e-04,5.019280e-02,0.0373
n16_graph2,16,0.5,0.5,0.5,naive,10,16.737535,16.738624,6.506530e-05,1.510764e-02,0.0583
n16_graph2,16,0.5,0.5,0.8,naive,2,25.666779,25.671997,2.032409e-04,8.786173e-01,0.0002
n16_graph2,16,0.5,0.5,0.8,naive,4,25.671473,25.671997,2.041363e-05,1.064339e-01,0.0017
n16_graph2,16,0.5,0.5,0.8,naive,6,25.671937,25.671997,2.338477e-06,1.534902e-02,0.0141
n16_graph2,16,0.5,0.5,0.8,naive,8,25.671974,25.671997,8.837533e-07,2.410266e-03,0.0374
n16_graph2,16,0.5,0.5,0.8,naive,10,25.671985,25.671997,4.578585e-07,3.981472e-04,0.0583
n16_graph2,16,0.5,0.5,1.0,naive,2,32.015653,32.016400,2.333459e-05,4.200639e-01,0.0002
n16_graph2,16,0.5,0.5,1.0,naive,4,32.016357,32.016400,1.359522e-06,3.410968e-02,0.0017
n16_graph2,16,0.5,0.5,1.0,naive,6,32.016398,32.016400,5.538106e-08,3.297317e-03,0.0140
n16_graph2,16,0.5,0.5,1.0,naive,8,32.016400,32.016400,1.893180e-08,3.470781e-04,0.0372
n16_graph2,16,0.5,0.5,1.0,naive,10,32.016400,32.016400,1.150920e-08,3.843157e-05,0.0581
n16_graph2,16,0.5,0.5,1.3,naive,2,41.601841,41.601891,1.225730e-06,1.484008e-01,0.0002
n16_graph2,16,0.5,0.5,1.3,naive,4,41.601890,41.601891,3.239967e-08,6.613355e-03,0.0019
n16_graph2,16,0.5,0.5,1.3,naive,6,41.601891,41.601891,2.445804e-10,3.508554e-04,0.0159
n16_graph2,16,0.5,0.5,1.3,naive,8,41.601891,41.601891,7.967435e-11,2.026833e-05,0.0394
n16_graph2,16,0.5,0.5,1.3,naive,10,41.601891,41.601891,5.969637e-11,1.231692e-06,0.0604
n16_graph2,16,0.5,0.5,1.8,naive,2,57.600054,57.600055,1.304431e-08,2.885875e-02,0.0004
n16_graph2,16,0.5,0.5,1.8,naive,4,57.600055,57.600055,8.890472e-11,4.731171e-04,0.0034
n16_graph2,16,0.5,0.5,1.8,naive,6,57.600055,57.600055,4.009135e-14,9.233800e-06,0.0163
n16_graph2,16,0.5,0.5,1.8,naive,8,57.600055,57.600055,1.393945e-14,1.962347e-07,0.0403
n16_graph2,16,0.5,0.5,1.8,naive,10,57.600055,57.600055,1.245916e-14,4.386979e-09,0.0618
n16_graph2,16,0.5,0.5,2.5,naive,2,80.000000,80.000000,3.003144e-11,3.213569e-03,0.0002
n16_graph2,16,0.5,0.5,2.5,naive,4,80.000000,80.000000,2.842171e-14,1.299172e-05,0.0017
n16_graph2,16,0.5,0.5,2.5,naive,6,80.000000,80.000000,0.000000e+00,6.252678e-08,0.0141
n16_graph2,16,0.5,0.5,2.5,naive,8,80.000000,80.000000,0.000000e+00,3.276794e-10,0.0375
n16_graph2,16,0.5,0.5,2.5,naive,10,80.000000,80.000000,0.000000e+00,1.806453e-12,0.0585
n16_graph2,16,0.5,0.5,5.0,naive,2,160.000000,160.000000,0.000000e+00,1.642546e-06,0.0002
n16_graph2,16,0.5,0.5,5.0,naive,4,160.000000,160.000000,0.000000e+00,4.474290e-11,0.0017
n16_graph2,16,0.5,0.5,5.0,naive,6,160.000000,160.000000,0.000000e+00,1.450946e-15,0.0142
n16_graph2,16,0.5,0.5,5.0,naive,8,160.000000,160.000000,0.000000e+00,5.123443e-20,0.0376
n16_graph2,16,0.5,0.5,5.0,naive,10,160.000000,160.000000,0.000000e+00,1.903123e-24,0.0586
n16_graph2,16,1.0,1.0,0.1,naive,2,11.957236,11.321787,5.612617e-02,1.614723e+01,0.0002
n16_graph2,16,1.0,1.0,0.1,naive,4,11.150855,11.321787,1.509760e-02,6.494285e+00,0.0017
n16_graph2,16,1.0,1.0,0.1,naive,6,11.393326,11.321787,6.318707e-03,3.109464e+00,0.0141
n16_graph2,16,1.0,1.0,0.1,naive,8,11.298690,11.321787,2.040084e-03,1.621150e+00,0.0383
n16_graph2,16,1.0,1.0,0.1,naive,10,11.332121,11.321787,9.127595e-04,8.891096e-01,0.0597
n16_graph2,16,1.0,1.0,0.2,naive,2,12.103185,12.191959,7.281410e-03,4.872511e+00,0.0002
n16_graph2,16,1.0,1.0,0.2,naive,4,12.261604,12.191959,5.712362e-03,1.313616e+00,0.0018
n16_graph2,16,1.0,1.0,0.2,naive,6,12.185049,12.191959,5.667500e-04,4.216041e-01,0.0146
n16_graph2,16,1.0,1.0,0.2,naive,8,12.189372,12.191959,2.121756e-04,1.473414e-01,0.0384
n16_graph2,16,1.0,1.0,0.2,naive,10,12.192598,12.191959,5.240543e-05,5.416753e-02,0.0607
n16_graph2,16,1.0,1.0,0.3,naive,2,13.843905,14.021542,1.266886e-02,1.953938e+00,0.0002
n16_graph2,16,1.0,1.0,0.3,naive,4,14.019766,14.021542,1.266340e-04,3.531089e-01,0.0017
n16_graph2,16,1.0,1.0,0.3,naive,6,14.024007,14.021542,1.758380e-04,7.596739e-02,0.0140
n16_graph2,16,1.0,1.0,0.3,naive,8,14.022252,14.021542,5.065098e-05,1.779629e-02,0.0373
n16_graph2,16,1.0,1.0,0.3,naive,10,14.021637,14.021542,6.805585e-06,4.385568e-03,0.0584
n16_graph2,16,1.0,1.0,0.5,naive,2,20.341805,20.361612,9.727379e-04,4.200639e-01,0.0002
n16_graph2,16,1.0,1.0,0.5,naive,4,20.360132,20.361612,7.266767e-05,3.410968e-02,0.0017
n16_graph2,16,1.0,1.0,0.5,naive,6,20.361470,20.361612,6.982795e-06,3.297317e-03,0.0143
n16_graph2,16,1.0,1.0,0.5,naive,8,20.361589,20.361612,1.120700e-06,3.470781e-04,0.0378
n16_graph2,16,1.0,1.0,0.5,naive,10,20.361609,20.361612,1.667355e-07,3.843157e-05,0.0589
n16_graph2,16,1.0,1.0,0.8,naive,2,32.028122,32.028451,1.027636e-05,5.499535e-02,0.0002
n16_graph2,16,1.0,1.0,0.8,naive,4,32.028444,32.028451,2.395906e-07,1.345039e-03,0.0017
n16_graph2,16,1.0,1.0,0.8,naive,6,32.028451,32.028451,3.796339e-09,3.916197e-05,0.0140
n16_graph2,16,1.0,1.0,0.8,naive,8,32.028451,32.028451,2.197569e-10,1.241589e-06,0.0374
n16_graph2,16,1.0,1.0,0.8,naive,10,32.028451,32.028451,2.638852e-11,4.140809e-08,0.0590
n16_graph2,16,1.0,1.0,1.0,naive,2,40.005511,40.005535,5.930134e-07,1.528918e-02,0.0002
n16_graph2,16,1.0,1.0,1.0,naive,4,40.005535,40.005535,6.488636e-09,1.680186e-04,0.0017
n16_graph2,16,1.0,1.0,1.0,naive,6,40.005535,40.005535,2.263245e-11,2.198120e-06,0.0140
n16_graph2,16,1.0,1.0,1.0,naive,8,40.005535,40.005535,5.800779e-13,3.131332e-08,0.0372
n16_graph2,16,1.0,1.0,1.0,naive,10,40.005535,40.005535,6.287433e-14,4.692464e-10,0.0581
n16_graph2,16,1.0,1.0,1.3,naive,2,52.000491,52.000491,1.053532e-08,2.360582e-03,0.0002
n16_graph2,16,1.0,1.0,1.3,naive,4,52.000491,52.000491,3.708438e-11,7.813382e-06,0.0019
n16_graph2,16,1.0,1.0,1.3,naive,6,52.000491,52.000491,1.216110e-14,3.078787e-08,0.0147
n16_graph2,16,1.0,1.0,1.3,naive,8,52.000491,52.000491,1.366415e-16,1.321003e-10,0.0385
n16_graph2,16,1.0,1.0,1.3,naive,10,52.000491,52.000491,1.366415e-16,5.962418e-13,0.0597
n16_graph2,16,1.0,1.0,1.8,naive,2,72.000009,72.000009,1.754606e-11,1.118536e-04,0.0002
n16_graph2,16,1.0,1.0,1.8,naive,4,72.000009,72.000009,8.684410e-15,5.010499e-08,0.0017
n16_graph2,16,1.0,1.0,1.8,naive,6,72.000009,72.000009,0.000000e+00,2.671977e-11,0.0152
n16_graph2,16,1.0,1.0,1.8,naive,8,72.000009,72.000009,0.000000e+00,1.551558e-14,0.0395
n16_graph2,16,1.0,1.0,1.8,naive,10,72.000009,72.000009,0.000000e+00,9.477581e-18,0.0605
n16_graph2,16,1.0,1.0,2.5,naive,2,100.000000,100.000000,2.700062e-15,1.642546e-06,0.0002
n16_graph2,16,1.0,1.0,2.5,naive,4,100.000000,100.000000,0.000000e+00,4.474290e-11,0.0017
n16_graph2,16,1.0,1.0,2.5,naive,6,100.000000,100.000000,0.000000e+00,1.450946e-15,0.0139
n16_graph2,16,1.0,1.0,2.5,naive,8,100.000000,100.000000,0.000000e+00,5.123443e-20,0.0376
n16_graph2,16,1.0,1.0,2.5,naive,10,100.000000,100.000000,0.000000e+00,1.903123e-24,0.0599
n16_graph2,16,1.0,1.0,5.0,naive,2,200.000000,200.000000,0.000000e+00,4.990959e-13,0.0002
n16_graph2,16,1.0,1.0,5.0,naive,4,200.000000,200.000000,0.000000e+00,6.172280e-22,0.0018
n16_graph2,16,1.0,1.0,5.0,naive,6,200.000000,200.000000,0.000000e+00,9.087155e-31,0.0142
n16_graph2,16,1.0,1.0,5.0,naive,8,200.000000,200.000000,0.000000e+00,1.456779e-39,0.0376
n16_graph2,16,1.0,1.0,5.0,naive,10,200.000000,200.000000,0.000000e+00,2.456711e-48,0.0587
n16_graph3,16,0.0,0.0625,0.1,naive,2,12.289300,11.212570,9.602892e-02,4.135368e+02,0.0002
n16_graph3,16,0.0,0.0625,0.1,naive,4,10.798224,11.212570,3.695368e-02,2.419959e+02,0.0018
n16_graph3,16,0.0,0.0625,0.1,naive,6,11.464936,11.212570,2.250747e-02,1.685865e+02,0.0142
n16_graph3,16,0.0,0.0625,0.1,naive,8,11.069780,11.212570,1.273477e-02,1.278854e+02,0.0375
n16_graph3,16,0.0,0.0625,0.1,naive,10,11.308562,11.212570,8.561146e-03,1.020501e+02,0.0584
n16_graph3,16,0.0,0.0625,0.2,naive,2,11.547926,11.589896,3.621201e-03,2.004029e+02,0.0002
n16_graph3,16,0.0,0.0625,0.2,naive,4,12.017712,11.589896,3.691287e-02,1.143775e+02,0.0017
n16_graph3,16,0.0,0.0625,0.2,naive,6,11.429799,11.589896,1.381347e-02,7.771373e+01,0.0144
n16_graph3,16,0.0,0.0625,0.2,naive,8,11.550997,11.589896,3.356280e-03,5.749613e+01,0.0379
n16_graph3,16,0.0,0.0625,0.2,naive,10,11.690199,11.589896,8.654406e-03,4.474800e+01,0.0591
n16_graph3,16,0.0,0.0625,0.3,naive,2,11.256170,12.242614,8.057460e-02,1.294872e+02,0.0002
n16_graph3,16,0.0,0.0625,0.3,naive,4,12.402928,12.242614,1.309479e-02,7.207855e+01,0.0017
n16_graph3,16,0.0,0.0625,0.3,naive,6,12.473754,12.242614,1.887996e-02,4.776458e+01,0.0141
n16_graph3,16,0.0,0.0625,0.3,naive,8,12.340618,12.242614,8.005156e-03,3.446588e+01,0.0374
n16_graph3,16,0.0,0.0625,0.3,naive,10,12.208024,12.242614,2.825396e-03,2.616177e+01,0.0585
n16_graph3,16,0.0,0.0625,0.5,naive,2,13.566254,14.484356,6.338575e-02,7.297759e+01,0.0002
n16_graph3,16,0.0,0.0625,0.5,naive,4,14.007059,14.484356,3.295258e-02,3.864150e+01,0.0018
n16_graph3,16,0.0,0.0625,0.5,naive,6,14.222425,14.484356,1.808372e-02,2.435786e+01,0.0145
n16_graph3,16,0.0,0.0625,0.5,naive,8,14.364686,14.484356,8.261993e-03,1.671890e+01,0.0383
n16_graph3,16,0.0,0.0625,0.5,naive,10,14.485802,14.484356,9.982058e-05,1.207177e+01,0.0596
n16_graph3,16,0.0,0.0625,0.8,naive,2,20.150020,20.186290,1.796771e-03,4.151874e+01,0.0002
n16_graph3,16,0.0,0.0625,0.8,naive,4,20.206579,20.186290,1.005118e-03,2.039560e+01,0.0017
n16_graph3,16,0.0,0.0625,0.8,naive,6,20.227120,20.186290,2.022645e-03,1.192750e+01,0.0140
n16_graph3,16,0.0,0.0625,0.8,naive,8,20.237062,20.186290,2.515179e-03,7.595323e+00,0.0376
n16_graph3,16,0.0,0.0625,0.8,naive,10,20.246663,20.186290,2.990820e-03,5.087883e+00,0.0587
n16_graph3,16,0.0,0.0625,1.0,naive,2,25.041117,24.777734,1.062981e-02,3.119529e+01,0.0002
n16_graph3,16,0.0,0.0625,1.0,naive,4,25.058114,24.777734,1.131579e-02,1.457695e+01,0.0017
n16_graph3,16,0.0,0.0625,1.0,naive,6,25.062332,24.777734,1.148601e-02,8.108956e+00,0.0143
n16_graph3,16,0.0,0.0625,1.0,naive,8,25.063638,24.777734,1.153873e-02,4.911870e+00,0.0382
n16_graph3,16,0.0,0.0625,1.0,naive,10,25.064843,24.777734,1.158736e-02,3.129847e+00,0.0602
n16_graph3,16,0.0,0.0625,1.3,naive,2,32.506096,31.908221,1.873733e-02,2.183914e+01,0.0002
n16_graph3,16,0.0,0.0625,1.3,naive,4,32.509622,31.908221,1.884783e-02,9.467625e+00,0.0017
n16_graph3,16,0.0,0.0625,1.3,naive,6,32.510083,31.908221,1.886226e-02,4.886156e+00,0.0140
n16_graph3,16,0.0,0.0625,1.3,naive,8,32.510150,31.908221,1.886437e-02,2.745852e+00,0.0373
n16_graph3,16,0.0,0.0625,1.3,naive,10,32.510208,31.908221,1.886620e-02,1.623234e+00,0.0582
n16_graph3,16,0.0,0.0625,1.8,naive,2,45.000269,43.894324,2.519562e-02,1.347752e+01,0.0002
n16_graph3,16,0.0,0.0625,1.8,naive,4,45.000595,43.894324,2.520304e-02,5.156186e+00,0.0018
n16_graph3,16,0.0,0.0625,1.8,naive,6,45.000609,43.894324,2.520337e-02,2.348378e+00,0.0145
n16_graph3,16,0.0,0.0625,1.8,naive,8,45.000610,43.894324,2.520338e-02,1.164638e+00,0.0383
n16_graph3,16,0.0,0.0625,1.8,naive,10,45.000610,43.894324,2.520339e-02,6.075868e-01,0.0593
n16_graph3,16,0.0,0.0625,2.5,naive,2,62.500004,60.693199,2.976948e-02,7.781986e+00,0.0002
n16_graph3,16,0.0,0.0625,2.5,naive,4,62.500017,60.693199,2.976970e-02,2.499238e+00,0.0017
n16_graph3,16,0.0,0.0625,2.5,naive,6,62.500017,60.693199,2.976970e-02,9.555327e-01,0.0152
n16_graph3,16,0.0,0.0625,2.5,naive,8,62.500017,60.693199,2.976970e-02,3.978021e-01,0.0395
n16_graph3,16,0.0,0.0625,2.5,naive,10,62.500017,60.693199,2.976970e-02,1.742139e-01,0.0609
n16_graph3,16,0.0,0.0625,5.0,naive,2,125.000000,120.693147,3.568432e-02,1.759899e+00,0.0002
n16_graph3,16,0.0,0.0625,5.0,naive,4,125.000000,120.693147,3.568432e-02,3.025318e-01,0.0017
n16_graph3,16,0.0,0.0625,5.0,naive,6,125.000000,120.693147,3.568432e-02,6.191200e-02,0.0140
n16_graph3,16,0.0,0.0625,5.0,naive,8,125.000000,120.693147,3.568432e-02,1.379629e-02,0.0373
n16_graph3,16,0.0,0.0625,5.0,naive,10,125.000000,120.693147,3.568432e-02,3.234030e-03,0.0582
n16_graph3,16,0.1,0.1,0.1,naive,2,12.267869,11.213667,9.401042e-02,2.536570e+02,0.0002
n16_graph3,16,0.1,0.1,0.1,naive,4,10.813386,11.213667,3.569583e-02,1.462266e+02,0.0017
n16_graph3,16,0.1,0.1,0.1,naive,6,11.453226,11.213667,2.136313e-02,1.003521e+02,0.0140
n16_graph3,16,0.1,0.1,0.1,naive,8,11.079526,11.213667,1.196232e-02,7.499118e+01,0.0373
n16_graph3,16,0.1,0.1,0.1,naive,10,11.301840,11.213667,7.862977e-03,5.895060e+01,0.0583
n16_graph3,16,0.1,0.1,0.2,naive,2,11.543340,11.596145,4.553722e-03,1.206369e+02,0.0002
n16_graph3,16,0.1,0.1,0.2,naive,4,11.993807,11.596145,3.429254e-02,6.681716e+01,0.0019
n16_graph3,16,0.1,0.1,0.2,naive,6,11.451057,11.596145,1.251173e-02,4.405715e+01,0.0151
n16_graph3,16,0.1,0.1,0.2,naive,8,11.558642,11.596145,3.234161e-03,3.163213e+01,0.0385
n16_graph3,16,0.1,0.1,0.2,naive,10,11.679253,11.596145,7.166855e-03,2.389102e+01,0.0595
n16_graph3,16,0.1,0.1,0.3,naive,2,11.326306,12.263470,7.641915e-02,7.649590e+01,0.0002
n16_graph3,16,0.1,0.1,0.3,naive,4,12.389248,12.263470,1.025632e-02,4.070747e+01,0.0017
n16_graph3,16,0.1,0.1,0.3,naive,6,12.453003,12.263470,1.545510e-02,2.578877e+01,0.0140
n16_graph3,16,0.1,0.1,0.3,naive,8,12.340370,12.263470,6.270721e-03,1.778979e+01,0.0375
n16_graph3,16,0.1,0.1,0.3,naive,10,12.232686,12.263470,2.510208e-03,1.290938e+01,0.0584
n16_graph3,16,0.1,0.1,0.5,naive,2,13.815739,14.616845,5.480699e-02,4.151874e+01,0.0002
n16_graph3,16,0.1,0.1,0.5,naive,4,14.202478,14.616845,2.834858e-02,2.039560e+01,0.0017
n16_graph3,16,0.1,0.1,0.5,naive,6,14.378254,14.616845,1.632301e-02,1.192750e+01,0.0139
n16_graph3,16,0.1,0.1,0.5,naive,8,14.485568,14.616845,8.981182e-03,7.595323e+00,0.0373
n16_graph3,16,0.1,0.1,0.5,naive,10,14.570230,14.616845,3.189077e-03,5.087883e+00,0.0582
n16_graph3,16,0.1,0.1,0.8,naive,2,20.619590,20.777328,7.591839e-03,2.232019e+01,0.0002
n16_graph3,16,0.1,0.1,0.8,naive,4,20.665116,20.777328,5.400686e-03,9.724669e+00,0.0017
n16_graph3,16,0.1,0.1,0.8,naive,6,20.680016,20.777328,4.683582e-03,5.043971e+00,0.0142
n16_graph3,16,0.1,0.1,0.8,naive,8,20.686332,20.777328,4.379604e-03,2.848747e+00,0.0377
n16_graph3,16,0.1,0.1,0.8,naive,10,20.691728,20.777328,4.119861e-03,1.692503e+00,0.0587
n16_graph3,16,0.1,0.1,1.0,naive,2,25.637736,25.697697,2.333335e-03,1.614723e+01,0.0002
n16_graph3,16,0.1,0.1,1.0,naive,4,25.650595,25.697697,1.832922e-03,6.494285e+00,0.0017
n16_graph3,16,0.1,0.1,1.0,naive,6,25.653435,25.697697,1.722426e-03,3.109464e+00,0.0141
n16_graph3,16,0.1,0.1,1.0,naive,8,25.654173,25.697697,1.693704e-03,1.621150e+00,0.0385
n16_graph3,16,0.1,0.1,1.0,naive,10,25.654757,25.697697,1.670979e-03,8.891096e-01,0.0596
n16_graph3,16,0.1,0.1,1.3,naive,2,33.285486,33.304079,5.582845e-04,1.067853e+01,0.0002
n16_graph3,16,0.1,0.1,1.3,naive,4,33.287912,33.304079,4.854398e-04,3.809163e+00,0.0017
n16_graph3,16,0.1,0.1,1.3,naive,6,33.288190,33.304079,4.770907e-04,1.617590e+00,0.0141
n16_graph3,16,0.1,0.1,1.3,naive,8,33.288222,33.304079,4.761369e-04,7.479813e-01,0.0376
n16_graph3,16,0.1,0.1,1.3,naive,10,33.288244,33.304079,4.754595e-04,3.638375e-01,0.0586
n16_graph3,16,0.1,0.1,1.8,naive,2,46.080234,46.083591,7.283797e-05,5.990851e+00,0.0002
n16_graph3,16,0.1,0.1,1.8,naive,4,46.080426,46.083591,6.867974e-05,1.749636e+00,0.0017
n16_graph3,16,0.1,0.1,1.8,naive,6,46.080433,46.083591,6.852284e-05,6.083138e-01,0.0144
n16_graph3,16,0.1,0.1,1.8,naive,8,46.080433,46.083591,6.851838e-05,2.302985e-01,0.0379
n16_graph3,16,0.1,0.1,1.8,naive,10,46.080433,46.083591,6.851571e-05,9.171682e-02,0.0589
n16_graph3,16,0.1,0.1,2.5,naive,2,64.000003,64.000345,5.341463e-06,3.024448e+00,0.0002
n16_graph3,16,0.1,0.1,2.5,naive,4,64.000009,64.000345,5.243303e-06,6.675793e-01,0.0017
n16_graph3,16,0.1,0.1,2.5,naive,6,64.000009,64.000345,5.242507e-06,1.754205e-01,0.0141
n16_graph3,16,0.1,0.1,2.5,naive,8,64.000009,64.000345,5.242504e-06,5.019280e-02,0.0375
n16_graph3,16,0.1,0.1,2.5,naive,10,64.000009,64.000345,5.242502e-06,1.510764e-02,0.0586
n16_graph3,16,0.1,0.1,5.0,naive,2,128.000000,128.000000,8.794763e-10,4.200639e-01,0.0002
n16_graph3,16,0.1,0.1,5.0,naive,4,128.000000,128.000000,8.791812e-10,3.410968e-02,0.0017
n16_graph3,16,0.1,0.1,5.0,naive,6,128.000000,128.000000,8.791812e-10,3.297317e-03,0.0141
n16_graph3,16,0.1,0.1,5.0,naive,8,128.000000,128.000000,8.791812e-10,3.470781e-04,0.0379
n16_graph3,16,0.1,0.1,5.0,naive,10,128.000000,128.000000,8.791812e-10,3.843157e-05,0.0599
n16_graph3,16,0.2,0.2,0.1,naive,2,12.214275,11.216959,8.891144e-02,1.206369e+02,0.0002
n16_graph3,16,0.2,0.2,0.1,naive,4,10.852965,11.216959,3.245034e-02,6.681716e+01,0.0017
n16_graph3,16,0.2,0.2,0.1,naive,6,11.426363,11.216959,1.866850e-02,4.405715e+01,0.0141
n16_graph3,16,0.2,0.2,0.1,naive,8,11.104330,11.216959,1.004095e-02,3.163213e+01,0.0375
n16_graph3,16,0.2,0.2,0.1,naive,10,11.288085,11.216959,6.340955e-03,2.389102e+01,0.0586
n16_graph3,16,0.2,0.2,0.2,naive,2,11.543922,11.614866,6.108063e-03,5.456750e+01,0.0002
n16_graph3,16,0.2,0.2,0.2,naive,4,11.946563,11.614866,2.855799e-02,2.789961e+01,0.0017
n16_graph3,16,0.2,0.2,0.2,naive,6,11.507898,11.614866,9.209607e-03,1.698177e+01,0.0141
n16_graph3,16,0.2,0.2,0.2,naive,8,11.586202,11.614866,2.467910e-03,1.125515e+01,0.0376
n16_graph3,16,0.2,0.2,0.2,naive,10,11.668518,11.614866,4.619251e-03,7.847189e+00,0.0587
n16_graph3,16,0.2,0.2,0.3,naive,2,11.530587,12.325527,6.449548e-02,3.290551e+01,0.0002
n16_graph3,16,0.2,0.2,0.3,naive,4,12.399267,12.325527,5.982681e-03,1.553063e+01,0.0019
n16_graph3,16,0.2,0.2,0.3,naive,6,12.447381,12.325527,9.886246e-03,8.726306e+00,0.0157
n16_graph3,16,0.2,0.2,0.3,naive,8,12.375230,12.325527,4.032494e-03,5.338943e+00,0.0393
n16_graph3,16,0.2,0.2,0.3,naive,10,12.313377,12.325527,9.858134e-04,3.436169e+00,0.0603
n16_graph3,16,0.2,0.2,0.5,naive,2,14.493682,14.976147,3.221561e-02,1.614723e+01,0.0002
n16_graph3,16,0.2,0.2,0.5,naive,4,14.766968,14.976147,1.396747e-02,6.494285e+00,0.0017
n16_graph3,16,0.2,0.2,0.5,naive,6,14.869400,14.976147,7.127849e-03,3.109464e+00,0.0141
n16_graph3,16,0.2,0.2,0.5,naive,8,14.920090,14.976147,3.743098e-03,1.621150e+00,0.0376
n16_graph3,16,0.2,0.2,0.5,naive,10,14.952729,14.976147,1.563686e-03,8.891096e-01,0.0594
n16_graph3,16,0.2,0.2,0.8,naive,2,21.875501,21.919124,1.990199e-03,7.456959e+00,0.0002
n16_graph3,16,0.2,0.2,0.8,naive,4,21.901132,21.919124,8.208344e-04,2.359199e+00,0.0017
n16_graph3,16,0.2,0.2,0.8,naive,6,21.907486,21.919124,5.309396e-04,8.885626e-01,0.0140
n16_graph3,16,0.2,0.2,0.8,naive,8,21.909378,21.919124,4.446404e-04,3.644140e-01,0.0375
n16_graph3,16,0.2,0.2,0.8,naive,10,21.910544,21.919124,3.914353e-04,1.572159e-01,0.0585
n16_graph3,16,0.2,0.2,1.0,naive,2,27.230114,27.239501,3.445974e-04,4.872511e+00,0.0002
n16_graph3,16,0.2,0.2,1.0,naive,4,27.236261,27.239501,1.189429e-04,1.313616e+00,0.0017
n16_graph3,16,0.2,0.2,1.0,naive,6,27.237255,27.239501,8.245800e-05,4.216041e-01,0.0141
n16_graph3,16,0.2,0.2,1.0,naive,8,27.237417,27.239501,7.650669e-05,1.473414e-01,0.0375
n16_graph3,16,0.2,0.2,1.0,naive,10,27.237502,27.239501,7.337981e-05,5.416753e-02,0.0585
n16_graph3,16,0.2,0.2,1.3,naive,2,35.364154,35.365395,3.508873e-05,2.763952e+00,0.0002
n16_graph3,16,0.2,0.2,1.3,naive,4,35.365055,35.365395,9.600526e-06,5.861590e-01,0.0017
n16_graph3,16,0.2,0.2,1.3,naive,6,35.365128,35.365395,7.538600e-06,1.479862e-01,0.0140
n16_graph3,16,0.2,0.2,1.3,naive,8,35.365132,35.365395,7.416369e-06,4.068276e-02,0.0373
n16_graph3,16,0.2,0.2,1.3,naive,10,35.365134,35.365395,7.365390e-06,1.176506e-02,0.0583
n16_graph3,16,0.2,0.2,1.8,naive,2,48.960162,48.960220,1.187095e-06,1.198383e+00,0.0002
n16_graph3,16,0.2,0.2,1.8,naive,4,48.960209,48.960220,2.302731e-07,1.703581e-01,0.0017
n16_graph3,16,0.2,0.2,1.8,naive,6,48.960210,48.960220,2.063212e-07,2.883040e-02,0.0140
n16_graph3,16,0.2,0.2,1.8,naive,8,48.960210,48.960220,2.060698e-07,5.312784e-03,0.0374
n16_graph3,16,0.2,0.2,1.8,naive,10,48.960210,48.960220,2.059974e-07,1.029883e-03,0.0594
n16_graph3,16,0.2,0.2,2.5,naive,2,68.000002,68.000003,1.439997e-08,4.200639e-01,0.0002
n16_graph3,16,0.2,0.2,2.5,naive,4,68.000003,68.000003,1.720460e-09,3.410968e-02,0.0017
n16_graph3,16,0.2,0.2,2.5,naive,6,68.000003,68.000003,1.659292e-09,3.297317e-03,0.0141
n16_graph3,16,0.2,0.2,2.5,naive,8,68.000003,68.000003,1.659231e-09,3.470781e-04,0.0376
n16_graph3,16,0.2,0.2,2.5,naive,10,68.000003,68.000003,1.659221e-09,3.843157e-05,0.0587
n16_graph3,16,0.2,0.2,5.0,naive,2,136.000000,136.000000,5.224579e-15,1.528918e-02,0.0002
n16_graph3,16,0.2,0.2,5.0,naive,4,136.000000,136.000000,0.000000e+00,1.680186e-04,0.0019
n16_graph3,16,0.2,0.2,5.0,naive,6,136.000000,136.000000,0.000000e+00,2.198120e-06,0.0143
n16_graph3,16,0.2,0.2,5.0,naive,8,136.000000,136.000000,0.000000e+00,3.131332e-08,0.0376
n16_graph3,16,0.2,0.2,5.0,naive,10,136.000000,136.000000,0.000000e+00,4.692464e-10,0.0586
n16_graph3,16,0.5,0.5,0.1,naive,2,12.083369,11.239982,7.503456e-02,4.151874e+01,0.0002
n16_graph3,16,0.5,0.5,0.1,naive,4,10.966702,11.239982,2.431318e-02,2.039560e+01,0.0017
n16_graph3,16,0.5,0.5,0.1,naive,6,11.379626,11.239982,1.242387e-02,1.192750e+01,0.0148
n16_graph3,16,0.5,0.5,0.1,naive,8,11.173427,11.239982,5.921190e-03,7.595323e+00,0.0391
n16_graph3,16,0.5,0.5,0.1,naive,10,11.277256,11.239982,3.316227e-03,5.087883e+00,0.0601
n16_graph3,16,0.5,0.5,0.2,naive,2,11.647676,11.744745,8.264904e-03,1.614723e+01,0.0002
n16_graph3,16,0.5,0.5,0.2,naive,4,11.934608,11.744745,1.616577e-02,6.494285e+00,0.0017
n16_graph3,16,0.5,0.5,0.2,naive,6,11.702531,11.744745,3.594334e-03,3.109464e+00,0.0141
n16_graph3,16,0.5,0.5,0.2,naive,8,11.732739,11.744745,1.022256e-03,1.621150e+00,0.0375
n16_graph3,16,0.5,0.5,0.2,naive,10,11.758970,11.744745,1.211161e-03,8.891096e-01,0.0585
n16_graph3,16,0.5,0.5,0.3,naive,2,12.274334,12.740608,3.659748e-02,8.366219e+00,0.0002
n16_graph3,16,0.5,0.5,0.3,naive,4,12.750807,12.740608,8.004613e-04,2.754887e+00,0.0017
n16_graph3,16,0.5,0.5,0.3,naive,6,12.771324,12.740608,2.410853e-03,1.079939e+00,0.0140
n16_graph3,16,0.5,0.5,0.3,naive,8,12.752259,12.740608,9.144794e-04,4.609756e-01,0.0372
n16_graph3,16,0.5,0.5,0.3,naive,10,12.740493,12.740608,9.051335e-06,2.069908e-01,0.0634
n16_graph3,16,0.5,0.5,0.5,naive,2,16.615689,16.742415,7.569202e-03,3.024448e+00,0.0002
n16_graph3,16,0.5,0.5,0.5,naive,4,16.713557,16.742415,1.723674e-03,6.675793e-01,0.0017
n16_graph3,16,0.5,0.5,0.5,naive,6,16.734113,16.742415,4.959081e-04,1.754205e-01,0.0140
n16_graph3,16,0.5,0.5,0.5,naive,8,16.739535,16.742415,1.720189e-04,5.019280e-02,0.0375
n16_graph3,16,0.5,0.5,0.5,naive,10,16.741434,16.742415,5.862965e-05,1.510764e-02,0.0585
n16_graph3,16,0.5,0.5,0.8,naive,2,25.666779,25.672116,2.078682e-04,8.786173e-01,0.0002
n16_graph3,16,0.5,0.5,0.8,naive,4,25.671530,25.672116,2.280813e-05,1.064339e-01,0.0017
n16_graph3,16,0.5,0.5,0.8,naive,6,25.672039,25.672116,2.997974e-06,1.534902e-02,0.0141
n16_graph3,16,0.5,0.5,0.8,naive,8,25.672092,25.672116,9.413576e-07,2.410266e-03,0.0374
n16_graph3,16,0.5,0.5,0.8,naive,10,25.672104,25.672116,4.651553e-07,3.981472e-04,0.0583
n16_graph3,16,0.5,0.5,1.0,naive,2,32.015653,32.016409,2.361525e-05,4.200639e-01,0.0002
n16_graph3,16,0.5,0.5,1.0,naive,4,32.016362,32.016409,1.461955e-06,3.410968e-02,0.0017
n16_graph3,16,0.5,0.5,1.0,naive,6,32.016407,32.016409,7.735747e-08,3.297317e-03,0.0140
n16_graph3,16,0.5,0.5,1.0,naive,8,32.016409,32.016409,2.042415e-08,3.470781e-04,0.0373
n16_graph3,16,0.5,0.5,1.0,naive,10,32.016409,32.016409,1.167307e-08,3.843157e-05,0.0593
n16_graph3,16,0.5,0.5,1.3,naive,2,41.601841,41.601892,1.230593e-06,1.484008e-01,0.0002
n16_graph3,16,0.5,0.5,1.3,naive,4,41.601890,41.601892,3.331578e-08,6.613355e-03,0.0017
n16_graph3,16,0.5,0.5,1.3,naive,6,41.601892,41.601892,3.725724e-10,3.508554e-04,0.0139
n16_graph3,16,0.5,0.5,1.3,naive,8,41.601892,41.601892,8.422708e-11,2.026833e-05,0.0373
n16_graph3,16,0.5,0.5,1.3,naive,10,41.601892,41.601892,6.000312e-11,1.231692e-06,0.0582
n16_graph3,16,0.5,0.5,1.8,naive,2,57.600054,57.600055,1.305193e-08,2.885875e-02,0.0002
n16_graph3,16,0.5,0.5,1.8,naive,4,57.600055,57.600055,8.932562e-11,4.731171e-04,0.0017
n16_graph3,16,0.5,0.5,1.8,naive,6,57.600055,57.600055,6.735347e-14,9.233800e-06,0.0141
n16_graph3,16,0.5,0.5,1.8,naive,8,57.600055,57.600055,1.418617e-14,1.962347e-07,0.0376
n16_graph3,16,0.5,0.5,1.8,naive,10,57.600055,57.600055,1.258252e-14,4.386979e-09,0.0586
n16_graph3,16,0.5,0.5,2.5,naive,2,80.000000,80.000000,3.003269e-11,3.213569e-03,0.0002
n16_graph3,16,0.5,0.5,2.5,naive,4,80.000000,80.000000,2.859934e-14,1.299172e-05,0.0019
n16_graph3,16,0.5,0.5,2.5,naive,6,80.000000,80.000000,0.000000e+00,6.252678e-08,0.0148
n16_graph3,16,0.5,0.5,2.5,naive,8,80.000000,80.000000,0.000000e+00,3.276794e-10,0.0384
n16_graph3,16,0.5,0.5,2.5,naive,10,80.000000,80.000000,0.000000e+00,1.806453e-12,0.0596
n16_graph3,16,0.5,0.5,5.0,naive,2,160.000000,160.000000,0.000000e+00,1.642546e-06,0.0002
n16_graph3,16,0.5,0.5,5.0,naive,4,160.000000,160.000000,0.000000e+00,4.474290e-11,0.0017
n16_graph3,16,0.5,0.5,5.0,naive,6,160.000000,160.000000,0.000000e+00,1.450946e-15,0.0143
n16_graph3,16,0.5,0.5,5.0,naive,8,160.000000,160.000000,0.000000e+00,5.123443e-20,0.0377
n16_graph3,16,0.5,0.5,5.0,naive,10,160.000000,160.000000,0.000000e+00,1.903123e-24,0.0588
n16_graph3,16,1.0,1.0,0.1,naive,2,11.957236,11.321892,5.611639e-02,1.614723e+01,0.0002
n16_graph3,16,1.0,1.0,0.1,naive,4,11.153241,11.321892,1.489607e-02,6.494285e+00,0.0018
n16_graph3,16,1.0,1.0,0.1,naive,6,11.392621,11.321892,6.247113e-03,3.109464e+00,0.0143
n16_graph3,16,1.0,1.0,0.1,naive,8,11.294347,11.321892,2.432886e-03,1.621150e+00,0.0388
n16_graph3,16,1.0,1.0,0.1,naive,10,11.334524,11.321892,1.115736e-03,8.891096e-01,0.0612
n16_graph3,16,1.0,1.0,0.2,naive,2,12.103185,12.193129,7.376618e-03,4.872511e+00,0.0002
n16_graph3,16,1.0,1.0,0.2,naive,4,12.265352,12.193129,5.923313e-03,1.313616e+00,0.0018
n16_graph3,16,1.0,1.0,0.2,naive,6,12.184509,12.193129,7.069097e-04,4.216041e-01,0.0151
n16_graph3,16,1.0,1.0,0.2,naive,8,12.190698,12.193129,1.993732e-04,1.473414e-01,0.0413
n16_graph3,16,1.0,1.0,0.2,naive,10,12.194629,12.193129,1.230155e-04,5.416753e-02,0.0636
n16_graph3,16,1.0,1.0,0.3,naive,2,13.843905,14.023666,1.281845e-02,1.953938e+00,0.0002
n16_graph3,16,1.0,1.0,0.3,naive,4,14.021729,14.023666,1.381801e-04,3.531089e-01,0.0019
n16_graph3,16,1.0,1.0,0.3,naive,6,14.026587,14.023666,2.082587e-04,7.596739e-02,0.0157
n16_graph3,16,1.0,1.0,0.3,naive,8,14.024478,14.023666,5.786177e-05,1.779629e-02,0.0413
n16_graph3,16,1.0,1.0,0.3,naive,10,14.023729,14.023666,4.461416e-06,4.385568e-03,0.0651
n16_graph3,16,1.0,1.0,0.5,naive,2,20.341805,20.361952,9.894440e-04,4.200639e-01,0.0003
n16_graph3,16,1.0,1.0,0.5,naive,4,20.360320,20.361952,8.017976e-05,3.410968e-02,0.0021
n16_graph3,16,1.0,1.0,0.5,naive,6,20.361795,20.361952,7.739908e-06,3.297317e-03,0.0155
n16_graph3,16,1.0,1.0,0.5,naive,8,20.361932,20.361952,1.006682e-06,3.470781e-04,0.0401
n16_graph3,16,1.0,1.0,0.5,naive,10,20.361949,20.361952,1.520382e-07,3.843157e-05,0.0621
n16_graph3,16,1.0,1.0,0.8,naive,2,32.028122,32.028454,1.037089e-05,5.499535e-02,0.0002
n16_graph3,16,1.0,1.0,0.8,naive,4,32.028446,32.028454,2.611412e-07,1.345039e-03,0.0019
n16_graph3,16,1.0,1.0,0.8,naive,6,32.028454,32.028454,5.007500e-09,3.916197e-05,0.0151
n16_graph3,16,1.0,1.0,0.8,naive,8,32.028454,32.028454,2.437561e-10,1.241589e-06,0.0390
n16_graph3,16,1.0,1.0,0.8,naive,10,32.028454,32.028454,2.723886e-11,4.140809e-08,0.0611
n16_graph3,16,1.0,1.0,1.0,naive,2,40.005511,40.005535,5.959682e-07,1.528918e-02,0.0002
n16_graph3,16,1.0,1.0,1.0,naive,4,40.005535,40.005535,6.830905e-09,1.680186e-04,0.0017
n16_graph3,16,1.0,1.0,1.0,naive,6,40.005535,40.005535,3.157144e-11,2.198120e-06,0.0141
n16_graph3,16,1.0,1.0,1.0,naive,8,40.005535,40.005535,6.811386e-13,3.131332e-08,0.0374
n16_graph3,16,1.0,1.0,1.0,naive,10,40.005535,40.005535,6.465044e-14,4.692464e-10,0.0586
n16_graph3,16,1.0,1.0,1.3,naive,2,52.000491,52.000491,1.055342e-08,2.360582e-03,0.0002
n16_graph3,16,1.0,1.0,1.3,naive,4,52.000491,52.000491,3.776198e-11,7.813382e-06,0.0017
n16_graph3,16,1.0,1.0,1.3,naive,6,52.000491,52.000491,1.721683e-14,3.078787e-08,0.0142
n16_graph3,16,1.0,1.0,1.3,naive,8,52.000491,52.000491,0.000000e+00,1.321003e-10,0.0380
n16_graph3,16,1.0,1.0,1.3,naive,10,52.000491,52.000491,0.000000e+00,5.962418e-13,0.0594
n16_graph3,16,1.0,1.0,1.8,naive,2,72.000009,72.000009,1.755040e-11,1.118536e-04,0.0004
n16_graph3,16,1.0,1.0,1.8,naive,4,72.000009,72.000009,8.684410e-15,5.010499e-08,0.0023
n16_graph3,16,1.0,1.0,1.8,naive,6,72.000009,72.000009,0.000000e+00,2.671977e-11,0.0175
n16_graph3,16,1.0,1.0,1.8,naive,8,72.000009,72.000009,0.000000e+00,1.551558e-14,0.0429
n16_graph3,16,1.0,1.0,1.8,naive,10,72.000009,72.000009,0.000000e+00,9.477581e-18,0.0650
n16_graph3,16,1.0,1.0,2.5,naive,2,100.000000,100.000000,2.700062e-15,1.642546e-06,0.0002
n16_graph3,16,1.0,1.0,2.5,naive,4,100.000000,100.000000,0.000000e+00,4.474290e-11,0.0019
n16_graph3,16,1.0,1.0,2.5,naive,6,100.000000,100.000000,0.000000e+00,1.450946e-15,0.0166
n16_graph3,16,1.0,1.0,2.5,naive,8,100.000000,100.000000,0.000000e+00,5.123443e-20,0.0419
n16_graph3,16,1.0,1.0,2.5,naive,10,100.000000,100.000000,0.000000e+00,1.903123e-24,0.0637
n16_graph3,16,1.0,1.0,5.0,naive,2,200.000000,200.000000,0.000000e+00,4.990959e-13,0.0002
n16_graph3,16,1.0,1.0,5.0,naive,4,200.000000,200.000000,0.000000e+00,6.172280e-22,0.0021
n16_graph3,16,1.0,1.0,5.0,naive,6,200.000000,200.000000,0.000000e+00,9.087155e-31,0.0154
n16_graph3,16,1.0,1.0,5.0,naive,8,200.000000,200.000000,0.000000e+00,1.456779e-39,0.0405
n16_graph3,16,1.0,1.0,5.0,naive,10,200.000000,200.000000,0.000000e+00,2.456711e-48,0.0626
n30_graph1,30,0.0,0.03333333333333333,0.1,insects,2,23.074651,nan,nan,1.475204e+03,0.0088
n30_graph1,30,0.0,0.03333333333333333,0.1,insects,4,20.263683,nan,nan,8.733994e+02,0.0357
n30_graph1,30,0.0,0.03333333333333333,0.1,insects,6,21.390741,nan,nan,6.155938e+02,0.7206
n30_graph1,30,0.0,0.03333333333333333,0.2,insects,2,21.662571,nan,nan,7.254067e+02,0.0116
n30_graph1,30,0.0,0.03333333333333333,0.2,insects,4,22.376651,nan,nan,4.237909e+02,0.0407
n30_graph1,30,0.0,0.03333333333333333,0.2,insects,6,21.507261,nan,nan,2.947423e+02,0.7193
n30_graph1,30,0.0,0.03333333333333333,0.3,insects,2,21.007870,nan,nan,4.756068e+02,0.0087
n30_graph1,30,0.0,0.03333333333333333,0.3,insects,4,22.903482,nan,nan,2.741748e+02,0.0357
n30_graph1,30,0.0,0.03333333333333333,0.3,insects,6,23.213187,nan,nan,1.881602e+02,0.6645
n30_graph1,30,0.0,0.03333333333333333,0.5,insects,2,25.076561,nan,nan,2.760005e+02,0.0092
n30_graph1,30,0.0,0.03333333333333333,0.5,insects,4,25.695396,nan,nan,1.549203e+02,0.0374
n30_graph1,30,0.0,0.03333333333333333,0.5,insects,6,25.991930,nan,nan,1.035207e+02,0.7106
n30_graph1,30,0.0,0.03333333333333333,0.8,insects,2,37.097622,nan,nan,1.640756e+02,0.0096
n30_graph1,30,0.0,0.03333333333333333,0.8,insects,4,37.140109,nan,nan,8.848515e+01,0.0370
n30_graph1,30,0.0,0.03333333333333333,0.8,insects,6,37.151134,nan,nan,5.680906e+01,0.7048
n30_graph1,30,0.0,0.03333333333333333,1.0,insects,2,46.082456,nan,nan,1.269487e+02,0.0082
n30_graph1,30,0.0,0.03333333333333333,1.0,insects,4,46.089371,nan,nan,6.666129e+01,0.0356
n30_graph1,30,0.0,0.03333333333333333,1.0,insects,6,46.090377,nan,nan,4.167156e+01,0.6932
n30_graph1,30,0.0,0.03333333333333333,1.3,insects,2,59.812415,nan,nan,9.287843e+01,0.0087
n30_graph1,30,0.0,0.03333333333333333,1.3,insects,4,59.812987,nan,nan,4.685850e+01,0.0358
n30_graph1,30,0.0,0.03333333333333333,1.3,insects,6,59.813019,nan,nan,2.814379e+01,0.7017
n30_graph1,30,0.0,0.03333333333333333,1.8,insects,2,82.800562,nan,nan,6.169783e+01,0.0087
n30_graph1,30,0.0,0.03333333333333333,1.8,insects,4,82.800579,nan,nan,2.911994e+01,0.0366
n30_graph1,30,0.0,0.03333333333333333,1.8,insects,6,82.800579,nan,nan,1.636182e+01,0.7071
n30_graph1,30,0.0,0.03333333333333333,2.5,insects,2,115.000008,nan,nan,3.950869e+01,0.0083
n30_graph1,30,0.0,0.03333333333333333,2.5,insects,4,115.000008,nan,nan,1.698553e+01,0.0333
n30_graph1,30,0.0,0.03333333333333333,2.5,insects,6,115.000008,nan,nan,8.693331e+00,0.7000
n30_graph1,30,0.0,0.03333333333333333,5.0,insects,2,230.000000,nan,nan,1.297778e+01,0.0068
n30_graph1,30,0.0,0.03333333333333333,5.0,insects,4,230.000000,nan,nan,3.997809e+00,0.0342
n30_graph1,30,0.0,0.03333333333333333,5.0,insects,6,230.000000,nan,nan,1.466102e+00,0.6798
n30_graph1,30,0.1,0.1,0.1,insects,2,23.002254,nan,nan,4.756068e+02,0.0066
n30_graph1,30,0.1,0.1,0.1,insects,4,20.311762,nan,nan,2.741748e+02,0.0307
n30_graph1,30,0.1,0.1,0.1,insects,6,21.360632,nan,nan,1.881602e+02,0.6751
n30_graph1,30,0.1,0.1,0.2,insects,2,21.643762,nan,nan,2.261943e+02,0.0072
n30_graph1,30,0.1,0.1,0.2,insects,4,22.309010,nan,nan,1.252822e+02,0.0336
n30_graph1,30,0.1,0.1,0.2,insects,6,21.556004,nan,nan,8.260716e+01,0.6498
n30_graph1,30,0.1,0.1,0.3,insects,2,21.236823,nan,nan,1.434298e+02,0.0084
n30_graph1,30,0.1,0.1,0.3,insects,4,22.896260,nan,nan,7.632650e+01,0.0334
n30_graph1,30,0.1,0.1,0.3,insects,6,23.148085,nan,nan,4.835395e+01,0.6579
n30_graph1,30,0.1,0.1,0.5,insects,2,25.904511,nan,nan,7.784764e+01,0.0084
n30_graph1,30,0.1,0.1,0.5,insects,4,26.398363,nan,nan,3.824175e+01,0.0338
n30_graph1,30,0.1,0.1,0.5,insects,6,26.604943,nan,nan,2.236407e+01,0.6595
n30_graph1,30,0.1,0.1,0.8,insects,2,38.661731,nan,nan,4.185035e+01,0.0075
n30_graph1,30,0.1,0.1,0.8,insects,4,38.691582,nan,nan,1.823375e+01,0.0331
n30_graph1,30,0.1,0.1,0.8,insects,6,38.697812,nan,nan,9.457445e+00,0.6722
n30_graph1,30,0.1,0.1,1.0,insects,2,48.070755,nan,nan,3.027605e+01,0.0095
n30_graph1,30,0.1,0.1,1.0,insects,4,48.075237,nan,nan,1.217679e+01,0.0358
n30_graph1,30,0.1,0.1,1.0,insects,6,48.075734,nan,nan,5.830245e+00,0.6512
n30_graph1,30,0.1,0.1,1.3,insects,2,62.410286,nan,nan,2.002224e+01,0.0072
n30_graph1,30,0.1,0.1,1.3,insects,4,62.410616,nan,nan,7.142180e+00,0.0319
n30_graph1,30,0.1,0.1,1.3,insects,6,62.410629,nan,nan,3.032980e+00,0.6040
n30_graph1,30,0.1,0.1,1.8,insects,2,86.400439,nan,nan,1.123285e+01,0.0089
n30_graph1,30,0.1,0.1,1.8,insects,4,86.400447,nan,nan,3.280568e+00,0.0317
n30_graph1,30,0.1,0.1,1.8,insects,6,86.400447,nan,nan,1.140588e+00,0.6325
n30_graph1,30,0.1,0.1,2.5,insects,2,120.000006,nan,nan,5.670840e+00,0.0102
n30_graph1,30,0.1,0.1,2.5,insects,4,120.000006,nan,nan,1.251711e+00,0.0356
n30_graph1,30,0.1,0.1,2.5,insects,6,120.000006,nan,nan,3.289134e-01,0.6561
n30_graph1,30,0.1,0.1,5.0,insects,2,240.000000,nan,nan,7.876198e-01,0.0069
n30_graph1,30,0.1,0.1,5.0,insects,4,240.000000,nan,nan,6.395565e-02,0.0328
n30_graph1,30,0.1,0.1,5.0,insects,6,240.000000,nan,nan,6.182469e-03,0.6734
n30_graph1,30,0.2,0.2,0.1,insects,2,22.901766,nan,nan,2.261943e+02,0.0090
n30_graph1,30,0.2,0.2,0.1,insects,4,20.382204,nan,nan,1.252822e+02,0.0338
n30_graph1,30,0.2,0.2,0.1,insects,6,21.323920,nan,nan,8.260716e+01,0.7063
n30_graph1,30,0.2,0.2,0.2,insects,2,21.644853,nan,nan,1.023141e+02,0.0100
n30_graph1,30,0.2,0.2,0.2,insects,4,22.242685,nan,nan,5.231177e+01,0.0453
n30_graph1,30,0.2,0.2,0.2,insects,6,21.635515,nan,nan,3.184082e+01,0.7745
n30_graph1,30,0.2,0.2,0.3,insects,2,21.619850,nan,nan,6.169783e+01,0.0081
n30_graph1,30,0.2,0.2,0.3,insects,4,22.979920,nan,nan,2.911994e+01,0.0342
n30_graph1,30,0.2,0.2,0.3,insects,6,23.164638,nan,nan,1.636182e+01,0.7650
n30_graph1,30,0.2,0.2,0.5,insects,2,27.175653,nan,nan,3.027605e+01,0.0086
n30_graph1,30,0.2,0.2,0.5,insects,4,27.528409,nan,nan,1.217679e+01,0.0413
n30_graph1,30,0.2,0.2,0.5,insects,6,27.648771,nan,nan,5.830245e+00,0.7986
n30_graph1,30,0.2,0.2,0.8,insects,2,41.016564,nan,nan,1.398180e+01,0.0087
n30_graph1,30,0.2,0.2,0.8,insects,4,41.034221,nan,nan,4.423498e+00,0.0403
n30_graph1,30,0.2,0.2,0.8,insects,6,41.036880,nan,nan,1.666055e+00,0.7705
n30_graph1,30,0.2,0.2,1.0,insects,2,51.056464,nan,nan,9.135958e+00,0.0095
n30_graph1,30,0.2,0.2,1.0,insects,4,51.058817,nan,nan,2.463030e+00,0.0334
n30_graph1,30,0.2,0.2,1.0,insects,6,51.058991,nan,nan,7.905077e-01,0.7004
n30_graph1,30,0.2,0.2,1.3,insects,2,66.307788,nan,nan,5.182410e+00,0.0084
n30_graph1,30,0.2,0.2,1.3,insects,4,66.307934,nan,nan,1.099048e+00,0.0470
n30_graph1,30,0.2,0.2,1.3,insects,6,66.307937,nan,nan,2.774741e-01,0.7345
n30_graph1,30,0.2,0.2,1.8,insects,2,91.800304,nan,nan,2.246968e+00,0.0073
n30_graph1,30,0.2,0.2,1.8,insects,4,91.800306,nan,nan,3.194214e-01,0.0367
n30_graph1,30,0.2,0.2,1.8,insects,6,91.800306,nan,nan,5.405700e-02,0.6885
n30_graph1,30,0.2,0.2,2.5,insects,2,127.500003,nan,nan,7.876198e-01,0.0096
n30_graph1,30,0.2,0.2,2.5,insects,4,127.500003,nan,nan,6.395565e-02,0.0339
n30_graph1,30,0.2,0.2,2.5,insects,6,127.500003,nan,nan,6.182469e-03,0.7828
n30_graph1,30,0.2,0.2,5.0,insects,2,255.000000,nan,nan,2.866721e-02,0.0114
n30_graph1,30,0.2,0.2,5.0,insects,4,255.000000,nan,nan,3.150349e-04,0.0448
n30_graph1,30,0.2,0.2,5.0,insects,6,255.000000,nan,nan,4.121476e-06,0.7925
n30_graph1,30,0.5,0.5,0.1,insects,2,22.656316,nan,nan,7.784764e+01,0.0084
n30_graph1,30,0.5,0.5,0.1,insects,4,20.586108,nan,nan,3.824175e+01,0.0366
n30_graph1,30,0.5,0.5,0.1,insects,6,21.268072,nan,nan,2.236407e+01,0.7577
n30_graph1,30,0.5,0.5,0.2,insects,2,21.839393,nan,nan,3.027605e+01,0.0123
n30_graph1,30,0.5,0.5,0.2,insects,4,22.271583,nan,nan,1.217679e+01,0.0601
n30_graph1,30,0.5,0.5,0.2,insects,6,21.952562,nan,nan,5.830245e+00,0.6861
n30_graph1,30,0.5,0.5,0.3,insects,2,23.014376,nan,nan,1.568666e+01,0.0082
n30_graph1,30,0.5,0.5,0.3,insects,4,23.766580,nan,nan,5.165413e+00,0.0303
n30_graph1,30,0.5,0.5,0.3,insects,6,23.839690,nan,nan,2.024885e+00,0.6199
n30_graph1,30,0.5,0.5,0.5,insects,2,31.154416,nan,nan,5.670840e+00,0.0071
n30_graph1,30,0.5,0.5,0.5,insects,4,31.284713,nan,nan,1.251711e+00,0.0281
n30_graph1,30,0.5,0.5,0.5,insects,6,31.308855,nan,nan,3.289134e-01,0.6149
n30_graph1,30,0.5,0.5,0.8,insects,2,48.125211,nan,nan,1.647407e+00,0.0077
n30_graph1,30,0.5,0.5,0.8,insects,4,48.128971,nan,nan,1.995635e-01,0.0317
n30_graph1,30,0.5,0.5,0.8,insects,6,48.129185,nan,nan,2.877941e-02,0.5912
n30_graph1,30,0.5,0.5,1.0,insects,2,60.029350,nan,nan,7.876198e-01,0.0079
n30_graph1,30,0.5,0.5,1.0,insects,4,60.029703,nan,nan,6.395565e-02,0.0288
n30_graph1,30,0.5,0.5,1.0,insects,6,60.029710,nan,nan,6.182469e-03,0.5966
n30_graph1,30,0.5,0.5,1.3,insects,2,78.003451,nan,nan,2.782515e-01,0.0076
n30_graph1,30,0.5,0.5,1.3,insects,4,78.003464,nan,nan,1.240004e-02,0.0330
n30_graph1,30,0.5,0.5,1.3,insects,6,78.003464,nan,nan,6.578538e-04,0.6064
n30_graph1,30,0.5,0.5,1.8,insects,2,108.000102,nan,nan,5.411016e-02,0.0072
n30_graph1,30,0.5,0.5,1.8,insects,4,108.000102,nan,nan,8.870946e-04,0.0296
n30_graph1,30,0.5,0.5,1.8,insects,6,108.000102,nan,nan,1.731338e-05,0.5964
n30_graph1,30,0.5,0.5,2.5,insects,2,150.000001,nan,nan,6.025442e-03,0.0090
n30_graph1,30,0.5,0.5,2.5,insects,4,150.000001,nan,nan,2.435947e-05,0.0325
n30_graph1,30,0.5,0.5,2.5,insects,6,150.000001,nan,nan,1.172377e-07,0.6124
n30_graph1,30,0.5,0.5,5.0,insects,2,300.000000,nan,nan,3.079775e-06,0.0073
n30_graph1,30,0.5,0.5,5.0,insects,4,300.000000,nan,nan,8.389293e-11,0.0315
n30_graph1,30,0.5,0.5,5.0,insects,6,300.000000,nan,nan,2.720524e-15,0.5970
n30_graph1,30,1.0,1.0,0.1,insects,2,22.419817,nan,nan,3.027605e+01,0.0078
n30_graph1,30,1.0,1.0,0.1,insects,4,20.925283,nan,nan,1.217679e+01,0.0304
n30_graph1,30,1.0,1.0,0.1,insects,6,21.324282,nan,nan,5.830245e+00,0.6014
n30_graph1,30,1.0,1.0,0.2,insects,2,22.693471,nan,nan,9.135958e+00,0.0085
n30_graph1,30,1.0,1.0,0.2,insects,4,22.942442,nan,nan,2.463030e+00,0.0329
n30_graph1,30,1.0,1.0,0.2,insects,6,22.832508,nan,nan,7.905077e-01,0.6794
n30_graph1,30,1.0,1.0,0.3,insects,2,25.957321,nan,nan,3.663634e+00,0.0087
n30_graph1,30,1.0,1.0,0.3,insects,4,26.241572,nan,nan,6.620792e-01,0.0411
n30_graph1,30,1.0,1.0,0.3,insects,6,26.257301,nan,nan,1.424389e-01,0.6637
n30_graph1,30,1.0,1.0,0.5,insects,2,38.140885,nan,nan,7.876198e-01,0.0072
n30_graph1,30,1.0,1.0,0.5,insects,4,38.166665,nan,nan,6.395565e-02,0.0303
n30_graph1,30,1.0,1.0,0.5,insects,6,38.168396,nan,nan,6.182469e-03,0.6151
n30_graph1,30,1.0,1.0,0.8,insects,2,60.052729,nan,nan,1.031163e-01,0.0064
n30_graph1,30,1.0,1.0,0.8,insects,4,60.053036,nan,nan,2.521948e-03,0.0305
n30_graph1,30,1.0,1.0,0.8,insects,6,60.053039,nan,nan,7.342870e-05,0.6408
n30_graph1,30,1.0,1.0,1.0,insects,2,75.010334,nan,nan,2.866721e-02,0.0080
n30_graph1,30,1.0,1.0,1.0,insects,4,75.010350,nan,nan,3.150349e-04,0.0340
n30_graph1,30,1.0,1.0,1.0,insects,6,75.010350,nan,nan,4.121476e-06,0.6542
n30_graph1,30,1.0,1.0,1.3,insects,2,97.500920,nan,nan,4.426091e-03,0.0077
n30_graph1,30,1.0,1.0,1.3,insects,4,97.500921,nan,nan,1.465009e-05,0.0328
n30_graph1,30,1.0,1.0,1.3,insects,6,97.500921,nan,nan,5.772727e-08,0.6560
n30_graph1,30,1.0,1.0,1.8,insects,2,135.000017,nan,nan,2.097255e-04,0.0072
n30_graph1,30,1.0,1.0,1.8,insects,4,135.000017,nan,nan,9.394686e-08,0.0317
n30_graph1,30,1.0,1.0,1.8,insects,6,135.000017,nan,nan,5.009956e-11,0.6859
n30_graph1,30,1.0,1.0,2.5,insects,2,187.500000,nan,nan,3.079775e-06,0.0092
n30_graph1,30,1.0,1.0,2.5,insects,4,187.500000,nan,nan,8.389293e-11,0.0317
n30_graph1,30,1.0,1.0,2.5,insects,6,187.500000,nan,nan,2.720524e-15,0.6631
n30_graph1,30,1.0,1.0,5.0,insects,2,375.000000,nan,nan,9.358048e-13,0.0097
n30_graph1,30,1.0,1.0,5.0,insects,4,375.000000,nan,nan,1.157302e-21,0.0322
n30_graph1,30,1.0,1.0,5.0,insects,6,375.000000,nan,nan,1.703842e-30,0.6370
n40_graph0,40,0.0,0.025,0.1,insects,2,30.778679,nan,nan,2.633538e+03,0.0093
n40_graph0,40,0.0,0.025,0.1,insects,4,26.960914,nan,nan,1.564400e+03,0.0329
n40_graph0,40,0.0,0.025,0.1,insects,6,28.552529,nan,nan,1.106310e+03,0.5778
n40_graph0,40,0.0,0.025,0.2,insects,2,28.888084,nan,nan,1.300408e+03,0.0068
n40_graph0,40,0.0,0.025,0.2,insects,4,29.867678,nan,nan,7.647948e+02,0.0303
n40_graph0,40,0.0,0.025,0.2,insects,6,28.637142,nan,nan,5.354649e+02,0.5887
n40_graph0,40,0.0,0.025,0.3,insects,2,27.974432,nan,nan,8.561648e+02,0.0067
n40_graph0,40,0.0,0.025,0.3,insects,4,30.641509,nan,nan,4.985168e+02,0.0318
n40_graph0,40,0.0,0.025,0.3,insects,6,30.985815,nan,nan,3.455596e+02,0.7349
n40_graph0,40,0.0,0.025,0.5,insects,2,33.299026,nan,nan,5.010073e+02,0.0072
n40_graph0,40,0.0,0.025,0.5,insects,4,34.226301,nan,nan,2.859437e+02,0.0320
n40_graph0,40,0.0,0.025,0.5,insects,6,34.653950,nan,nan,1.942843e+02,0.5973
n40_graph0,40,0.0,0.025,0.8,insects,2,49.203309,nan,nan,3.015924e+02,0.0081
n40_graph0,40,0.0,0.025,0.8,insects,4,49.278346,nan,nan,1.670429e+02,0.0339
n40_graph0,40,0.0,0.025,0.8,insects,6,49.297074,nan,nan,1.101429e+02,0.5835
n40_graph0,40,0.0,0.025,1.0,insects,2,61.112082,nan,nan,2.353080e+02,0.0066
n40_graph0,40,0.0,0.025,1.0,insects,4,61.126325,nan,nan,1.277493e+02,0.0293
n40_graph0,40,0.0,0.025,1.0,insects,6,61.128237,nan,nan,8.256595e+01,0.5666
n40_graph0,40,0.0,0.025,1.3,insects,2,79.316950,nan,nan,1.743316e+02,0.0066
n40_graph0,40,0.0,0.025,1.3,insects,4,79.318426,nan,nan,9.184786e+01,0.0295
n40_graph0,40,0.0,0.025,1.3,insects,6,79.318495,nan,nan,5.760799e+01,0.5637
n40_graph0,40,0.0,0.025,1.8,insects,2,109.800774,nan,nan,1.182588e+02,0.0070
n40_graph0,40,0.0,0.025,1.8,insects,4,109.800826,nan,nan,5.926682e+01,0.0296
n40_graph0,40,0.0,0.025,1.8,insects,6,109.800826,nan,nan,3.535987e+01,0.5698
n40_graph0,40,0.0,0.025,2.5,insects,2,152.500011,nan,nan,7.798822e+01,0.0067
n40_graph0,40,0.0,0.025,2.5,insects,4,152.500012,nan,nan,3.644237e+01,0.0298
n40_graph0,40,0.0,0.025,2.5,insects,6,152.500012,nan,nan,2.027239e+01,0.5933
n40_graph0,40,0.0,0.025,5.0,insects,2,305.000000,nan,nan,2.847307e+01,0.0066
n40_graph0,40,0.0,0.025,5.0,insects,4,305.000000,nan,nan,1.036187e+01,0.0294
n40_graph0,40,0.0,0.025,5.0,insects,6,305.000000,nan,nan,4.489139e+00,0.5633
n40_graph0,40,0.1,0.1,0.1,insects,2,30.669671,nan,nan,6.341424e+02,0.0066
n40_graph0,40,0.1,0.1,0.1,insects,4,27.036454,nan,nan,3.655664e+02,0.0294
n40_graph0,40,0.1,0.1,0.1,insects,6,28.504739,nan,nan,2.508802e+02,0.5916
n40_graph0,40,0.1,0.1,0.2,insects,2,28.858349,nan,nan,3.015924e+02,0.0066
n40_graph0,40,0.1,0.1,0.2,insects,4,29.764433,nan,nan,1.670429e+02,0.0302
n40_graph0,40,0.1,0.1,0.2,insects,6,28.717166,nan,nan,1.101429e+02,0.5745
n40_graph0,40,0.1,0.1,0.3,insects,2,28.315764,nan,nan,1.912398e+02,0.0067
n40_graph0,40,0.1,0.1,0.3,insects,4,30.612940,nan,nan,1.017687e+02,0.0300
n40_graph0,40,0.1,0.1,0.3,insects,6,30.886954,nan,nan,6.447194e+01,0.6428
n40_graph0,40,0.1,0.1,0.5,insects,2,34.539348,nan,nan,1.037969e+02,0.0067
n40_graph0,40,0.1,0.1,0.5,insects,4,35.258841,nan,nan,5.098900e+01,0.0295
n40_graph0,40,0.1,0.1,0.5,insects,6,35.543852,nan,nan,2.981876e+01,0.5656
n40_graph0,40,0.1,0.1,0.8,insects,2,51.548975,nan,nan,5.580046e+01,0.0066
n40_graph0,40,0.1,0.1,0.8,insects,4,51.599413,nan,nan,2.431167e+01,0.0296
n40_graph0,40,0.1,0.1,0.8,insects,6,51.609287,nan,nan,1.260993e+01,0.5637
n40_graph0,40,0.1,0.1,1.0,insects,2,64.094340,nan,nan,4.036806e+01,0.0066
n40_graph0,40,0.1,0.1,1.0,insects,4,64.103088,nan,nan,1.623571e+01,0.0297
n40_graph0,40,0.1,0.1,1.0,insects,6,64.103956,nan,nan,7.773660e+00,0.5625
n40_graph0,40,0.1,0.1,1.3,insects,2,83.213715,nan,nan,2.669632e+01,0.0069
n40_graph0,40,0.1,0.1,1.3,insects,4,83.214511,nan,nan,9.522907e+00,0.0300
n40_graph0,40,0.1,0.1,1.3,insects,6,83.214537,nan,nan,4.043974e+00,0.5708
n40_graph0,40,0.1,0.1,1.8,insects,2,115.200586,nan,nan,1.497713e+01,0.0066
n40_graph0,40,0.1,0.1,1.8,insects,4,115.200608,nan,nan,4.374090e+00,0.0293
n40_graph0,40,0.1,0.1,1.8,insects,6,115.200608,nan,nan,1.520785e+00,0.5596
n40_graph0,40,0.1,0.1,2.5,insects,2,160.000007,nan,nan,7.561120e+00,0.0064
n40_graph0,40,0.1,0.1,2.5,insects,4,160.000008,nan,nan,1.668948e+00,0.0282
n40_graph0,40,0.1,0.1,2.5,insects,6,160.000008,nan,nan,4.385513e-01,0.5452
n40_graph0,40,0.1,0.1,5.0,insects,2,320.000000,nan,nan,1.050160e+00,0.0065
n40_graph0,40,0.1,0.1,5.0,insects,4,320.000000,nan,nan,8.527420e-02,0.0287
n40_graph0,40,0.1,0.1,5.0,insects,6,320.000000,nan,nan,8.243292e-03,0.5435
n40_graph0,40,0.2,0.2,0.1,insects,2,30.535688,nan,nan,3.015924e+02,0.0067
n40_graph0,40,0.2,0.2,0.1,insects,4,27.134481,nan,nan,1.670429e+02,0.0288
n40_graph0,40,0.2,0.2,0.1,insects,6,28.453171,nan,nan,1.101429e+02,0.5473
n40_graph0,40,0.2,0.2,0.2,insects,2,28.859805,nan,nan,1.364187e+02,0.0064
n40_graph0,40,0.2,0.2,0.2,insects,4,29.675763,nan,nan,6.974903e+01,0.0285
n40_graph0,40,0.2,0.2,0.2,insects,6,28.830841,nan,nan,4.245443e+01,0.5641
n40_graph0,40,0.2,0.2,0.3,insects,2,28.826467,nan,nan,8.226377e+01,0.0063
n40_graph0,40,0.2,0.2,0.3,insects,4,30.710257,nan,nan,3.882658e+01,0.0285
n40_graph0,40,0.2,0.2,0.3,insects,6,30.912389,nan,nan,2.181577e+01,0.5529
n40_graph0,40,0.2,0.2,0.5,insects,2,36.234204,nan,nan,4.036806e+01,0.0064
n40_graph0,40,0.2,0.2,0.5,insects,4,36.748253,nan,nan,1.623571e+01,0.0284
n40_graph0,40,0.2,0.2,0.5,insects,6,36.914520,nan,nan,7.773660e+00,0.5463
n40_graph0,40,0.2,0.2,0.8,insects,2,54.688751,nan,nan,1.864240e+01,0.0064
n40_graph0,40,0.2,0.2,0.8,insects,4,54.718589,nan,nan,5.897997e+00,0.0289
n40_graph0,40,0.2,0.2,0.8,insects,6,54.722815,nan,nan,2.221407e+00,0.5444
n40_graph0,40,0.2,0.2,1.0,insects,2,68.075285,nan,nan,1.218128e+01,0.0065
n40_graph0,40,0.2,0.2,1.0,insects,4,68.079882,nan,nan,3.284040e+00,0.0286
n40_graph0,40,0.2,0.2,1.0,insects,6,68.080187,nan,nan,1.054010e+00,0.5455
n40_graph0,40,0.2,0.2,1.3,insects,2,88.410384,nan,nan,6.909880e+00,0.0064
n40_graph0,40,0.2,0.2,1.3,insects,4,88.410737,nan,nan,1.465398e+00,0.0286
n40_graph0,40,0.2,0.2,1.3,insects,6,88.410744,nan,nan,3.699655e-01,0.5624
n40_graph0,40,0.2,0.2,1.8,insects,2,122.400405,nan,nan,2.995957e+00,0.0064
n40_graph0,40,0.2,0.2,1.8,insects,4,122.400413,nan,nan,4.258953e-01,0.0284
n40_graph0,40,0.2,0.2,1.8,insects,6,122.400413,nan,nan,7.207601e-02,0.5799
n40_graph0,40,0.2,0.2,2.5,insects,2,170.000005,nan,nan,1.050160e+00,0.0065
n40_graph0,40,0.2,0.2,2.5,insects,4,170.000005,nan,nan,8.527420e-02,0.0293
n40_graph0,40,0.2,0.2,2.5,insects,6,170.000005,nan,nan,8.243292e-03,0.5597
n40_graph0,40,0.2,0.2,5.0,insects,2,340.000000,nan,nan,3.822294e-02,0.0066
n40_graph0,40,0.2,0.2,5.0,insects,4,340.000000,nan,nan,4.200466e-04,0.0287
n40_graph0,40,0.2,0.2,5.0,insects,6,340.000000,nan,nan,5.495301e-06,0.5567
n40_graph0,40,0.5,0.5,0.1,insects,2,30.208422,nan,nan,1.037969e+02,0.0066
n40_graph0,40,0.5,0.5,0.1,insects,4,27.416685,nan,nan,5.098900e+01,0.0287
n40_graph0,40,0.5,0.5,0.1,insects,6,28.372516,nan,nan,2.981876e+01,0.5546
n40_graph0,40,0.5,0.5,0.2,insects,2,29.119191,nan,nan,4.036806e+01,0.0073
n40_graph0,40,0.5,0.5,0.2,insects,4,29.712310,nan,nan,1.623571e+01,0.0300
n40_graph0,40,0.5,0.5,0.2,insects,6,29.267627,nan,nan,7.773660e+00,0.5515
n40_graph0,40,0.5,0.5,0.3,insects,2,30.685835,nan,nan,2.091555e+01,0.0067
n40_graph0,40,0.5,0.5,0.3,insects,4,31.729320,nan,nan,6.887217e+00,0.0303
n40_graph0,40,0.5,0.5,0.3,insects,6,31.810566,nan,nan,2.699846e+00,0.5555
n40_graph0,40,0.5,0.5,0.5,insects,2,41.539222,nan,nan,7.561120e+00,0.0074
n40_graph0,40,0.5,0.5,0.5,insects,4,41.729217,nan,nan,1.668948e+00,0.0306
n40_graph0,40,0.5,0.5,0.5,insects,6,41.762686,nan,nan,4.385513e-01,0.5611
n40_graph0,40,0.5,0.5,0.8,insects,2,64.166948,nan,nan,2.196543e+00,0.0067
n40_graph0,40,0.5,0.5,0.8,insects,4,64.173303,nan,nan,2.660847e-01,0.0291
n40_graph0,40,0.5,0.5,0.8,insects,6,64.173645,nan,nan,3.837255e-02,0.5500
n40_graph0,40,0.5,0.5,1.0,insects,2,80.039133,nan,nan,1.050160e+00,0.0063
n40_graph0,40,0.5,0.5,1.0,insects,4,80.039823,nan,nan,8.527420e-02,0.0286
n40_graph0,40,0.5,0.5,1.0,insects,6,80.039837,nan,nan,8.243292e-03,0.5561
n40_graph0,40,0.5,0.5,1.3,insects,2,104.004601,nan,nan,3.710020e-01,0.0063
n40_graph0,40,0.5,0.5,1.3,insects,4,104.004633,nan,nan,1.653339e-02,0.0287
n40_graph0,40,0.5,0.5,1.3,insects,6,104.004633,nan,nan,8.771384e-04,0.5566
n40_graph0,40,0.5,0.5,1.8,insects,2,144.000136,nan,nan,7.214688e-02,0.0068
n40_graph0,40,0.5,0.5,1.8,insects,4,144.000136,nan,nan,1.182793e-03,0.0345
n40_graph0,40,0.5,0.5,1.8,insects,6,144.000136,nan,nan,2.308450e-05,0.5685
n40_graph0,40,0.5,0.5,2.5,insects,2,200.000001,nan,nan,8.033923e-03,0.0070
n40_graph0,40,0.5,0.5,2.5,insects,4,200.000001,nan,nan,3.247929e-05,0.0292
n40_graph0,40,0.5,0.5,2.5,insects,6,200.000001,nan,nan,1.563169e-07,0.5584
n40_graph0,40,0.5,0.5,5.0,insects,2,400.000000,nan,nan,4.106366e-06,0.0065
n40_graph0,40,0.5,0.5,5.0,insects,4,400.000000,nan,nan,1.118572e-10,0.0286
n40_graph0,40,0.5,0.5,5.0,insects,6,400.000000,nan,nan,3.627365e-15,0.5514
n40_graph0,40,1.0,1.0,0.1,insects,2,29.893090,nan,nan,4.036806e+01,0.0063
n40_graph0,40,1.0,1.0,0.1,insects,4,27.881001,nan,nan,1.623571e+01,0.0284
n40_graph0,40,1.0,1.0,0.1,insects,6,28.441066,nan,nan,7.773660e+00,0.5635
n40_graph0,40,1.0,1.0,0.2,insects,2,30.257962,nan,nan,1.218128e+01,0.0065
n40_graph0,40,1.0,1.0,0.2,insects,4,30.602078,nan,nan,3.284040e+00,0.0290
n40_graph0,40,1.0,1.0,0.2,insects,6,30.448436,nan,nan,1.054010e+00,0.5535
n40_graph0,40,1.0,1.0,0.3,insects,2,34.609762,nan,nan,4.884845e+00,0.0103
n40_graph0,40,1.0,1.0,0.3,insects,4,35.005003,nan,nan,8.827722e-01,0.0347
n40_graph0,40,1.0,1.0,0.3,insects,6,35.022857,nan,nan,1.899185e-01,0.5644
n40_graph0,40,1.0,1.0,0.5,insects,2,50.854514,nan,nan,1.050160e+00,0.0064
n40_graph0,40,1.0,1.0,0.5,insects,4,50.892139,nan,nan,8.527420e-02,0.0285
n40_graph0,40,1.0,1.0,0.5,insects,6,50.894551,nan,nan,8.243292e-03,0.5635
n40_graph0,40,1.0,1.0,0.8,insects,2,80.070305,nan,nan,1.374884e-01,0.0064
n40_graph0,40,1.0,1.0,0.8,insects,4,80.070824,nan,nan,3.362598e-03,0.0294
n40_graph0,40,1.0,1.0,0.8,insects,6,80.070829,nan,nan,9.790493e-05,0.5554
n40_graph0,40,1.0,1.0,1.0,insects,2,100.013778,nan,nan,3.822294e-02,0.0072
n40_graph0,40,1.0,1.0,1.0,insects,4,100.013810,nan,nan,4.200466e-04,0.0301
n40_graph0,40,1.0,1.0,1.0,insects,6,100.013810,nan,nan,5.495301e-06,0.5639
n40_graph0,40,1.0,1.0,1.3,insects,2,130.001227,nan,nan,5.901455e-03,0.0072
n40_graph0,40,1.0,1.0,1.3,insects,4,130.001228,nan,nan,1.953345e-05,0.0302
n40_graph0,40,1.0,1.0,1.3,insects,6,130.001228,nan,nan,7.696969e-08,0.5641
n40_graph0,40,1.0,1.0,1.8,insects,2,180.000022,nan,nan,2.796340e-04,0.0064
n40_graph0,40,1.0,1.0,1.8,insects,4,180.000022,nan,nan,1.252625e-07,0.0285
n40_graph0,40,1.0,1.0,1.8,insects,6,180.000022,nan,nan,6.679942e-11,0.5463
n40_graph0,40,1.0,1.0,2.5,insects,2,250.000000,nan,nan,4.106366e-06,0.0064
n40_graph0,40,1.0,1.0,2.5,insects,4,250.000000,nan,nan,1.118572e-10,0.0283
n40_graph0,40,1.0,1.0,2.5,insects,6,250.000000,nan,nan,3.627365e-15,0.5445
n40_graph0,40,1.0,1.0,5.0,insects,2,500.000000,nan,nan,1.247740e-12,0.0068
n40_graph0,40,1.0,1.0,5.0,insects,4,500.000000,nan,nan,1.543070e-21,0.0298
n40_graph0,40,1.0,1.0,5.0,insects,6,500.000000,nan,nan,2.271789e-30,0.5447
n40_graph1,40,0.0,0.025,0.1,insects,2,30.778679,nan,nan,2.633538e+03,0.0072
n40_graph1,40,0.0,0.025,0.1,insects,4,27.061998,nan,nan,1.564400e+03,0.0296
n40_graph1,40,0.0,0.025,0.1,insects,6,28.532197,nan,nan,1.106310e+03,0.5661
n40_graph1,40,0.0,0.025,0.2,insects,2,28.888084,nan,nan,1.300408e+03,0.0072
n40_graph1,40,0.0,0.025,0.2,insects,4,29.876212,nan,nan,7.647948e+02,0.0305
n40_graph1,40,0.0,0.025,0.2,insects,6,28.642249,nan,nan,5.354649e+02,0.5802
n40_graph1,40,0.0,0.025,0.3,insects,2,27.974432,nan,nan,8.561648e+02,0.0067
n40_graph1,40,0.0,0.025,0.3,insects,4,30.515553,nan,nan,4.985168e+02,0.0292
n40_graph1,40,0.0,0.025,0.3,insects,6,30.943830,nan,nan,3.455596e+02,0.5672
n40_graph1,40,0.0,0.025,0.5,insects,2,33.299026,nan,nan,5.010073e+02,0.0074
n40_graph1,40,0.0,0.025,0.5,insects,4,34.107238,nan,nan,2.859437e+02,0.0300
n40_graph1,40,0.0,0.025,0.5,insects,6,34.519669,nan,nan,1.942843e+02,0.5691
n40_graph1,40,0.0,0.025,0.8,insects,2,49.203309,nan,nan,3.015924e+02,0.0073
n40_graph1,40,0.0,0.025,0.8,insects,4,49.252743,nan,nan,1.670429e+02,0.0305
n40_graph1,40,0.0,0.025,0.8,insects,6,49.267956,nan,nan,1.101429e+02,0.5875
n40_graph1,40,0.0,0.025,1.0,insects,2,61.112082,nan,nan,2.353080e+02,0.0067
n40_graph1,40,0.0,0.025,1.0,insects,4,61.118825,nan,nan,1.277493e+02,0.0291
n40_graph1,40,0.0,0.025,1.0,insects,6,61.120201,nan,nan,8.256595e+01,0.5681
n40_graph1,40,0.0,0.025,1.3,insects,2,79.316950,nan,nan,1.743316e+02,0.0073
n40_graph1,40,0.0,0.025,1.3,insects,4,79.317296,nan,nan,9.184786e+01,0.0300
n40_graph1,40,0.0,0.025,1.3,insects,6,79.317339,nan,nan,5.760799e+01,0.5759
n40_graph1,40,0.0,0.025,1.8,insects,2,109.800774,nan,nan,1.182588e+02,0.0069
n40_graph1,40,0.0,0.025,1.8,insects,4,109.800777,nan,nan,5.926682e+01,0.0294
n40_graph1,40,0.0,0.025,1.8,insects,6,109.800777,nan,nan,3.535987e+01,0.5551
n40_graph1,40,0.0,0.025,2.5,insects,2,152.500011,nan,nan,7.798822e+01,0.0066
n40_graph1,40,0.0,0.025,2.5,insects,4,152.500011,nan,nan,3.644237e+01,0.0284
n40_graph1,40,0.0,0.025,2.5,insects,6,152.500011,nan,nan,2.027239e+01,0.5533
n40_graph1,40,0.0,0.025,5.0,insects,2,305.000000,nan,nan,2.847307e+01,0.0065
n40_graph1,40,0.0,0.025,5.0,insects,4,305.000000,nan,nan,1.036187e+01,0.0290
n40_graph1,40,0.0,0.025,5.0,insects,6,305.000000,nan,nan,4.489139e+00,0.5515
n40_graph1,40,0.1,0.1,0.1,insects,2,30.669671,nan,nan,6.341424e+02,0.0066
n40_graph1,40,0.1,0.1,0.1,insects,4,27.130824,nan,nan,3.655664e+02,0.0286
n40_graph1,40,0.1,0.1,0.1,insects,6,28.485790,nan,nan,2.508802e+02,0.5517
n40_graph1,40,0.1,0.1,0.2,insects,2,28.858349,nan,nan,3.015924e+02,0.0065
n40_graph1,40,0.1,0.1,0.2,insects,4,29.768046,nan,nan,1.670429e+02,0.0282
n40_graph1,40,0.1,0.1,0.2,insects,6,28.718788,nan,nan,1.101429e+02,0.5702
n40_graph1,40,0.1,0.1,0.3,insects,2,28.315764,nan,nan,1.912398e+02,0.0071
n40_graph1,40,0.1,0.1,0.3,insects,4,30.501513,nan,nan,1.017687e+02,0.0298
n40_graph1,40,0.1,0.1,0.3,insects,6,30.841420,nan,nan,6.447194e+01,0.5548
n40_graph1,40,0.1,0.1,0.5,insects,2,34.539348,nan,nan,1.037969e+02,0.0075
n40_graph1,40,0.1,0.1,0.5,insects,4,35.165468,nan,nan,5.098900e+01,0.0293
n40_graph1,40,0.1,0.1,0.5,insects,6,35.440233,nan,nan,2.981876e+01,0.5437
n40_graph1,40,0.1,0.1,0.8,insects,2,51.548975,nan,nan,5.580046e+01,0.0063
n40_graph1,40,0.1,0.1,0.8,insects,4,51.582046,nan,nan,2.431167e+01,0.0278
n40_graph1,40,0.1,0.1,0.8,insects,6,51.590057,nan,nan,1.260993e+01,0.5371
n40_graph1,40,0.1,0.1,1.0,insects,2,64.094340,nan,nan,4.036806e+01,0.0065
n40_graph1,40,0.1,0.1,1.0,insects,4,64.098434,nan,nan,1.623571e+01,0.0278
n40_graph1,40,0.1,0.1,1.0,insects,6,64.099058,nan,nan,7.773660e+00,0.5420
n40_graph1,40,0.1,0.1,1.3,insects,2,83.213715,nan,nan,2.669632e+01,0.0102
n40_graph1,40,0.1,0.1,1.3,insects,4,83.213895,nan,nan,9.522907e+00,0.0314
n40_graph1,40,0.1,0.1,1.3,insects,6,83.213911,nan,nan,4.043974e+00,0.5404
n40_graph1,40,0.1,0.1,1.8,insects,2,115.200586,nan,nan,1.497713e+01,0.0063
n40_graph1,40,0.1,0.1,1.8,insects,4,115.200587,nan,nan,4.374090e+00,0.0274
n40_graph1,40,0.1,0.1,1.8,insects,6,115.200587,nan,nan,1.520785e+00,0.5362
n40_graph1,40,0.1,0.1,2.5,insects,2,160.000007,nan,nan,7.561120e+00,0.0063
n40_graph1,40,0.1,0.1,2.5,insects,4,160.000007,nan,nan,1.668948e+00,0.0276
n40_graph1,40,0.1,0.1,2.5,insects,6,160.000007,nan,nan,4.385513e-01,0.5353
n40_graph1,40,0.1,0.1,5.0,insects,2,320.000000,nan,nan,1.050160e+00,0.0069
n40_graph1,40,0.1,0.1,5.0,insects,4,320.000000,nan,nan,8.527420e-02,0.0290
n40_graph1,40,0.1,0.1,5.0,insects,6,320.000000,nan,nan,8.243292e-03,0.5518
n40_graph1,40,0.2,0.2,0.1,insects,2,30.535688,nan,nan,3.015924e+02,0.0082
n40_graph1,40,0.2,0.2,0.1,insects,4,27.220560,nan,nan,1.670429e+02,0.0336
n40_graph1,40,0.2,0.2,0.1,insects,6,28.435911,nan,nan,1.101429e+02,0.5806
n40_graph1,40,0.2,0.2,0.2,insects,2,28.859805,nan,nan,1.364187e+02,0.0063
n40_graph1,40,0.2,0.2,0.2,insects,4,29.674189,nan,nan,6.974903e+01,0.0270
n40_graph1,40,0.2,0.2,0.2,insects,6,28.828646,nan,nan,4.245443e+01,0.5200
n40_graph1,40,0.2,0.2,0.3,insects,2,28.826467,nan,nan,8.226377e+01,0.0066
n40_graph1,40,0.2,0.2,0.3,insects,4,30.615730,nan,nan,3.882658e+01,0.0273
n40_graph1,40,0.2,0.2,0.3,insects,6,30.865590,nan,nan,2.181577e+01,0.5225
n40_graph1,40,0.2,0.2,0.5,insects,2,36.234204,nan,nan,4.036806e+01,0.0063
n40_graph1,40,0.2,0.2,0.5,insects,4,36.680621,nan,nan,1.623571e+01,0.0272
n40_graph1,40,0.2,0.2,0.5,insects,6,36.840830,nan,nan,7.773660e+00,0.5280
n40_graph1,40,0.2,0.2,0.8,insects,2,54.688751,nan,nan,1.864240e+01,0.0069
n40_graph1,40,0.2,0.2,0.8,insects,4,54.708198,nan,nan,5.897997e+00,0.0290
n40_graph1,40,0.2,0.2,0.8,insects,6,54.711622,nan,nan,2.221407e+00,0.5196
n40_graph1,40,0.2,0.2,1.0,insects,2,68.075285,nan,nan,1.218128e+01,0.0067
n40_graph1,40,0.2,0.2,1.0,insects,4,68.077406,nan,nan,3.284040e+00,0.0274
n40_graph1,40,0.2,0.2,1.0,insects,6,68.077625,nan,nan,1.054010e+00,0.5144
n40_graph1,40,0.2,0.2,1.3,insects,2,88.410384,nan,nan,6.909880e+00,0.0061
n40_graph1,40,0.2,0.2,1.3,insects,4,88.410461,nan,nan,1.465398e+00,0.0261
n40_graph1,40,0.2,0.2,1.3,insects,6,88.410465,nan,nan,3.699655e-01,0.5362
n40_graph1,40,0.2,0.2,1.8,insects,2,122.400405,nan,nan,2.995957e+00,0.0064
n40_graph1,40,0.2,0.2,1.8,insects,4,122.400405,nan,nan,4.258953e-01,0.0272
n40_graph1,40,0.2,0.2,1.8,insects,6,122.400405,nan,nan,7.207601e-02,0.5051
n40_graph1,40,0.2,0.2,2.5,insects,2,170.000005,nan,nan,1.050160e+00,0.0064
n40_graph1,40,0.2,0.2,2.5,insects,4,170.000005,nan,nan,8.527420e-02,0.0274
n40_graph1,40,0.2,0.2,2.5,insects,6,170.000005,nan,nan,8.243292e-03,0.5053
n40_graph1,40,0.2,0.2,5.0,insects,2,340.000000,nan,nan,3.822294e-02,0.0062
n40_graph1,40,0.2,0.2,5.0,insects,4,340.000000,nan,nan,4.200466e-04,0.0269
n40_graph1,40,0.2,0.2,5.0,insects,6,340.000000,nan,nan,5.495301e-06,0.5047
n40_graph1,40,0.5,0.5,0.1,insects,2,30.208422,nan,nan,1.037969e+02,0.0060
n40_graph1,40,0.5,0.5,0.1,insects,4,27.481852,nan,nan,5.098900e+01,0.0259
n40_graph1,40,0.5,0.5,0.1,insects,6,28.359414,nan,nan,2.981876e+01,0.5174
n40_graph1,40,0.5,0.5,0.2,insects,2,29.119191,nan,nan,4.036806e+01,0.0060
n40_graph1,40,0.5,0.5,0.2,insects,4,29.701972,nan,nan,1.623571e+01,0.0260
n40_graph1,40,0.5,0.5,0.2,insects,6,29.258484,nan,nan,7.773660e+00,0.5028
n40_graph1,40,0.5,0.5,0.3,insects,2,30.685835,nan,nan,2.091555e+01,0.0061
n40_graph1,40,0.5,0.5,0.3,insects,4,31.671975,nan,nan,6.887217e+00,0.0261
n40_graph1,40,0.5,0.5,0.3,insects,6,31.771449,nan,nan,2.699846e+00,0.5066
n40_graph1,40,0.5,0.5,0.5,insects,2,41.539222,nan,nan,7.561120e+00,0.0064
n40_graph1,40,0.5,0.5,0.5,insects,4,41.703263,nan,nan,1.668948e+00,0.0271
n40_graph1,40,0.5,0.5,0.5,insects,6,41.735467,nan,nan,4.385513e-01,0.5046
n40_graph1,40,0.5,0.5,0.8,insects,2,64.166948,nan,nan,2.196543e+00,0.0061
n40_graph1,40,0.5,0.5,0.8,insects,4,64.171026,nan,nan,2.660847e-01,0.0266
n40_graph1,40,0.5,0.5,0.8,insects,6,64.171302,nan,nan,3.837255e-02,0.5209
n40_graph1,40,0.5,0.5,1.0,insects,2,80.039133,nan,nan,1.050160e+00,0.0118
n40_graph1,40,0.5,0.5,1.0,insects,4,80.039441,nan,nan,8.527420e-02,0.0355
n40_graph1,40,0.5,0.5,1.0,insects,6,80.039451,nan,nan,8.243292e-03,0.5175
n40_graph1,40,0.5,0.5,1.3,insects,2,104.004601,nan,nan,3.710020e-01,0.0062
n40_graph1,40,0.5,0.5,1.3,insects,4,104.004608,nan,nan,1.653339e-02,0.0265
n40_graph1,40,0.5,0.5,1.3,insects,6,104.004608,nan,nan,8.771384e-04,0.5167
n40_graph1,40,0.5,0.5,1.8,insects,2,144.000136,nan,nan,7.214688e-02,0.0062
n40_graph1,40,0.5,0.5,1.8,insects,4,144.000136,nan,nan,1.182793e-03,0.0263
n40_graph1,40,0.5,0.5,1.8,insects,6,144.000136,nan,nan,2.308450e-05,0.5078
n40_graph1,40,0.5,0.5,2.5,insects,2,200.000001,nan,nan,8.033923e-03,0.0067
n40_graph1,40,0.5,0.5,2.5,insects,4,200.000001,nan,nan,3.247929e-05,0.0274
n40_graph1,40,0.5,0.5,2.5,insects,6,200.000001,nan,nan,1.563169e-07,0.4988
n40_graph1,40,0.5,0.5,5.0,insects,2,400.000000,nan,nan,4.106366e-06,0.0061
n40_graph1,40,0.5,0.5,5.0,insects,4,400.000000,nan,nan,1.118572e-10,0.0265
n40_graph1,40,0.5,0.5,5.0,insects,6,400.000000,nan,nan,3.627365e-15,0.5058
n40_graph1,40,1.0,1.0,0.1,insects,2,29.893090,nan,nan,4.036806e+01,0.0060
n40_graph1,40,1.0,1.0,0.1,insects,4,27.921602,nan,nan,1.623571e+01,0.0264
n40_graph1,40,1.0,1.0,0.1,insects,6,28.432596,nan,nan,7.773660e+00,0.5009
n40_graph1,40,1.0,1.0,0.2,insects,2,30.257962,nan,nan,1.218128e+01,0.0067
n40_graph1,40,1.0,1.0,0.2,insects,4,30.589194,nan,nan,3.284040e+00,0.0273
n40_graph1,40,1.0,1.0,0.2,insects,6,30.436796,nan,nan,1.054010e+00,0.4972
n40_graph1,40,1.0,1.0,0.3,insects,2,34.609762,nan,nan,4.884845e+00,0.0059
n40_graph1,40,1.0,1.0,0.3,insects,4,34.980481,nan,nan,8.827722e-01,0.0261
n40_graph1,40,1.0,1.0,0.3,insects,6,35.002057,nan,nan,1.899185e-01,0.4937
n40_graph1,40,1.0,1.0,0.5,insects,2,50.854514,nan,nan,1.050160e+00,0.0060
n40_graph1,40,1.0,1.0,0.5,insects,4,50.886735,nan,nan,8.527420e-02,0.0255
n40_graph1,40,1.0,1.0,0.5,insects,6,50.889052,nan,nan,8.243292e-03,0.4979
n40_graph1,40,1.0,1.0,0.8,insects,2,80.070305,nan,nan,1.374884e-01,0.0077
n40_graph1,40,1.0,1.0,0.8,insects,4,80.070632,nan,nan,3.362598e-03,0.0299
n40_graph1,40,1.0,1.0,0.8,insects,6,80.070637,nan,nan,9.790493e-05,0.5142
n40_graph1,40,1.0,1.0,1.0,insects,2,100.013778,nan,nan,3.822294e-02,0.0060
n40_graph1,40,1.0,1.0,1.0,insects,4,100.013792,nan,nan,4.200466e-04,0.0256
n40_graph1,40,1.0,1.0,1.0,insects,6,100.013792,nan,nan,5.495301e-06,0.4926
n40_graph1,40,1.0,1.0,1.3,insects,2,130.001227,nan,nan,5.901455e-03,0.0060
n40_graph1,40,1.0,1.0,1.3,insects,4,130.001227,nan,nan,1.953345e-05,0.0256
n40_graph1,40,1.0,1.0,1.3,insects,6,130.001227,nan,nan,7.696969e-08,0.4930
n40_graph1,40,1.0,1.0,1.8,insects,2,180.000022,nan,nan,2.796340e-04,0.0059
n40_graph1,40,1.0,1.0,1.8,insects,4,180.000022,nan,nan,1.252625e-07,0.0262
n40_graph1,40,1.0,1.0,1.8,insects,6,180.000022,nan,nan,6.679942e-11,0.4908
n40_graph1,40,1.0,1.0,2.5,insects,2,250.000000,nan,nan,4.106366e-06,0.0060
n40_graph1,40,1.0,1.0,2.5,insects,4,250.000000,nan,nan,1.118572e-10,0.0260
n40_graph1,40,1.0,1.0,2.5,insects,6,250.000000,nan,nan,3.627365e-15,0.5070
n40_graph1,40,1.0,1.0,5.0,insects,2,500.000000,nan,nan,1.247740e-12,0.0061
n40_graph1,40,1.0,1.0,5.0,insects,4,500.000000,nan,nan,1.543070e-21,0.0260
n40_graph1,40,1.0,1.0,5.0,insects,6,500.000000,nan,nan,2.271789e-30,0.5206
n50_graph0,50,0.0,0.02,0.1,insects,2,38.482762,nan,nan,4.125205e+03,0.0111
n50_graph0,50,0.0,0.02,0.1,insects,4,33.777396,nan,nan,2.455401e+03,0.0435
n50_graph0,50,0.0,0.02,0.1,insects,6,35.654619,nan,nan,1.739883e+03,0.6670
n50_graph0,50,0.0,0.02,0.2,insects,2,36.113803,nan,nan,2.042075e+03,0.0085
n50_graph0,50,0.0,0.02,0.2,insects,4,37.316853,nan,nan,1.205797e+03,0.0397
n50_graph0,50,0.0,0.02,0.2,insects,6,35.819772,nan,nan,8.476128e+02,0.7385
n50_graph0,50,0.0,0.02,0.3,insects,2,34.941280,nan,nan,1.347833e+03,0.0099
n50_graph0,50,0.0,0.02,0.3,insects,4,38.150886,nan,nan,7.895220e+02,0.0405
n50_graph0,50,0.0,0.02,0.3,insects,6,38.684541,nan,nan,5.505708e+02,0.7495
n50_graph0,50,0.0,0.02,0.5,insects,2,41.521715,nan,nan,7.926780e+02,0.0092
n50_graph0,50,0.0,0.02,0.5,insects,4,42.570806,nan,nan,4.569580e+02,0.0379
n50_graph0,50,0.0,0.02,0.5,insects,6,43.084909,nan,nan,3.136003e+02,0.6480
n50_graph0,50,0.0,0.02,0.8,insects,2,61.309066,nan,nan,4.807693e+02,0.0100
n50_graph0,50,0.0,0.02,0.8,insects,4,61.378827,nan,nan,2.705784e+02,0.0380
n50_graph0,50,0.0,0.02,0.8,insects,6,61.397655,nan,nan,1.812885e+02,0.6414
n50_graph0,50,0.0,0.02,1.0,insects,2,76.141736,nan,nan,3.769905e+02,0.0086
n50_graph0,50,0.0,0.02,1.0,insects,4,76.152501,nan,nan,2.088036e+02,0.0334
n50_graph0,50,0.0,0.02,1.0,insects,6,76.154188,nan,nan,1.376786e+02,0.7729
n50_graph0,50,0.0,0.02,1.3,insects,2,98.821491,nan,nan,2.814091e+02,0.0098
n50_graph0,50,0.0,0.02,1.3,insects,4,98.822287,nan,nan,1.521678e+02,0.0428
n50_graph0,50,0.0,0.02,1.3,insects,6,98.822340,nan,nan,9.795535e+01,0.7436
n50_graph0,50,0.0,0.02,1.8,insects,2,136.800985,nan,nan,1.933078e+02,0.0072
n50_graph0,50,0.0,0.02,1.8,insects,4,136.801006,nan,nan,1.004297e+02,0.0325
n50_graph0,50,0.0,0.02,1.8,insects,6,136.801006,nan,nan,6.211491e+01,0.6507
n50_graph0,50,0.0,0.02,2.5,insects,2,190.000014,nan,nan,1.297461e+02,0.0091
n50_graph0,50,0.0,0.02,2.5,insects,4,190.000014,nan,nan,6.373626e+01,0.0344
n50_graph0,50,0.0,0.02,2.5,insects,6,190.000014,nan,nan,3.727345e+01,0.7157
n50_graph0,50,0.0,0.02,5.0,insects,2,380.000000,nan,nan,5.046008e+01,0.0087
n50_graph0,50,0.0,0.02,5.0,insects,4,380.000000,nan,nan,2.029464e+01,0.0336
n50_graph0,50,0.0,0.02,5.0,insects,6,380.000000,nan,nan,9.717075e+00,0.7555
n50_graph0,50,0.1,0.1,0.1,insects,2,38.337089,nan,nan,7.926780e+02,0.0099
n50_graph0,50,0.1,0.1,0.1,insects,4,33.872274,nan,nan,4.569580e+02,0.0430
n50_graph0,50,0.1,0.1,0.1,insects,6,35.594087,nan,nan,3.136003e+02,0.6753
n50_graph0,50,0.1,0.1,0.2,insects,2,36.072937,nan,nan,3.769905e+02,0.0081
n50_graph0,50,0.1,0.1,0.2,insects,4,37.177213,nan,nan,2.088036e+02,0.0335
n50_graph0,50,0.1,0.1,0.2,insects,6,35.917663,nan,nan,1.376786e+02,0.7133
n50_graph0,50,0.1,0.1,0.3,insects,2,35.394705,nan,nan,2.390497e+02,0.0077
n50_graph0,50,0.1,0.1,0.3,insects,4,38.129999,nan,nan,1.272108e+02,0.0325
n50_graph0,50,0.1,0.1,0.3,insects,6,38.546665,nan,nan,8.058992e+01,0.6583
n50_graph0,50,0.1,0.1,0.5,insects,2,43.174185,nan,nan,1.297461e+02,0.0072
n50_graph0,50,0.1,0.1,0.5,insects,4,43.974234,nan,nan,6.373626e+01,0.0330
n50_graph0,50,0.1,0.1,0.5,insects,6,44.307515,nan,nan,3.727345e+01,0.6646
n50_graph0,50,0.1,0.1,0.8,insects,2,64.436219,nan,nan,6.975058e+01,0.0094
n50_graph0,50,0.1,0.1,0.8,insects,4,64.481863,nan,nan,3.038959e+01,0.0390
n50_graph0,50,0.1,0.1,0.8,insects,6,64.491361,nan,nan,1.576241e+01,0.6676
n50_graph0,50,0.1,0.1,1.0,insects,2,80.117925,nan,nan,5.046008e+01,0.0094
n50_graph0,50,0.1,0.1,1.0,insects,4,80.124314,nan,nan,2.029464e+01,0.0412
n50_graph0,50,0.1,0.1,1.0,insects,6,80.125039,nan,nan,9.717075e+00,0.6551
n50_graph0,50,0.1,0.1,1.3,insects,2,104.017143,nan,nan,3.337040e+01,0.0069
n50_graph0,50,0.1,0.1,1.3,insects,4,104.017553,nan,nan,1.190363e+01,0.0311
n50_graph0,50,0.1,0.1,1.3,insects,6,104.017571,nan,nan,5.054967e+00,0.6283
n50_graph0,50,0.1,0.1,1.8,insects,2,144.000732,nan,nan,1.872141e+01,0.0073
n50_graph0,50,0.1,0.1,1.8,insects,4,144.000740,nan,nan,5.467613e+00,0.0321
n50_graph0,50,0.1,0.1,1.8,insects,6,144.000740,nan,nan,1.900981e+00,0.6254
n50_graph0,50,0.1,0.1,2.5,insects,2,200.000009,nan,nan,9.451400e+00,0.0079
n50_graph0,50,0.1,0.1,2.5,insects,4,200.000009,nan,nan,2.086185e+00,0.0335
n50_graph0,50,0.1,0.1,2.5,insects,6,200.000009,nan,nan,5.481891e-01,0.6650
n50_graph0,50,0.1,0.1,5.0,insects,2,400.000000,nan,nan,1.312700e+00,0.0071
n50_graph0,50,0.1,0.1,5.0,insects,4,400.000000,nan,nan,1.065928e-01,0.0325
n50_graph0,50,0.1,0.1,5.0,insects,6,400.000000,nan,nan,1.030411e-02,0.7543
n50_graph0,50,0.2,0.2,0.1,insects,2,38.169610,nan,nan,3.769905e+02,0.0073
n50_graph0,50,0.2,0.2,0.1,insects,4,33.987960,nan,nan,2.088036e+02,0.0335
n50_graph0,50,0.2,0.2,0.1,insects,6,35.533611,nan,nan,1.376786e+02,0.6296
n50_graph0,50,0.2,0.2,0.2,insects,2,36.074756,nan,nan,1.705234e+02,0.0069
n50_graph0,50,0.2,0.2,0.2,insects,4,37.066299,nan,nan,8.718629e+01,0.0308
n50_graph0,50,0.2,0.2,0.2,insects,6,36.051039,nan,nan,5.306804e+01,0.6511
n50_graph0,50,0.2,0.2,0.3,insects,2,36.033083,nan,nan,1.028297e+02,0.0073
n50_graph0,50,0.2,0.2,0.3,insects,4,38.274399,nan,nan,4.853323e+01,0.0315
n50_graph0,50,0.2,0.2,0.3,insects,6,38.580334,nan,nan,2.726971e+01,0.6515
n50_graph0,50,0.2,0.2,0.5,insects,2,45.292755,nan,nan,5.046008e+01,0.0072
n50_graph0,50,0.2,0.2,0.5,insects,4,45.864120,nan,nan,2.029464e+01,0.0334
n50_graph0,50,0.2,0.2,0.5,insects,6,46.058410,nan,nan,9.717075e+00,0.6520
n50_graph0,50,0.2,0.2,0.8,insects,2,68.360939,nan,nan,2.330300e+01,0.0077
n50_graph0,50,0.2,0.2,0.8,insects,4,68.387929,nan,nan,7.372496e+00,0.0355
n50_graph0,50,0.2,0.2,0.8,insects,6,68.391988,nan,nan,2.776758e+00,0.6688
n50_graph0,50,0.2,0.2,1.0,insects,2,85.094107,nan,nan,1.522660e+01,0.0079
n50_graph0,50,0.2,0.2,1.0,insects,4,85.097457,nan,nan,4.105050e+00,0.0343
n50_graph0,50,0.2,0.2,1.0,insects,6,85.097711,nan,nan,1.317513e+00,0.6406
n50_graph0,50,0.2,0.2,1.3,insects,2,110.512981,nan,nan,8.637350e+00,0.0073
n50_graph0,50,0.2,0.2,1.3,insects,4,110.513161,nan,nan,1.831747e+00,0.0331
n50_graph0,50,0.2,0.2,1.3,insects,6,110.513166,nan,nan,4.624568e-01,0.6430
n50_graph0,50,0.2,0.2,1.8,insects,2,153.000506,nan,nan,3.744947e+00,0.0072
n50_graph0,50,0.2,0.2,1.8,insects,4,153.000509,nan,nan,5.323691e-01,0.0329
n50_graph0,50,0.2,0.2,1.8,insects,6,153.000509,nan,nan,9.009501e-02,0.6565
n50_graph0,50,0.2,0.2,2.5,insects,2,212.500006,nan,nan,1.312700e+00,0.0073
n50_graph0,50,0.2,0.2,2.5,insects,4,212.500006,nan,nan,1.065928e-01,0.0336
n50_graph0,50,0.2,0.2,2.5,insects,6,212.500006,nan,nan,1.030411e-02,0.6953
n50_graph0,50,0.2,0.2,5.0,insects,2,425.000000,nan,nan,4.777868e-02,0.0080
n50_graph0,50,0.2,0.2,5.0,insects,4,425.000000,nan,nan,5.250582e-04,0.0363
n50_graph0,50,0.2,0.2,5.0,insects,6,425.000000,nan,nan,6.869126e-06,0.6623
n50_graph0,50,0.5,0.5,0.1,insects,2,37.760527,nan,nan,1.297461e+02,0.0070
n50_graph0,50,0.5,0.5,0.1,insects,4,34.323476,nan,nan,6.373626e+01,0.0313
n50_graph0,50,0.5,0.5,0.1,insects,6,35.442231,nan,nan,3.727345e+01,0.6719
n50_graph0,50,0.5,0.5,0.2,insects,2,36.398988,nan,nan,5.046008e+01,0.0074
n50_graph0,50,0.5,0.5,0.2,insects,4,37.114227,nan,nan,2.029464e+01,0.0345
n50_graph0,50,0.5,0.5,0.2,insects,6,36.581329,nan,nan,9.717075e+00,0.6571
n50_graph0,50,0.5,0.5,0.3,insects,2,38.357294,nan,nan,2.614443e+01,0.0076
n50_graph0,50,0.5,0.5,0.3,insects,4,39.596052,nan,nan,8.609022e+00,0.0333
n50_graph0,50,0.5,0.5,0.3,insects,6,39.717469,nan,nan,3.374808e+00,0.6668
n50_graph0,50,0.5,0.5,0.5,insects,2,51.924027,nan,nan,9.451400e+00,0.0081
n50_graph0,50,0.5,0.5,0.5,insects,4,52.134959,nan,nan,2.086185e+00,0.0362
n50_graph0,50,0.5,0.5,0.5,insects,6,52.173992,nan,nan,5.481891e-01,0.6425
n50_graph0,50,0.5,0.5,0.8,insects,2,80.208685,nan,nan,2.745679e+00,0.0072
n50_graph0,50,0.5,0.5,0.8,insects,4,80.214427,nan,nan,3.326058e-01,0.0326
n50_graph0,50,0.5,0.5,0.8,insects,6,80.214754,nan,nan,4.796568e-02,0.6513
n50_graph0,50,0.5,0.5,1.0,insects,2,100.048916,nan,nan,1.312700e+00,0.0079
n50_graph0,50,0.5,0.5,1.0,insects,4,100.049417,nan,nan,1.065928e-01,0.0360
n50_graph0,50,0.5,0.5,1.0,insects,6,100.049429,nan,nan,1.030411e-02,0.6683
n50_graph0,50,0.5,0.5,1.3,insects,2,130.005752,nan,nan,4.637525e-01,0.0071
n50_graph0,50,0.5,0.5,1.3,insects,4,130.005768,nan,nan,2.066673e-02,0.0316
n50_graph0,50,0.5,0.5,1.3,insects,6,130.005768,nan,nan,1.096423e-03,0.6824
n50_graph0,50,0.5,0.5,1.8,insects,2,180.000170,nan,nan,9.018360e-02,0.0073
n50_graph0,50,0.5,0.5,1.8,insects,4,180.000170,nan,nan,1.478491e-03,0.0330
n50_graph0,50,0.5,0.5,1.8,insects,6,180.000170,nan,nan,2.885563e-05,0.6322
n50_graph0,50,0.5,0.5,2.5,insects,2,250.000001,nan,nan,1.004240e-02,0.0071
n50_graph0,50,0.5,0.5,2.5,insects,4,250.000001,nan,nan,4.059911e-05,0.0316
n50_graph0,50,0.5,0.5,2.5,insects,6,250.000001,nan,nan,1.953962e-07,0.6483
n50_graph0,50,0.5,0.5,5.0,insects,2,500.000000,nan,nan,5.132958e-06,0.0075
n50_graph0,50,0.5,0.5,5.0,insects,4,500.000000,nan,nan,1.398215e-10,0.0327
n50_graph0,50,0.5,0.5,5.0,insects,6,500.000000,nan,nan,4.534206e-15,0.6500
n50_graph0,50,1.0,1.0,0.1,insects,2,37.366362,nan,nan,5.046008e+01,0.0070
n50_graph0,50,1.0,1.0,0.1,insects,4,34.883699,nan,nan,2.029464e+01,0.0303
n50_graph0,50,1.0,1.0,0.1,insects,6,35.537718,nan,nan,9.717075e+00,0.6474
n50_graph0,50,1.0,1.0,0.2,insects,2,37.822452,nan,nan,1.522660e+01,0.0079
n50_graph0,50,1.0,1.0,0.2,insects,4,38.233291,nan,nan,4.105050e+00,0.0362
n50_graph0,50,1.0,1.0,0.2,insects,6,38.049952,nan,nan,1.317513e+00,0.7036
n50_graph0,50,1.0,1.0,0.3,insects,2,43.262202,nan,nan,6.106056e+00,0.0095
n50_graph0,50,1.0,1.0,0.3,insects,4,43.729850,nan,nan,1.103465e+00,0.0414
n50_graph0,50,1.0,1.0,0.3,insects,6,43.756072,nan,nan,2.373981e-01,0.7958
n50_graph0,50,1.0,1.0,0.5,insects,2,63.568142,nan,nan,1.312700e+00,0.0070
n50_graph0,50,1.0,1.0,0.5,insects,4,63.609845,nan,nan,1.065928e-01,0.0336
n50_graph0,50,1.0,1.0,0.5,insects,6,63.612651,nan,nan,1.030411e-02,0.7589
n50_graph0,50,1.0,1.0,0.8,insects,2,100.087881,nan,nan,1.718605e-01,0.0106
n50_graph0,50,1.0,1.0,0.8,insects,4,100.088349,nan,nan,4.203247e-03,0.0462
n50_graph0,50,1.0,1.0,0.8,insects,6,100.088355,nan,nan,1.223812e-04,0.7845
n50_graph0,50,1.0,1.0,1.0,insects,2,125.017223,nan,nan,4.777868e-02,0.0072
n50_graph0,50,1.0,1.0,1.0,insects,4,125.017246,nan,nan,5.250582e-04,0.0330
n50_graph0,50,1.0,1.0,1.0,insects,6,125.017246,nan,nan,6.869126e-06,0.7576
n50_graph0,50,1.0,1.0,1.3,insects,2,162.501534,nan,nan,7.376819e-03,0.0085
n50_graph0,50,1.0,1.0,1.3,insects,4,162.501534,nan,nan,2.441682e-05,0.0344
n50_graph0,50,1.0,1.0,1.3,insects,6,162.501534,nan,nan,9.621211e-08,0.6642
n50_graph0,50,1.0,1.0,1.8,insects,2,225.000028,nan,nan,3.495425e-04,0.0073
n50_graph0,50,1.0,1.0,1.8,insects,4,225.000028,nan,nan,1.565781e-07,0.0325
n50_graph0,50,1.0,1.0,1.8,insects,6,225.000028,nan,nan,8.349927e-11,0.6830
n50_graph0,50,1.0,1.0,2.5,insects,2,312.500000,nan,nan,5.132958e-06,0.0070
n50_graph0,50,1.0,1.0,2.5,insects,4,312.500000,nan,nan,1.398215e-10,0.0315
n50_graph0,50,1.0,1.0,2.5,insects,6,312.500000,nan,nan,4.534206e-15,0.7045
n50_graph0,50,1.0,1.0,5.0,insects,2,625.000000,nan,nan,1.559675e-12,0.0078
n50_graph0,50,1.0,1.0,5.0,insects,4,625.000000,nan,nan,1.928837e-21,0.0334
n50_graph0,50,1.0,1.0,5.0,insects,6,625.000000,nan,nan,2.839736e-30,0.7215
n50_graph1,50,0.0,0.02,0.1,insects,2,38.482762,nan,nan,4.125205e+03,0.0073
n50_graph1,50,0.0,0.02,0.1,insects,4,33.714922,nan,nan,2.455401e+03,0.0431
n50_graph1,50,0.0,0.02,0.1,insects,6,35.667354,nan,nan,1.739883e+03,0.6588
n50_graph1,50,0.0,0.02,0.2,insects,2,36.113803,nan,nan,2.042075e+03,0.0139
n50_graph1,50,0.0,0.02,0.2,insects,4,37.328902,nan,nan,1.205797e+03,0.0454
n50_graph1,50,0.0,0.02,0.2,insects,6,35.815558,nan,nan,8.476128e+02,0.6844
n50_graph1,50,0.0,0.02,0.3,insects,2,34.941280,nan,nan,1.347833e+03,0.0127
n50_graph1,50,0.0,0.02,0.3,insects,4,38.256163,nan,nan,7.895220e+02,0.0467
n50_graph1,50,0.0,0.02,0.3,insects,6,38.779059,nan,nan,5.505708e+02,0.7367
n50_graph1,50,0.0,0.02,0.5,insects,2,41.521715,nan,nan,7.926780e+02,0.0091
n50_graph1,50,0.0,0.02,0.5,insects,4,42.660932,nan,nan,4.569580e+02,0.0395
n50_graph1,50,0.0,0.02,0.5,insects,6,43.229901,nan,nan,3.136003e+02,0.7543
n50_graph1,50,0.0,0.02,0.8,insects,2,61.309066,nan,nan,4.807693e+02,0.0088
n50_graph1,50,0.0,0.02,0.8,insects,4,61.397583,nan,nan,2.705784e+02,0.0440
n50_graph1,50,0.0,0.02,0.8,insects,6,61.423522,nan,nan,1.812885e+02,0.6597
n50_graph1,50,0.0,0.02,1.0,insects,2,76.141736,nan,nan,3.769905e+02,0.0097
n50_graph1,50,0.0,0.02,1.0,insects,4,76.157929,nan,nan,2.088036e+02,0.0346
n50_graph1,50,0.0,0.02,1.0,insects,6,76.160799,nan,nan,1.376786e+02,0.6340
n50_graph1,50,0.0,0.02,1.3,insects,2,98.821491,nan,nan,2.814091e+02,0.0063
n50_graph1,50,0.0,0.02,1.3,insects,4,98.823096,nan,nan,1.521678e+02,0.0299
n50_graph1,50,0.0,0.02,1.3,insects,6,98.823224,nan,nan,9.795535e+01,0.5820
n50_graph1,50,0.0,0.02,1.8,insects,2,136.800985,nan,nan,1.933078e+02,0.0067
n50_graph1,50,0.0,0.02,1.8,insects,4,136.801041,nan,nan,1.004297e+02,0.0304
n50_graph1,50,0.0,0.02,1.8,insects,6,136.801042,nan,nan,6.211491e+01,0.6114
n50_graph1,50,0.0,0.02,2.5,insects,2,190.000014,nan,nan,1.297461e+02,0.0090
n50_graph1,50,0.0,0.02,2.5,insects,4,190.000015,nan,nan,6.373626e+01,0.0377
n50_graph1,50,0.0,0.02,2.5,insects,6,190.000015,nan,nan,3.727345e+01,0.6311
n50_graph1,50,0.0,0.02,5.0,insects,2,380.000000,nan,nan,5.046008e+01,0.0114
n50_graph1,50,0.0,0.02,5.0,insects,4,380.000000,nan,nan,2.029464e+01,0.0392
n50_graph1,50,0.0,0.02,5.0,insects,6,380.000000,nan,nan,9.717075e+00,0.5893
n50_graph1,50,0.1,0.1,0.1,insects,2,38.337089,nan,nan,7.926780e+02,0.0065
n50_graph1,50,0.1,0.1,0.1,insects,4,33.814260,nan,nan,4.569580e+02,0.0304
n50_graph1,50,0.1,0.1,0.1,insects,6,35.605873,nan,nan,3.136003e+02,0.5863
n50_graph1,50,0.1,0.1,0.2,insects,2,36.072937,nan,nan,3.769905e+02,0.0074
n50_graph1,50,0.1,0.1,0.2,insects,4,37.190624,nan,nan,2.088036e+02,0.0320
n50_graph1,50,0.1,0.1,0.2,insects,6,35.917058,nan,nan,1.376786e+02,0.5806
n50_graph1,50,0.1,0.1,0.3,insects,2,35.394705,nan,nan,2.390497e+02,0.0091
n50_graph1,50,0.1,0.1,0.3,insects,4,38.221301,nan,nan,1.272108e+02,0.0390
n50_graph1,50,0.1,0.1,0.3,insects,6,38.629556,nan,nan,8.058992e+01,0.6403
n50_graph1,50,0.1,0.1,0.5,insects,2,43.174185,nan,nan,1.297461e+02,0.0104
n50_graph1,50,0.1,0.1,0.5,insects,4,44.043345,nan,nan,6.373626e+01,0.0348
n50_graph1,50,0.1,0.1,0.5,insects,6,44.411784,nan,nan,3.727345e+01,0.5941
n50_graph1,50,0.1,0.1,0.8,insects,2,64.436219,nan,nan,6.975058e+01,0.0069
n50_graph1,50,0.1,0.1,0.8,insects,4,64.494183,nan,nan,3.038959e+01,0.0298
n50_graph1,50,0.1,0.1,0.8,insects,6,64.507181,nan,nan,1.576241e+01,0.5888
n50_graph1,50,0.1,0.1,1.0,insects,2,80.117925,nan,nan,5.046008e+01,0.0088
n50_graph1,50,0.1,0.1,1.0,insects,4,80.127557,nan,nan,2.029464e+01,0.0400
n50_graph1,50,0.1,0.1,1.0,insects,6,80.128768,nan,nan,9.717075e+00,0.7011
n50_graph1,50,0.1,0.1,1.3,insects,2,104.017143,nan,nan,3.337040e+01,0.0097
n50_graph1,50,0.1,0.1,1.3,insects,4,104.017975,nan,nan,1.190363e+01,0.0420
n50_graph1,50,0.1,0.1,1.3,insects,6,104.018016,nan,nan,5.054967e+00,0.7330
n50_graph1,50,0.1,0.1,1.8,insects,2,144.000732,nan,nan,1.872141e+01,0.0097
n50_graph1,50,0.1,0.1,1.8,insects,4,144.000755,nan,nan,5.467613e+00,0.0481
n50_graph1,50,0.1,0.1,1.8,insects,6,144.000755,nan,nan,1.900981e+00,0.7363
n50_graph1,50,0.1,0.1,2.5,insects,2,200.000009,nan,nan,9.451400e+00,0.0066
n50_graph1,50,0.1,0.1,2.5,insects,4,200.000010,nan,nan,2.086185e+00,0.0314
n50_graph1,50,0.1,0.1,2.5,insects,6,200.000010,nan,nan,5.481891e-01,0.6535
n50_graph1,50,0.1,0.1,5.0,insects,2,400.000000,nan,nan,1.312700e+00,0.0095
n50_graph1,50,0.1,0.1,5.0,insects,4,400.000000,nan,nan,1.065928e-01,0.0423
n50_graph1,50,0.1,0.1,5.0,insects,6,400.000000,nan,nan,1.030411e-02,0.6999
n50_graph1,50,0.2,0.2,0.1,insects,2,38.169610,nan,nan,3.769905e+02,0.0064
n50_graph1,50,0.2,0.2,0.1,insects,4,33.935098,nan,nan,2.088036e+02,0.0302
n50_graph1,50,0.2,0.2,0.1,insects,6,35.544321,nan,nan,1.376786e+02,0.8405
n50_graph1,50,0.2,0.2,0.2,insects,2,36.074756,nan,nan,1.705234e+02,0.0096
n50_graph1,50,0.2,0.2,0.2,insects,4,37.080829,nan,nan,8.718629e+01,0.0489
n50_graph1,50,0.2,0.2,0.2,insects,6,36.053938,nan,nan,5.306804e+01,0.8042
n50_graph1,50,0.2,0.2,0.3,insects,2,36.033083,nan,nan,1.028297e+02,0.0072
n50_graph1,50,0.2,0.2,0.3,insects,4,38.350804,nan,nan,4.853323e+01,0.0317
n50_graph1,50,0.2,0.2,0.3,insects,6,38.650553,nan,nan,2.726971e+01,0.6912
n50_graph1,50,0.2,0.2,0.5,insects,2,45.292755,nan,nan,5.046008e+01,0.0092
n50_graph1,50,0.2,0.2,0.5,insects,4,45.913808,nan,nan,2.029464e+01,0.0498
n50_graph1,50,0.2,0.2,0.5,insects,6,46.128300,nan,nan,9.717075e+00,0.7197
n50_graph1,50,0.2,0.2,0.8,insects,2,68.360939,nan,nan,2.330300e+01,0.0091
n50_graph1,50,0.2,0.2,0.8,insects,4,68.395248,nan,nan,7.372496e+00,0.0413
n50_graph1,50,0.2,0.2,0.8,insects,6,68.400757,nan,nan,2.776758e+00,0.6406
n50_graph1,50,0.2,0.2,1.0,insects,2,85.094107,nan,nan,1.522660e+01,0.0075
n50_graph1,50,0.2,0.2,1.0,insects,4,85.099170,nan,nan,4.105050e+00,0.0443
n50_graph1,50,0.2,0.2,1.0,insects,6,85.099586,nan,nan,1.317513e+00,0.7793
n50_graph1,50,0.2,0.2,1.3,insects,2,110.512981,nan,nan,8.637350e+00,0.0071
n50_graph1,50,0.2,0.2,1.3,insects,4,110.513349,nan,nan,1.831747e+00,0.0309
n50_graph1,50,0.2,0.2,1.3,insects,6,110.513359,nan,nan,4.624568e-01,0.7138
n50_graph1,50,0.2,0.2,1.8,insects,2,153.000506,nan,nan,3.744947e+00,0.0086
n50_graph1,50,0.2,0.2,1.8,insects,4,153.000514,nan,nan,5.323691e-01,0.0366
n50_graph1,50,0.2,0.2,1.8,insects,6,153.000514,nan,nan,9.009501e-02,0.6448
n50_graph1,50,0.2,0.2,2.5,insects,2,212.500006,nan,nan,1.312700e+00,0.0095
n50_graph1,50,0.2,0.2,2.5,insects,4,212.500006,nan,nan,1.065928e-01,0.0422
n50_graph1,50,0.2,0.2,2.5,insects,6,212.500006,nan,nan,1.030411e-02,0.6895
n50_graph1,50,0.2,0.2,5.0,insects,2,425.000000,nan,nan,4.777868e-02,0.0065
n50_graph1,50,0.2,0.2,5.0,insects,4,425.000000,nan,nan,5.250582e-04,0.0317
n50_graph1,50,0.2,0.2,5.0,insects,6,425.000000,nan,nan,6.869126e-06,0.7840
n50_graph1,50,0.5,0.5,0.1,insects,2,37.760527,nan,nan,1.297461e+02,0.0102
n50_graph1,50,0.5,0.5,0.1,insects,4,34.283590,nan,nan,6.373626e+01,0.0467
n50_graph1,50,0.5,0.5,0.1,insects,6,35.450327,nan,nan,3.727345e+01,0.6024
n50_graph1,50,0.5,0.5,0.2,insects,2,36.398988,nan,nan,5.046008e+01,0.0066
n50_graph1,50,0.5,0.5,0.2,insects,4,37.129461,nan,nan,2.029464e+01,0.0292
n50_graph1,50,0.5,0.5,0.2,insects,6,36.589943,nan,nan,9.717075e+00,0.5788
n50_graph1,50,0.5,0.5,0.3,insects,2,38.357294,nan,nan,2.614443e+01,0.0063
n50_graph1,50,0.5,0.5,0.3,insects,4,39.640798,nan,nan,8.609022e+00,0.0294
n50_graph1,50,0.5,0.5,0.3,insects,6,39.759750,nan,nan,3.374808e+00,0.6264
n50_graph1,50,0.5,0.5,0.5,insects,2,51.924027,nan,nan,9.451400e+00,0.0067
n50_graph1,50,0.5,0.5,0.5,insects,4,52.153647,nan,nan,2.086185e+00,0.0313
n50_graph1,50,0.5,0.5,0.5,insects,6,52.196571,nan,nan,5.481891e-01,0.6151
n50_graph1,50,0.5,0.5,0.8,insects,2,80.208685,nan,nan,2.745679e+00,0.0083
n50_graph1,50,0.5,0.5,0.8,insects,4,80.216002,nan,nan,3.326058e-01,0.0338
n50_graph1,50,0.5,0.5,0.8,insects,6,80.216436,nan,nan,4.796568e-02,0.5839
n50_graph1,50,0.5,0.5,1.0,insects,2,100.048916,nan,nan,1.312700e+00,0.0069
n50_graph1,50,0.5,0.5,1.0,insects,4,100.049678,nan,nan,1.065928e-01,0.0317
n50_graph1,50,0.5,0.5,1.0,insects,6,100.049696,nan,nan,1.030411e-02,0.5913
n50_graph1,50,0.5,0.5,1.3,insects,2,130.005752,nan,nan,4.637525e-01,0.0071
n50_graph1,50,0.5,0.5,1.3,insects,4,130.005785,nan,nan,2.066673e-02,0.0332
n50_graph1,50,0.5,0.5,1.3,insects,6,130.005785,nan,nan,1.096423e-03,0.6036
n50_graph1,50,0.5,0.5,1.8,insects,2,180.000170,nan,nan,9.018360e-02,0.0090
n50_graph1,50,0.5,0.5,1.8,insects,4,180.000170,nan,nan,1.478491e-03,0.0374
n50_graph1,50,0.5,0.5,1.8,insects,6,180.000170,nan,nan,2.885563e-05,0.6020
n50_graph1,50,0.5,0.5,2.5,insects,2,250.000001,nan,nan,1.004240e-02,0.0067
n50_graph1,50,0.5,0.5,2.5,insects,4,250.000001,nan,nan,4.059911e-05,0.0297
n50_graph1,50,0.5,0.5,2.5,insects,6,250.000001,nan,nan,1.953962e-07,0.5692
n50_graph1,50,0.5,0.5,5.0,insects,2,500.000000,nan,nan,5.132958e-06,0.0071
n50_graph1,50,0.5,0.5,5.0,insects,4,500.000000,nan,nan,1.398215e-10,0.0299
n50_graph1,50,0.5,0.5,5.0,insects,6,500.000000,nan,nan,4.534206e-15,0.6273
n50_graph1,50,1.0,1.0,0.1,insects,2,37.366362,nan,nan,5.046008e+01,0.0065
n50_graph1,50,1.0,1.0,0.1,insects,4,34.859016,nan,nan,2.029464e+01,0.0310
n50_graph1,50,1.0,1.0,0.1,insects,6,35.542965,nan,nan,9.717075e+00,0.6088
n50_graph1,50,1.0,1.0,0.2,insects,2,37.822452,nan,nan,1.522660e+01,0.0071
n50_graph1,50,1.0,1.0,0.2,insects,4,38.245628,nan,nan,4.105050e+00,0.0294
n50_graph1,50,1.0,1.0,0.2,insects,6,38.059730,nan,nan,1.317513e+00,0.5916
n50_graph1,50,1.0,1.0,0.3,insects,2,43.262202,nan,nan,6.106056e+00,0.0069
n50_graph1,50,1.0,1.0,0.3,insects,4,43.748160,nan,nan,1.103465e+00,0.0304
n50_graph1,50,1.0,1.0,0.3,insects,6,43.773847,nan,nan,2.373981e-01,0.5849
n50_graph1,50,1.0,1.0,0.5,insects,2,63.568142,nan,nan,1.312700e+00,0.0067
n50_graph1,50,1.0,1.0,0.5,insects,4,63.613635,nan,nan,1.065928e-01,0.0322
n50_graph1,50,1.0,1.0,0.5,insects,6,63.616703,nan,nan,1.030411e-02,0.6220
n50_graph1,50,1.0,1.0,0.8,insects,2,100.087881,nan,nan,1.718605e-01,0.0075
n50_graph1,50,1.0,1.0,0.8,insects,4,100.088479,nan,nan,4.203247e-03,0.0350
n50_graph1,50,1.0,1.0,0.8,insects,6,100.088486,nan,nan,1.223812e-04,0.5964
n50_graph1,50,1.0,1.0,1.0,insects,2,125.017223,nan,nan,4.777868e-02,0.0067
n50_graph1,50,1.0,1.0,1.0,insects,4,125.017258,nan,nan,5.250582e-04,0.0318
n50_graph1,50,1.0,1.0,1.0,insects,6,125.017258,nan,nan,6.869126e-06,0.6054
n50_graph1,50,1.0,1.0,1.3,insects,2,162.501534,nan,nan,7.376819e-03,0.0077
n50_graph1,50,1.0,1.0,1.3,insects,4,162.501535,nan,nan,2.441682e-05,0.0352
n50_graph1,50,1.0,1.0,1.3,insects,6,162.501535,nan,nan,9.621211e-08,0.5953
n50_graph1,50,1.0,1.0,1.8,insects,2,225.000028,nan,nan,3.495425e-04,0.0068
n50_graph1,50,1.0,1.0,1.8,insects,4,225.000028,nan,nan,1.565781e-07,0.0321
n50_graph1,50,1.0,1.0,1.8,insects,6,225.000028,nan,nan,8.349927e-11,0.5909
n50_graph1,50,1.0,1.0,2.5,insects,2,312.500000,nan,nan,5.132958e-06,0.0067
n50_graph1,50,1.0,1.0,2.5,insects,4,312.500000,nan,nan,1.398215e-10,0.0317
n50_graph1,50,1.0,1.0,2.5,insects,6,312.500000,nan,nan,4.534206e-15,0.5904
n50_graph1,50,1.0,1.0,5.0,insects,2,625.000000,nan,nan,1.559675e-12,0.0067
n50_graph1,50,1.0,1.0,5.0,insects,4,625.000000,nan,nan,1.928837e-21,0.0306
n50_graph1,50,1.0,1.0,5.0,insects,6,625.000000,nan,nan,2.839736e-30,0.5797
n60_graph0,60,0.0,0.016666666666666666,0.1,insects,2,46.186873,nan,nan,5.950205e+03,0.0150
n60_graph0,60,0.0,0.016666666666666666,0.1,insects,4,40.536954,nan,nan,3.546401e+03,0.0559
n60_graph0,60,0.0,0.016666666666666666,0.1,insects,6,42.799464,nan,nan,2.516312e+03,0.8231
n60_graph0,60,0.0,0.016666666666666666,0.2,insects,2,43.339626,nan,nan,2.950409e+03,0.0104
n60_graph0,60,0.0,0.016666666666666666,0.2,insects,4,44.796274,nan,nan,1.746799e+03,0.0425
n60_graph0,60,0.0,0.016666666666666666,0.2,insects,6,42.965944,nan,nan,1.231188e+03,0.8225
n60_graph0,60,0.0,0.016666666666666666,0.3,insects,2,41.908273,nan,nan,1.950612e+03,0.0088
n60_graph0,60,0.0,0.016666666666666666,0.3,insects,4,45.785394,nan,nan,1.147192e+03,0.0392
n60_graph0,60,0.0,0.016666666666666666,0.3,insects,6,46.417454,nan,nan,8.031973e+02,0.7987
n60_graph0,60,0.0,0.016666666666666666,0.5,insects,2,49.744517,nan,nan,1.151014e+03,0.0093
n60_graph0,60,0.0,0.016666666666666666,0.5,insects,4,51.013440,nan,nan,6.679676e+02,0.0402
n60_graph0,60,0.0,0.016666666666666666,0.5,insects,6,51.660413,nan,nan,4.614779e+02,0.8319
n60_graph0,60,0.0,0.016666666666666666,0.8,insects,2,73.414860,nan,nan,7.016095e+02,0.0118
n60_graph0,60,0.0,0.016666666666666666,0.8,insects,4,73.498796,nan,nan,3.991024e+02,0.0506
n60_graph0,60,0.0,0.016666666666666666,0.8,insects,6,73.530413,nan,nan,2.702675e+02,0.8220
n60_graph0,60,0.0,0.016666666666666666,1.0,insects,2,91.171404,nan,nan,5.520011e+02,0.0088
n60_graph0,60,0.0,0.016666666666666666,1.0,insects,4,91.184189,nan,nan,3.098405e+02,0.0395
n60_graph0,60,0.0,0.016666666666666666,1.0,insects,6,91.188957,nan,nan,2.070414e+02,0.8329
n60_graph0,60,0.0,0.016666666666666666,1.3,insects,2,118.326035,nan,nan,4.141192e+02,0.0088
n60_graph0,60,0.0,0.016666666666666666,1.3,insects,4,118.326947,nan,nan,2.278441e+02,0.0408
n60_graph0,60,0.0,0.016666666666666666,1.3,insects,6,118.327416,nan,nan,1.492351e+02,0.8573
n60_graph0,60,0.0,0.016666666666666666,1.8,insects,2,163.801197,nan,nan,2.868596e+02,0.0152
n60_graph0,60,0.0,0.016666666666666666,1.8,insects,4,163.801219,nan,nan,1.526530e+02,0.0502
n60_graph0,60,0.0,0.016666666666666666,1.8,insects,6,163.801236,nan,nan,9.670790e+01,0.8062
n60_graph0,60,0.0,0.016666666666666666,2.5,insects,2,227.500017,nan,nan,1.948084e+02,0.0086
n60_graph0,60,0.0,0.016666666666666666,2.5,insects,4,227.500017,nan,nan,9.894102e+01,0.0394
n60_graph0,60,0.0,0.016666666666666666,2.5,insects,6,227.500017,nan,nan,5.982269e+01,0.8228
n60_graph0,60,0.0,0.016666666666666666,5.0,insects,2,455.000000,nan,nan,7.901739e+01,0.0118
n60_graph0,60,0.0,0.016666666666666666,5.0,insects,4,455.000000,nan,nan,3.397106e+01,0.0503
n60_graph0,60,0.0,0.016666666666666666,5.0,insects,6,455.000000,nan,nan,1.738666e+01,0.8255
n60_graph0,60,0.1,0.1,0.1,insects,2,46.004507,nan,nan,9.512136e+02,0.0090
n60_graph0,60,0.1,0.1,0.1,insects,4,40.654980,nan,nan,5.483496e+02,0.0414
n60_graph0,60,0.1,0.1,0.1,insects,6,42.722380,nan,nan,3.763203e+02,0.8089
n60_graph0,60,0.1,0.1,0.2,insects,2,43.287524,nan,nan,4.523885e+02,0.0088
n60_graph0,60,0.1,0.1,0.2,insects,4,44.619225,nan,nan,2.505644e+02,0.0409
n60_graph0,60,0.1,0.1,0.2,insects,6,43.090312,nan,nan,1.652143e+02,0.8272
n60_graph0,60,0.1,0.1,0.3,insects,2,42.473646,nan,nan,2.868596e+02,0.0088
n60_graph0,60,0.1,0.1,0.3,insects,4,45.755378,nan,nan,1.526530e+02,0.0396
n60_graph0,60,0.1,0.1,0.3,insects,6,46.244384,nan,nan,9.670790e+01,0.8802
n60_graph0,60,0.1,0.1,0.5,insects,2,51.809022,nan,nan,1.556953e+02,0.0091
n60_graph0,60,0.1,0.1,0.5,insects,4,52.765601,nan,nan,7.648351e+01,0.0396
n60_graph0,60,0.1,0.1,0.5,insects,6,53.177653,nan,nan,4.472814e+01,0.8014
n60_graph0,60,0.1,0.1,0.8,insects,2,77.323462,nan,nan,8.370070e+01,0.0093
n60_graph0,60,0.1,0.1,0.8,insects,4,77.377374,nan,nan,3.646751e+01,0.0419
n60_graph0,60,0.1,0.1,0.8,insects,6,77.392863,nan,nan,1.891489e+01,0.8133
n60_graph0,60,0.1,0.1,1.0,insects,2,96.141510,nan,nan,6.055210e+01,0.0093
n60_graph0,60,0.1,0.1,1.0,insects,4,96.148922,nan,nan,2.435357e+01,0.0421
n60_graph0,60,0.1,0.1,1.0,insects,6,96.150895,nan,nan,1.166049e+01,0.8145
n60_graph0,60,0.1,0.1,1.3,insects,2,124.820572,nan,nan,4.004448e+01,0.0096
n60_graph0,60,0.1,0.1,1.3,insects,4,124.821027,nan,nan,1.428436e+01,0.0407
n60_graph0,60,0.1,0.1,1.3,insects,6,124.821179,nan,nan,6.065961e+00,0.8216
n60_graph0,60,0.1,0.1,1.8,insects,2,172.800878,nan,nan,2.246569e+01,0.0091
n60_graph0,60,0.1,0.1,1.8,insects,4,172.800887,nan,nan,6.561136e+00,0.0409
n60_graph0,60,0.1,0.1,1.8,insects,6,172.800891,nan,nan,2.281177e+00,0.8037
n60_graph0,60,0.1,0.1,2.5,insects,2,240.000011,nan,nan,1.134168e+01,0.0131
n60_graph0,60,0.1,0.1,2.5,insects,4,240.000011,nan,nan,2.503422e+00,0.0440
n60_graph0,60,0.1,0.1,2.5,insects,6,240.000011,nan,nan,6.578269e-01,0.8146
n60_graph0,60,0.1,0.1,5.0,insects,2,480.000000,nan,nan,1.575240e+00,0.0095
n60_graph0,60,0.1,0.1,5.0,insects,4,480.000000,nan,nan,1.279113e-01,0.0404
n60_graph0,60,0.1,0.1,5.0,insects,6,480.000000,nan,nan,1.236494e-02,0.8161
n60_graph0,60,0.2,0.2,0.1,insects,2,45.803531,nan,nan,4.523885e+02,0.0092
n60_graph0,60,0.2,0.2,0.1,insects,4,40.793100,nan,nan,2.505644e+02,0.0396
n60_graph0,60,0.2,0.2,0.1,insects,6,42.648613,nan,nan,1.652143e+02,0.8282
n60_graph0,60,0.2,0.2,0.2,insects,2,43.289707,nan,nan,2.046281e+02,0.0099
n60_graph0,60,0.2,0.2,0.2,insects,4,44.484846,nan,nan,1.046235e+02,0.0404
n60_graph0,60,0.2,0.2,0.2,insects,6,43.252426,nan,nan,6.368165e+01,0.8051
n60_graph0,60,0.2,0.2,0.3,insects,2,43.239700,nan,nan,1.233957e+02,0.0096
n60_graph0,60,0.2,0.2,0.3,insects,4,45.928332,nan,nan,5.823988e+01,0.0416
n60_graph0,60,0.2,0.2,0.3,insects,6,46.287868,nan,nan,3.272365e+01,0.8135
n60_graph0,60,0.2,0.2,0.5,insects,2,54.351306,nan,nan,6.055210e+01,0.0094
n60_graph0,60,0.2,0.2,0.5,insects,4,55.034275,nan,nan,2.435357e+01,0.0403
n60_graph0,60,0.2,0.2,0.5,insects,6,55.274593,nan,nan,1.166049e+01,0.8328
n60_graph0,60,0.2,0.2,0.8,insects,2,82.033127,nan,nan,2.796360e+01,0.0089
n60_graph0,60,0.2,0.2,0.8,insects,4,82.064978,nan,nan,8.846995e+00,0.0406
n60_graph0,60,0.2,0.2,0.8,insects,6,82.071591,nan,nan,3.332110e+00,0.8052
n60_graph0,60,0.2,0.2,1.0,insects,2,102.112928,nan,nan,1.827192e+01,0.0088
n60_graph0,60,0.2,0.2,1.0,insects,4,102.116809,nan,nan,4.926060e+00,0.0426
n60_graph0,60,0.2,0.2,1.0,insects,6,102.117498,nan,nan,1.581015e+00,0.8287
n60_graph0,60,0.2,0.2,1.3,insects,2,132.615577,nan,nan,1.036482e+01,0.0092
n60_graph0,60,0.2,0.2,1.3,insects,4,132.615776,nan,nan,2.198096e+00,0.0418
n60_graph0,60,0.2,0.2,1.3,insects,6,132.615816,nan,nan,5.549482e-01,0.8192
n60_graph0,60,0.2,0.2,1.8,insects,2,183.600608,nan,nan,4.493936e+00,0.0090
n60_graph0,60,0.2,0.2,1.8,insects,4,183.600611,nan,nan,6.388429e-01,0.0411
n60_graph0,60,0.2,0.2,1.8,insects,6,183.600611,nan,nan,1.081140e-01,0.8202
n60_graph0,60,0.2,0.2,2.5,insects,2,255.000007,nan,nan,1.575240e+00,0.0092
n60_graph0,60,0.2,0.2,2.5,insects,4,255.000007,nan,nan,1.279113e-01,0.0406
n60_graph0,60,0.2,0.2,2.5,insects,6,255.000007,nan,nan,1.236494e-02,0.8205
n60_graph0,60,0.2,0.2,5.0,insects,2,510.000000,nan,nan,5.733441e-02,0.0091
n60_graph0,60,0.2,0.2,5.0,insects,4,510.000000,nan,nan,6.300698e-04,0.0425
n60_graph0,60,0.2,0.2,5.0,insects,6,510.000000,nan,nan,8.242951e-06,0.8261
n60_graph0,60,0.5,0.5,0.1,insects,2,45.312632,nan,nan,1.556953e+02,0.0091
n60_graph0,60,0.5,0.5,0.1,insects,4,41.193939,nan,nan,7.648351e+01,0.0414
n60_graph0,60,0.5,0.5,0.1,insects,6,42.536187,nan,nan,4.472814e+01,0.8329
n60_graph0,60,0.5,0.5,0.2,insects,2,43.678786,nan,nan,6.055210e+01,0.0092
n60_graph0,60,0.5,0.5,0.2,insects,4,44.539720,nan,nan,2.435357e+01,0.0417
n60_graph0,60,0.5,0.5,0.2,insects,6,43.892776,nan,nan,1.166049e+01,0.8520
n60_graph0,60,0.5,0.5,0.3,insects,2,46.028753,nan,nan,3.137332e+01,0.0093
n60_graph0,60,0.5,0.5,0.3,insects,4,47.514046,nan,nan,1.033083e+01,0.0397
n60_graph0,60,0.5,0.5,0.3,insects,6,47.657267,nan,nan,4.049770e+00,0.8363
n60_graph0,60,0.5,0.5,0.5,insects,2,62.308832,nan,nan,1.134168e+01,0.0101
n60_graph0,60,0.5,0.5,0.5,insects,4,62.560774,nan,nan,2.503422e+00,0.0471
n60_graph0,60,0.5,0.5,0.5,insects,6,62.609116,nan,nan,6.578269e-01,0.8345
n60_graph0,60,0.5,0.5,0.8,insects,2,96.250423,nan,nan,3.294815e+00,0.0086
n60_graph0,60,0.5,0.5,0.8,insects,4,96.257184,nan,nan,3.991270e-01,0.0392
n60_graph0,60,0.5,0.5,0.8,insects,6,96.257714,nan,nan,5.755882e-02,0.8440
n60_graph0,60,0.5,0.5,1.0,insects,2,120.058699,nan,nan,1.575240e+00,0.0091
n60_graph0,60,0.5,0.5,1.0,insects,4,120.059277,nan,nan,1.279113e-01,0.0422
n60_graph0,60,0.5,0.5,1.0,insects,6,120.059308,nan,nan,1.236494e-02,0.8461
n60_graph0,60,0.5,0.5,1.3,insects,2,156.006902,nan,nan,5.565030e-01,0.0089
n60_graph0,60,0.5,0.5,1.3,insects,4,156.006919,nan,nan,2.480008e-02,0.0403
n60_graph0,60,0.5,0.5,1.3,insects,6,156.006920,nan,nan,1.315708e-03,0.8399
n60_graph0,60,0.5,0.5,1.8,insects,2,216.000204,nan,nan,1.082203e-01,0.0092
n60_graph0,60,0.5,0.5,1.8,insects,4,216.000204,nan,nan,1.774189e-03,0.0428
n60_graph0,60,0.5,0.5,1.8,insects,6,216.000204,nan,nan,3.462675e-05,0.8360
n60_graph0,60,0.5,0.5,2.5,insects,2,300.000002,nan,nan,1.205088e-02,0.0093
n60_graph0,60,0.5,0.5,2.5,insects,4,300.000002,nan,nan,4.871893e-05,0.0429
n60_graph0,60,0.5,0.5,2.5,insects,6,300.000002,nan,nan,2.344754e-07,0.8306
n60_graph0,60,0.5,0.5,5.0,insects,2,600.000000,nan,nan,6.159549e-06,0.0087
n60_graph0,60,0.5,0.5,5.0,insects,4,600.000000,nan,nan,1.677859e-10,0.0401
n60_graph0,60,0.5,0.5,5.0,insects,6,600.000000,nan,nan,5.441047e-15,0.8424
n60_graph0,60,1.0,1.0,0.1,insects,2,44.839635,nan,nan,6.055210e+01,0.0092
n60_graph0,60,1.0,1.0,0.1,insects,4,41.864099,nan,nan,2.435357e+01,0.0411
n60_graph0,60,1.0,1.0,0.1,insects,6,42.648017,nan,nan,1.166049e+01,0.8460
n60_graph0,60,1.0,1.0,0.2,insects,2,45.386942,nan,nan,1.827192e+01,0.0091
n60_graph0,60,1.0,1.0,0.2,insects,4,45.880590,nan,nan,4.926060e+00,0.0426
n60_graph0,60,1.0,1.0,0.2,insects,6,45.657981,nan,nan,1.581015e+00,0.8408
n60_graph0,60,1.0,1.0,0.3,insects,2,51.914643,nan,nan,7.327267e+00,0.0092
n60_graph0,60,1.0,1.0,0.3,insects,4,52.474970,nan,nan,1.324158e+00,0.0428
n60_graph0,60,1.0,1.0,0.3,insects,6,52.506060,nan,nan,2.848777e-01,0.8419
n60_graph0,60,1.0,1.0,0.5,insects,2,76.281771,nan,nan,1.575240e+00,0.0120
n60_graph0,60,1.0,1.0,0.5,insects,4,76.331529,nan,nan,1.279113e-01,0.0441
n60_graph0,60,1.0,1.0,0.5,insects,6,76.335010,nan,nan,1.236494e-02,0.8387
n60_graph0,60,1.0,1.0,0.8,insects,2,120.105458,nan,nan,2.062326e-01,0.0095
n60_graph0,60,1.0,1.0,0.8,insects,4,120.106007,nan,nan,5.043897e-03,0.0432
n60_graph0,60,1.0,1.0,0.8,insects,6,120.106016,nan,nan,1.468574e-04,0.8400
n60_graph0,60,1.0,1.0,1.0,insects,2,150.020667,nan,nan,5.733441e-02,0.0089
n60_graph0,60,1.0,1.0,1.0,insects,4,150.020694,nan,nan,6.300698e-04,0.0398
n60_graph0,60,1.0,1.0,1.0,insects,6,150.020694,nan,nan,8.242951e-06,0.8378
n60_graph0,60,1.0,1.0,1.3,insects,2,195.001841,nan,nan,8.852183e-03,0.0090
n60_graph0,60,1.0,1.0,1.3,insects,4,195.001841,nan,nan,2.930018e-05,0.0422
n60_graph0,60,1.0,1.0,1.3,insects,6,195.001841,nan,nan,1.154545e-07,0.8309
n60_graph0,60,1.0,1.0,1.8,insects,2,270.000033,nan,nan,4.194510e-04,0.0095
n60_graph0,60,1.0,1.0,1.8,insects,4,270.000033,nan,nan,1.878937e-07,0.0435
n60_graph0,60,1.0,1.0,1.8,insects,6,270.000033,nan,nan,1.001991e-10,0.8567
n60_graph0,60,1.0,1.0,2.5,insects,2,375.000000,nan,nan,6.159549e-06,0.0094
n60_graph0,60,1.0,1.0,2.5,insects,4,375.000000,nan,nan,1.677859e-10,0.0419
n60_graph0,60,1.0,1.0,2.5,insects,6,375.000000,nan,nan,5.441047e-15,0.8498
n60_graph0,60,1.0,1.0,5.0,insects,2,750.000000,nan,nan,1.871610e-12,0.0096
n60_graph0,60,1.0,1.0,5.0,insects,4,750.000000,nan,nan,2.314605e-21,0.0435
n60_graph0,60,1.0,1.0,5.0,insects,6,750.000000,nan,nan,3.407683e-30,0.8432
n60_graph1,60,0.0,0.016666666666666666,0.1,insects,2,46.186873,nan,nan,5.950205e+03,0.0096
n60_graph1,60,0.0,0.016666666666666666,0.1,insects,4,40.531717,nan,nan,3.546401e+03,0.0413
n60_graph1,60,0.0,0.016666666666666666,0.1,insects,6,42.777113,nan,nan,2.516312e+03,0.8361
n60_graph1,60,0.0,0.016666666666666666,0.2,insects,2,43.339626,nan,nan,2.950409e+03,0.0095
n60_graph1,60,0.0,0.016666666666666666,0.2,insects,4,44.778198,nan,nan,1.746799e+03,0.0431
n60_graph1,60,0.0,0.016666666666666666,0.2,insects,6,42.964426,nan,nan,1.231188e+03,0.8307
n60_graph1,60,0.0,0.016666666666666666,0.3,insects,2,41.908273,nan,nan,1.950612e+03,0.0095
n60_graph1,60,0.0,0.016666666666666666,0.3,insects,4,45.764609,nan,nan,1.147192e+03,0.0435
n60_graph1,60,0.0,0.016666666666666666,0.3,insects,6,46.396223,nan,nan,8.031973e+02,0.8479
n60_graph1,60,0.0,0.016666666666666666,0.5,insects,2,49.744517,nan,nan,1.151014e+03,0.0089
n60_graph1,60,0.0,0.016666666666666666,0.5,insects,4,51.003862,nan,nan,6.679676e+02,0.0427
n60_graph1,60,0.0,0.016666666666666666,0.5,insects,6,51.616518,nan,nan,4.614779e+02,0.8419
n60_graph1,60,0.0,0.016666666666666666,0.8,insects,2,73.414860,nan,nan,7.016095e+02,0.0122
n60_graph1,60,0.0,0.016666666666666666,0.8,insects,4,73.497531,nan,nan,3.991024e+02,0.0446
n60_graph1,60,0.0,0.016666666666666666,0.8,insects,6,73.519457,nan,nan,2.702675e+02,0.8322
n60_graph1,60,0.0,0.016666666666666666,1.0,insects,2,91.171404,nan,nan,5.520011e+02,0.0093
n60_graph1,60,0.0,0.016666666666666666,1.0,insects,4,91.183916,nan,nan,3.098405e+02,0.0423
n60_graph1,60,0.0,0.016666666666666666,1.0,insects,6,91.185840,nan,nan,2.070414e+02,0.8424
n60_graph1,60,0.0,0.016666666666666666,1.3,insects,2,118.326035,nan,nan,4.141192e+02,0.0090
n60_graph1,60,0.0,0.016666666666666666,1.3,insects,4,118.326922,nan,nan,2.278441e+02,0.0426
n60_graph1,60,0.0,0.016666666666666666,1.3,insects,6,118.326980,nan,nan,1.492351e+02,0.8458
n60_graph1,60,0.0,0.016666666666666666,1.8,insects,2,163.801197,nan,nan,2.868596e+02,0.0086
n60_graph1,60,0.0,0.016666666666666666,1.8,insects,4,163.801219,nan,nan,1.526530e+02,0.0401
n60_graph1,60,0.0,0.016666666666666666,1.8,insects,6,163.801219,nan,nan,9.670790e+01,0.8519
n60_graph1,60,0.0,0.016666666666666666,2.5,insects,2,227.500017,nan,nan,1.948084e+02,0.0088
n60_graph1,60,0.0,0.016666666666666666,2.5,insects,4,227.500017,nan,nan,9.894102e+01,0.0415
n60_graph1,60,0.0,0.016666666666666666,2.5,insects,6,227.500017,nan,nan,5.982269e+01,0.8346
n60_graph1,60,0.0,0.016666666666666666,5.0,insects,2,455.000000,nan,nan,7.901739e+01,0.0091
n60_graph1,60,0.0,0.016666666666666666,5.0,insects,4,455.000000,nan,nan,3.397106e+01,0.0421
n60_graph1,60,0.0,0.016666666666666666,5.0,insects,6,455.000000,nan,nan,1.738666e+01,0.8524
n60_graph1,60,0.1,0.1,0.1,insects,2,46.004507,nan,nan,9.512136e+02,0.0090
n60_graph1,60,0.1,0.1,0.1,insects,4,40.650080,nan,nan,5.483496e+02,0.0429
n60_graph1,60,0.1,0.1,0.1,insects,6,42.702312,nan,nan,3.763203e+02,0.8460
n60_graph1,60,0.1,0.1,0.2,insects,2,43.287524,nan,nan,4.523885e+02,0.0091
n60_graph1,60,0.1,0.1,0.2,insects,4,44.603405,nan,nan,2.505644e+02,0.0414
n60_graph1,60,0.1,0.1,0.2,insects,6,43.088840,nan,nan,1.652143e+02,0.8217
n60_graph1,60,0.1,0.1,0.3,insects,2,42.473646,nan,nan,2.868596e+02,0.0093
n60_graph1,60,0.1,0.1,0.3,insects,4,45.738360,nan,nan,1.526530e+02,0.0442
n60_graph1,60,0.1,0.1,0.3,insects,6,46.227074,nan,nan,9.670790e+01,0.8578
n60_graph1,60,0.1,0.1,0.5,insects,2,51.809022,nan,nan,1.556953e+02,0.0092
n60_graph1,60,0.1,0.1,0.5,insects,4,52.758739,nan,nan,7.648351e+01,0.0432
n60_graph1,60,0.1,0.1,0.5,insects,6,53.149007,nan,nan,4.472814e+01,0.8406
n60_graph1,60,0.1,0.1,0.8,insects,2,77.323462,nan,nan,8.370070e+01,0.0086
n60_graph1,60,0.1,0.1,0.8,insects,4,77.376632,nan,nan,3.646751e+01,0.0400
n60_graph1,60,0.1,0.1,0.8,insects,6,77.387397,nan,nan,1.891489e+01,0.8572
n60_graph1,60,0.1,0.1,1.0,insects,2,96.141510,nan,nan,6.055210e+01,0.0087
n60_graph1,60,0.1,0.1,1.0,insects,4,96.148782,nan,nan,2.435357e+01,0.0426
n60_graph1,60,0.1,0.1,1.0,insects,6,96.149582,nan,nan,1.166049e+01,0.8487
n60_graph1,60,0.1,0.1,1.3,insects,2,124.820572,nan,nan,4.004448e+01,0.0096
n60_graph1,60,0.1,0.1,1.3,insects,4,124.821017,nan,nan,1.428436e+01,0.0432
n60_graph1,60,0.1,0.1,1.3,insects,6,124.821036,nan,nan,6.065961e+00,0.8676
n60_graph1,60,0.1,0.1,1.8,insects,2,172.800878,nan,nan,2.246569e+01,0.0097
n60_graph1,60,0.1,0.1,1.8,insects,4,172.800887,nan,nan,6.561136e+00,0.0437
n60_graph1,60,0.1,0.1,1.8,insects,6,172.800887,nan,nan,2.281177e+00,0.8917
n60_graph1,60,0.1,0.1,2.5,insects,2,240.000011,nan,nan,1.134168e+01,0.0097
n60_graph1,60,0.1,0.1,2.5,insects,4,240.000011,nan,nan,2.503422e+00,0.0425
n60_graph1,60,0.1,0.1,2.5,insects,6,240.000011,nan,nan,6.578269e-01,0.8436
n60_graph1,60,0.1,0.1,5.0,insects,2,480.000000,nan,nan,1.575240e+00,0.0099
n60_graph1,60,0.1,0.1,5.0,insects,4,480.000000,nan,nan,1.279113e-01,0.0439
n60_graph1,60,0.1,0.1,5.0,insects,6,480.000000,nan,nan,1.236494e-02,0.8475
n60_graph1,60,0.2,0.2,0.1,insects,2,45.803531,nan,nan,4.523885e+02,0.0090
n60_graph1,60,0.2,0.2,0.1,insects,4,40.788577,nan,nan,2.505644e+02,0.0394
n60_graph1,60,0.2,0.2,0.1,insects,6,42.630980,nan,nan,1.652143e+02,0.8611
n60_graph1,60,0.2,0.2,0.2,insects,2,43.289707,nan,nan,2.046281e+02,0.0097
n60_graph1,60,0.2,0.2,0.2,insects,4,44.471365,nan,nan,1.046235e+02,0.0436
n60_graph1,60,0.2,0.2,0.2,insects,6,43.251007,nan,nan,6.368165e+01,0.8594
n60_graph1,60,0.2,0.2,0.3,insects,2,43.239700,nan,nan,1.233957e+02,0.0092
n60_graph1,60,0.2,0.2,0.3,insects,4,45.914946,nan,nan,5.823988e+01,0.0397
n60_graph1,60,0.2,0.2,0.3,insects,6,46.274312,nan,nan,3.272365e+01,0.8445
n60_graph1,60,0.2,0.2,0.5,insects,2,54.351306,nan,nan,6.055210e+01,0.0121
n60_graph1,60,0.2,0.2,0.5,insects,4,55.029675,nan,nan,2.435357e+01,0.0460
n60_graph1,60,0.2,0.2,0.5,insects,6,55.257338,nan,nan,1.166049e+01,0.8664
n60_graph1,60,0.2,0.2,0.8,insects,2,82.033127,nan,nan,2.796360e+01,0.0093
n60_graph1,60,0.2,0.2,0.8,insects,4,82.064587,nan,nan,8.846995e+00,0.0430
n60_graph1,60,0.2,0.2,0.8,insects,6,82.069194,nan,nan,3.332110e+00,0.8541
n60_graph1,60,0.2,0.2,1.0,insects,2,102.112928,nan,nan,1.827192e+01,0.0092
n60_graph1,60,0.2,0.2,1.0,insects,4,102.116746,nan,nan,4.926060e+00,0.0432
n60_graph1,60,0.2,0.2,1.0,insects,6,102.117027,nan,nan,1.581015e+00,0.9060
n60_graph1,60,0.2,0.2,1.3,insects,2,132.615577,nan,nan,1.036482e+01,0.0086
n60_graph1,60,0.2,0.2,1.3,insects,4,132.615773,nan,nan,2.198096e+00,0.0410
n60_graph1,60,0.2,0.2,1.3,insects,6,132.615778,nan,nan,5.549482e-01,0.8536
n60_graph1,60,0.2,0.2,1.8,insects,2,183.600608,nan,nan,4.493936e+00,0.0086
n60_graph1,60,0.2,0.2,1.8,insects,4,183.600610,nan,nan,6.388429e-01,0.0392
n60_graph1,60,0.2,0.2,1.8,insects,6,183.600610,nan,nan,1.081140e-01,0.8353
n60_graph1,60,0.2,0.2,2.5,insects,2,255.000007,nan,nan,1.575240e+00,0.0093
n60_graph1,60,0.2,0.2,2.5,insects,4,255.000007,nan,nan,1.279113e-01,0.0424
n60_graph1,60,0.2,0.2,2.5,insects,6,255.000007,nan,nan,1.236494e-02,0.8970
n60_graph1,60,0.2,0.2,5.0,insects,2,510.000000,nan,nan,5.733441e-02,0.0094
n60_graph1,60,0.2,0.2,5.0,insects,4,510.000000,nan,nan,6.300698e-04,0.0437
n60_graph1,60,0.2,0.2,5.0,insects,6,510.000000,nan,nan,8.242951e-06,0.8453
n60_graph1,60,0.5,0.5,0.1,insects,2,45.312632,nan,nan,1.556953e+02,0.0093
n60_graph1,60,0.5,0.5,0.1,insects,4,41.190381,nan,nan,7.648351e+01,0.0425
n60_graph1,60,0.5,0.5,0.1,insects,6,42.524230,nan,nan,4.472814e+01,0.8855
n60_graph1,60,0.5,0.5,0.2,insects,2,43.678786,nan,nan,6.055210e+01,0.0094
n60_graph1,60,0.5,0.5,0.2,insects,4,44.531378,nan,nan,2.435357e+01,0.0445
n60_graph1,60,0.5,0.5,0.2,insects,6,43.891532,nan,nan,1.166049e+01,0.8554
n60_graph1,60,0.5,0.5,0.3,insects,2,46.028753,nan,nan,3.137332e+01,0.0088
n60_graph1,60,0.5,0.5,0.3,insects,4,47.507530,nan,nan,1.033083e+01,0.0421
n60_graph1,60,0.5,0.5,0.3,insects,6,47.650732,nan,nan,4.049770e+00,0.8435
n60_graph1,60,0.5,0.5,0.5,insects,2,62.308832,nan,nan,1.134168e+01,0.0087
n60_graph1,60,0.5,0.5,0.5,insects,4,62.559389,nan,nan,2.503422e+00,0.0433
n60_graph1,60,0.5,0.5,0.5,insects,6,62.605214,nan,nan,6.578269e-01,0.8485
n60_graph1,60,0.5,0.5,0.8,insects,2,96.250423,nan,nan,3.294815e+00,0.0089
n60_graph1,60,0.5,0.5,0.8,insects,4,96.257126,nan,nan,3.991270e-01,0.0416
n60_graph1,60,0.5,0.5,0.8,insects,6,96.257498,nan,nan,5.755882e-02,0.8287
n60_graph1,60,0.5,0.5,1.0,insects,2,120.058699,nan,nan,1.575240e+00,0.0093
n60_graph1,60,0.5,0.5,1.0,insects,4,120.059272,nan,nan,1.279113e-01,0.0399
n60_graph1,60,0.5,0.5,1.0,insects,6,120.059284,nan,nan,1.236494e-02,0.8484
n60_graph1,60,0.5,0.5,1.3,insects,2,156.006902,nan,nan,5.565030e-01,0.0100
n60_graph1,60,0.5,0.5,1.3,insects,4,156.006919,nan,nan,2.480008e-02,0.0429
n60_graph1,60,0.5,0.5,1.3,insects,6,156.006919,nan,nan,1.315708e-03,0.8624
n60_graph1,60,0.5,0.5,1.8,insects,2,216.000204,nan,nan,1.082203e-01,0.0100
n60_graph1,60,0.5,0.5,1.8,insects,4,216.000204,nan,nan,1.774189e-03,0.0428
n60_graph1,60,0.5,0.5,1.8,insects,6,216.000204,nan,nan,3.462675e-05,0.8532
n60_graph1,60,0.5,0.5,2.5,insects,2,300.000002,nan,nan,1.205088e-02,0.0090
n60_graph1,60,0.5,0.5,2.5,insects,4,300.000002,nan,nan,4.871893e-05,0.0412
n60_graph1,60,0.5,0.5,2.5,insects,6,300.000002,nan,nan,2.344754e-07,0.8360
n60_graph1,60,0.5,0.5,5.0,insects,2,600.000000,nan,nan,6.159549e-06,0.0092
n60_graph1,60,0.5,0.5,5.0,insects,4,600.000000,nan,nan,1.677859e-10,0.0414
n60_graph1,60,0.5,0.5,5.0,insects,6,600.000000,nan,nan,5.441047e-15,0.8483
n60_graph1,60,1.0,1.0,0.1,insects,2,44.839635,nan,nan,6.055210e+01,0.0096
n60_graph1,60,1.0,1.0,0.1,insects,4,41.861714,nan,nan,2.435357e+01,0.0439
n60_graph1,60,1.0,1.0,0.1,insects,6,42.641764,nan,nan,1.166049e+01,0.8625
n60_graph1,60,1.0,1.0,0.2,insects,2,45.386942,nan,nan,1.827192e+01,0.0091
n60_graph1,60,1.0,1.0,0.2,insects,4,45.876841,nan,nan,4.926060e+00,0.0431
n60_graph1,60,1.0,1.0,0.2,insects,6,45.657094,nan,nan,1.581015e+00,0.8438
n60_graph1,60,1.0,1.0,0.3,insects,2,51.914643,nan,nan,7.327267e+00,0.0130
n60_graph1,60,1.0,1.0,0.3,insects,4,52.473007,nan,nan,1.324158e+00,0.0452
n60_graph1,60,1.0,1.0,0.3,insects,6,52.504108,nan,nan,2.848777e-01,0.8668
n60_graph1,60,1.0,1.0,0.5,insects,2,76.281771,nan,nan,1.575240e+00,0.0085
n60_graph1,60,1.0,1.0,0.5,insects,4,76.331342,nan,nan,1.279113e-01,0.0390
n60_graph1,60,1.0,1.0,0.5,insects,6,76.334644,nan,nan,1.236494e-02,0.8270
n60_graph1,60,1.0,1.0,0.8,insects,2,120.105458,nan,nan,2.062326e-01,0.0092
n60_graph1,60,1.0,1.0,0.8,insects,4,120.106005,nan,nan,5.043897e-03,0.0433
n60_graph1,60,1.0,1.0,0.8,insects,6,120.106011,nan,nan,1.468574e-04,0.8423
n60_graph1,60,1.0,1.0,1.0,insects,2,150.020667,nan,nan,5.733441e-02,0.0087
n60_graph1,60,1.0,1.0,1.0,insects,4,150.020694,nan,nan,6.300698e-04,0.0390
n60_graph1,60,1.0,1.0,1.0,insects,6,150.020694,nan,nan,8.242951e-06,0.8437
n60_graph1,60,1.0,1.0,1.3,insects,2,195.001841,nan,nan,8.852183e-03,0.0090
n60_graph1,60,1.0,1.0,1.3,insects,4,195.001841,nan,nan,2.930018e-05,0.0413
n60_graph1,60,1.0,1.0,1.3,insects,6,195.001841,nan,nan,1.154545e-07,0.8536
n60_graph1,60,1.0,1.0,1.8,insects,2,270.000033,nan,nan,4.194510e-04,0.0098
n60_graph1,60,1.0,1.0,1.8,insects,4,270.000033,nan,nan,1.878937e-07,0.0445
n60_graph1,60,1.0,1.0,1.8,insects,6,270.000033,nan,nan,1.001991e-10,0.8456
n60_graph1,60,1.0,1.0,2.5,insects,2,375.000000,nan,nan,6.159549e-06,0.0094
n60_graph1,60,1.0,1.0,2.5,insects,4,375.000000,nan,nan,1.677859e-10,0.0423
n60_graph1,60,1.0,1.0,2.5,insects,6,375.000000,nan,nan,5.441047e-15,0.8418
n60_graph1,60,1.0,1.0,5.0,insects,2,750.000000,nan,nan,1.871610e-12,0.0093
n60_graph1,60,1.0,1.0,5.0,insects,4,750.000000,nan,nan,2.314605e-21,0.0433
n60_graph1,60,1.0,1.0,5.0,insects,6,750.000000,nan,nan,3.407683e-30,0.8424
