graph_id,n,h,beta,K,variant,log_Z
n16_graph0,16,0.0,0.1,3,asym,11.211475
n16_graph0,16,0.0,0.1,3,exact,11.211145
n16_graph0,16,0.0,0.1,4,asym,11.211672
n16_graph0,16,0.0,0.1,4,exact,11.211342
n16_graph0,16,0.0,0.1,5,asym,11.211704
n16_graph0,16,0.0,0.1,5,exact,11.211392
n16_graph0,16,0.0,0.1,6,asym,11.211709
n16_graph0,16,0.0,0.1,6,exact,11.211397
n16_graph0,16,0.0,0.1,7,asym,11.211710
n16_graph0,16,0.0,0.1,7,exact,11.211398
n16_graph0,16,0.0,0.1,8,asym,11.211710
n16_graph0,16,0.0,0.1,8,exact,11.211398
n16_graph0,16,0.0,0.1,9,asym,11.211710
n16_graph0,16,0.0,0.1,9,exact,11.211398
n16_graph0,16,0.0,0.1,10,asym,11.211710
n16_graph0,16,0.0,0.1,10,exact,11.211398
n16_graph0,16,0.0,0.1,11,asym,11.211710
n16_graph0,16,0.0,0.1,11,exact,11.211398
n16_graph0,16,0.0,0.1,12,asym,11.211710
n16_graph0,16,0.0,0.1,12,exact,11.211398
n16_graph0,16,0.0,0.1,13,asym,11.211710
n16_graph0,16,0.0,0.1,13,exact,11.211398
n16_graph0,16,0.0,0.1,14,asym,11.211710
n16_graph0,16,0.0,0.1,14,exact,11.211398
n16_graph0,16,0.0,0.1,15,asym,11.211710
n16_graph0,16,0.0,0.1,15,exact,11.211398
n16_graph0,16,0.0,0.1,16,asym,11.211710
n16_graph0,16,0.0,0.1,16,exact,11.211398
n16_graph0,16,0.0,0.2,3,asym,11.577402
n16_graph0,16,0.0,0.2,3,exact,11.574848
n16_graph0,16,0.0,0.2,4,asym,11.580435
n16_graph0,16,0.0,0.2,4,exact,11.577881
n16_graph0,16,0.0,0.2,5,asym,11.581393
n16_graph0,16,0.0,0.2,5,exact,11.579379
n16_graph0,16,0.0,0.2,6,asym,11.581708
n16_graph0,16,0.0,0.2,6,exact,11.579694
n16_graph0,16,0.0,0.2,7,asym,11.581815
n16_graph0,16,0.0,0.2,7,exact,11.579801
n16_graph0,16,0.0,0.2,8,asym,11.581852
n16_graph0,16,0.0,0.2,8,exact,11.579838
n16_graph0,16,0.0,0.2,9,asym,11.581865
n16_graph0,16,0.0,0.2,9,exact,11.579851
n16_graph0,16,0.0,0.2,10,asym,11.581869
n16_graph0,16,0.0,0.2,10,exact,11.579855
n16_graph0,16,0.0,0.2,11,asym,11.581871
n16_graph0,16,0.0,0.2,11,exact,11.579857
n16_graph0,16,0.0,0.2,12,asym,11.581872
n16_graph0,16,0.0,0.2,12,exact,11.579857
n16_graph0,16,0.0,0.2,13,asym,11.581872
n16_graph0,16,0.0,0.2,13,exact,11.579858
n16_graph0,16,0.0,0.2,14,asym,11.581872
n16_graph0,16,0.0,0.2,14,exact,11.579858
n16_graph0,16,0.0,0.2,15,asym,11.581872
n16_graph0,16,0.0,0.2,15,exact,11.579858
n16_graph0,16,0.0,0.2,16,asym,11.581872
n16_graph0,16,0.0,0.2,16,exact,11.579858
n16_graph0,16,0.0,0.3,3,asym,12.187095
n16_graph0,16,0.0,0.3,3,exact,12.178954
n16_graph0,16,0.0,0.3,4,asym,12.201447
n16_graph0,16,0.0,0.3,4,exact,12.193306
n16_graph0,16,0.0,0.3,5,asym,12.208153
n16_graph0,16,0.0,0.3,5,exact,12.203785
n16_graph0,16,0.0,0.3,6,asym,12.211412
n16_graph0,16,0.0,0.3,6,exact,12.207044
n16_graph0,16,0.0,0.3,7,asym,12.213039
n16_graph0,16,0.0,0.3,7,exact,12.208671
n16_graph0,16,0.0,0.3,8,asym,12.213869
n16_graph0,16,0.0,0.3,8,exact,12.209501
n16_graph0,16,0.0,0.3,9,asym,12.214299
n16_graph0,16,0.0,0.3,9,exact,12.209931
n16_graph0,16,0.0,0.3,10,asym,12.214524
n16_graph0,16,0.0,0.3,10,exact,12.210156
n16_graph0,16,0.0,0.3,11,asym,12.214643
n16_graph0,16,0.0,0.3,11,exact,12.210276
n16_graph0,16,0.0,0.3,12,asym,12.214707
n16_graph0,16,0.0,0.3,12,exact,12.210339
n16_graph0,16,0.0,0.3,13,asym,12.214742
n16_graph0,16,0.0,0.3,13,exact,12.210374
n16_graph0,16,0.0,0.3,14,asym,12.214760
n16_graph0,16,0.0,0.3,14,exact,12.210392
n16_graph0,16,0.0,0.3,15,asym,12.214770
n16_graph0,16,0.0,0.3,15,exact,12.210402
n16_graph0,16,0.0,0.3,16,asym,12.214776
n16_graph0,16,0.0,0.3,16,exact,12.210408
n16_graph0,16,0.0,0.5,3,asym,14.098590
n16_graph0,16,0.0,0.5,3,exact,14.067218
n16_graph0,16,0.0,0.5,4,asym,14.187780
n16_graph0,16,0.0,0.5,4,exact,14.156409
n16_graph0,16,0.0,0.5,5,asym,14.254518
n16_graph0,16,0.0,0.5,5,exact,14.260687
n16_graph0,16,0.0,0.5,6,asym,14.306208
n16_graph0,16,0.0,0.5,6,exact,14.312377
n16_graph0,16,0.0,0.5,7,asym,14.347264
n16_graph0,16,0.0,0.5,7,exact,14.353432
n16_graph0,16,0.0,0.5,8,asym,14.380506
n16_graph0,16,0.0,0.5,8,exact,14.386674
n16_graph0,16,0.0,0.5,9,asym,14.407830
n16_graph0,16,0.0,0.5,9,exact,14.413999
n16_graph0,16,0.0,0.5,10,asym,14.430565
n16_graph0,16,0.0,0.5,10,exact,14.436734
n16_graph0,16,0.0,0.5,11,asym,14.449670
n16_graph0,16,0.0,0.5,11,exact,14.455838
n16_graph0,16,0.0,0.5,12,asym,14.465856
n16_graph0,16,0.0,0.5,12,exact,14.472025
n16_graph0,16,0.0,0.5,13,asym,14.479666
n16_graph0,16,0.0,0.5,13,exact,14.485835
n16_graph0,16,0.0,0.5,14,asym,14.491518
n16_graph0,16,0.0,0.5,14,exact,14.497686
n16_graph0,16,0.0,0.5,15,asym,14.501742
n16_graph0,16,0.0,0.5,15,exact,14.507910
n16_graph0,16,0.0,0.5,16,asym,14.510600
n16_graph0,16,0.0,0.5,16,exact,14.516769
n16_graph0,16,0.0,0.8,3,asym,18.410858
n16_graph0,16,0.0,0.8,3,exact,18.325254
n16_graph0,16,0.0,0.8,4,asym,18.766200
n16_graph0,16,0.0,0.8,4,exact,18.680596
n16_graph0,16,0.0,0.8,5,asym,19.154776
n16_graph0,16,0.0,0.8,5,exact,19.287745
n16_graph0,16,0.0,0.8,6,asym,19.593475
n16_graph0,16,0.0,0.8,6,exact,19.726445
n16_graph0,16,0.0,0.8,7,asym,20.099706
n16_graph0,16,0.0,0.8,7,exact,20.232675
n16_graph0,16,0.0,0.8,8,asym,20.693416
n16_graph0,16,0.0,0.8,8,exact,20.826385
n16_graph0,16,0.0,0.8,9,asym,21.398647
n16_graph0,16,0.0,0.8,9,exact,21.531617
n16_graph0,16,0.0,0.8,10,asym,22.245088
n16_graph0,16,0.0,0.8,10,exact,22.378057
n16_graph0,16,0.0,0.8,11,asym,23.269862
n16_graph0,16,0.0,0.8,11,exact,23.402831
n16_graph0,16,0.0,0.8,12,asym,24.519726
n16_graph0,16,0.0,0.8,12,exact,24.652696
n16_graph0,16,0.0,0.8,13,asym,26.053837
n16_graph0,16,0.0,0.8,13,exact,26.186806
n16_graph0,16,0.0,0.8,14,asym,27.947265
n16_graph0,16,0.0,0.8,14,exact,28.080234
n16_graph0,16,0.0,0.8,15,asym,30.295511
n16_graph0,16,0.0,0.8,15,exact,30.428481
n16_graph0,16,0.0,0.8,16,asym,33.220296
n16_graph0,16,0.0,0.8,16,exact,33.353265
n16_graph0,16,0.0,1,3,asym,21.988900
n16_graph0,16,0.0,1,3,exact,21.866948
n16_graph0,16,0.0,1,4,asym,22.568903
n16_graph0,16,0.0,1,4,exact,22.446952
n16_graph0,16,0.0,1,5,asym,23.298854
n16_graph0,16,0.0,1,5,exact,23.587500
n16_graph0,16,0.0,1,6,asym,24.249582
n16_graph0,16,0.0,1,6,exact,24.538228
n16_graph0,16,0.0,1,7,asym,25.516395
n16_graph0,16,0.0,1,7,exact,25.805041
n16_graph0,16,0.0,1,8,asym,27.231999
n16_graph0,16,0.0,1,8,exact,27.520645
n16_graph0,16,0.0,1,9,asym,29.583965
n16_graph0,16,0.0,1,9,exact,29.872611
n16_graph0,16,0.0,1,10,asym,32.839523
n16_graph0,16,0.0,1,10,exact,33.128169
n16_graph0,16,0.0,1,11,asym,37.381338
n16_graph0,16,0.0,1,11,exact,37.669984
n16_graph0,16,0.0,1,12,asym,43.759441
n16_graph0,16,0.0,1,12,exact,44.048087
n16_graph0,16,0.0,1,13,asym,52.766870
n16_graph0,16,0.0,1,13,exact,53.055516
n16_graph0,16,0.0,1,14,asym,65.550077
n16_graph0,16,0.0,1,14,exact,65.838723
n16_graph0,16,0.0,1,15,asym,83.770373
n16_graph0,16,0.0,1,15,exact,84.059019
n16_graph0,16,0.0,1,16,asym,109.840341
n16_graph0,16,0.0,1,16,exact,110.128987
n16_graph0,16,0.0,1.3,3,asym,28.033798
n16_graph0,16,0.0,1.3,3,exact,27.868923
n16_graph0,16,0.0,1.3,4,asym,28.912121
n16_graph0,16,0.0,1.3,4,exact,28.747245
n16_graph0,16,0.0,1.3,5,asym,30.156171
n16_graph0,16,0.0,1.3,5,exact,30.691073
n16_graph0,16,0.0,1.3,6,asym,31.986589
n16_graph0,16,0.0,1.3,6,exact,32.521491
n16_graph0,16,0.0,1.3,7,asym,34.749597
n16_graph0,16,0.0,1.3,7,exact,35.284500
n16_graph0,16,0.0,1.3,8,asym,38.997169
n16_graph0,16,0.0,1.3,8,exact,39.532072
n16_graph0,16,0.0,1.3,9,asym,45.616245
n16_graph0,16,0.0,1.3,9,exact,46.151147
n16_graph0,16,0.0,1.3,10,asym,56.039237
n16_graph0,16,0.0,1.3,10,exact,56.574139
n16_graph0,16,0.0,1.3,11,asym,72.588460
n16_graph0,16,0.0,1.3,11,exact,73.123363
n16_graph0,16,0.0,1.3,12,asym,99.041173
n16_graph0,16,0.0,1.3,12,exact,99.576075
n16_graph0,16,0.0,1.3,13,asym,141.558472
n16_graph0,16,0.0,1.3,13,exact,142.093374
n16_graph0,16,0.0,1.3,14,asym,210.215173
n16_graph0,16,0.0,1.3,14,exact,210.750076
n16_graph0,16,0.0,1.3,15,asym,321.523751
n16_graph0,16,0.0,1.3,15,exact,322.058654
n16_graph0,16,0.0,1.3,16,asym,502.604762
n16_graph0,16,0.0,1.3,16,exact,503.139664
n16_graph0,16,0.0,1.8,3,asym,39.121144
n16_graph0,16,0.0,1.8,3,exact,38.916306
n16_graph0,16,0.0,1.8,4,asym,40.300721
n16_graph0,16,0.0,1.8,4,exact,40.095884
n16_graph0,16,0.0,1.8,5,asym,42.111290
n16_graph0,16,0.0,1.8,5,exact,42.924897
n16_graph0,16,0.0,1.8,6,asym,45.004887
n16_graph0,16,0.0,1.8,6,exact,45.818494
n16_graph0,16,0.0,1.8,7,asym,49.759386
n16_graph0,16,0.0,1.8,7,exact,50.572993
n16_graph0,16,0.0,1.8,8,asym,57.730868
n16_graph0,16,0.0,1.8,8,exact,58.544475
n16_graph0,16,0.0,1.8,9,asym,71.302395
n16_graph0,16,0.0,1.8,9,exact,72.116002
n16_graph0,16,0.0,1.8,10,asym,94.687171
n16_graph0,16,0.0,1.8,10,exact,95.500778
n16_graph0,16,0.0,1.8,11,asym,135.371396
n16_graph0,16,0.0,1.8,11,exact,136.185003
n16_graph0,16,0.0,1.8,12,asym,206.714240
n16_graph0,16,0.0,1.8,12,exact,207.527847
n16_graph0,16,0.0,1.8,13,asym,332.645246
n16_graph0,16,0.0,1.8,13,exact,333.458853
n16_graph0,16,0.0,1.8,14,asym,556.171150
n16_graph0,16,0.0,1.8,14,exact,556.984757
n16_graph0,16,0.0,1.8,15,asym,954.814172
n16_graph0,16,0.0,1.8,15,exact,955.627779
n16_graph0,16,0.0,1.8,16,asym,1668.683705
n16_graph0,16,0.0,1.8,16,exact,1669.497312
n16_graph0,16,0.0,2.5,3,asym,55.513507
n16_graph0,16,0.0,2.5,3,exact,55.289128
n16_graph0,16,0.0,2.5,4,asym,56.846624
n16_graph0,16,0.0,2.5,4,exact,56.622245
n16_graph0,16,0.0,2.5,5,asym,58.958702
n16_graph0,16,0.0,2.5,5,exact,59.922366
n16_graph0,16,0.0,2.5,6,asym,62.444226
n16_graph0,16,0.0,2.5,6,exact,63.407891
n16_graph0,16,0.0,2.5,7,asym,68.360503
n16_graph0,16,0.0,2.5,7,exact,69.324168
n16_graph0,16,0.0,2.5,8,asym,78.611622
n16_graph0,16,0.0,2.5,8,exact,79.575286
n16_graph0,16,0.0,2.5,9,asym,96.655138
n16_graph0,16,0.0,2.5,9,exact,97.618803
n16_graph0,16,0.0,2.5,10,asym,128.810532
n16_graph0,16,0.0,2.5,10,exact,129.774197
n16_graph0,16,0.0,2.5,11,asym,186.691937
n16_graph0,16,0.0,2.5,11,exact,187.655602
n16_graph0,16,0.0,2.5,12,asym,291.746816
n16_graph0,16,0.0,2.5,12,exact,292.710481
n16_graph0,16,0.0,2.5,13,asym,483.749670
n16_graph0,16,0.0,2.5,13,exact,484.713335
n16_graph0,16,0.0,2.5,14,asym,836.741335
n16_graph0,16,0.0,2.5,14,exact,837.705000
n16_graph0,16,0.0,2.5,15,asym,1489.016141
n16_graph0,16,0.0,2.5,15,exact,1489.979806
n16_graph0,16,0.0,2.5,16,asym,2699.667874
n16_graph0,16,0.0,2.5,16,exact,2700.631538
n16_graph0,16,0.0,5,3,asym,115.379927
n16_graph0,16,0.0,5,3,exact,115.148923
n16_graph0,16,0.0,5,4,asym,116.765858
n16_graph0,16,0.0,5,4,exact,116.534854
n16_graph0,16,0.0,5,5,asym,118.983203
n16_graph0,16,0.0,5,5,exact,119.999455
n16_graph0,16,0.0,5,6,asym,122.678535
n16_graph0,16,0.0,5,6,exact,123.694788
n16_graph0,16,0.0,5,7,asym,129.012976
n16_graph0,16,0.0,5,7,exact,130.029228
n16_graph0,16,0.0,5,8,asym,140.097520
n16_graph0,16,0.0,5,8,exact,141.113773
n16_graph0,16,0.0,5,9,asym,159.802087
n16_graph0,16,0.0,5,9,exact,160.818339
n16_graph0,16,0.0,5,10,asym,195.267983
n16_graph0,16,0.0,5,10,exact,196.284236
n16_graph0,16,0.0,5,11,asym,259.747206
n16_graph0,16,0.0,5,11,exact,260.763459
n16_graph0,16,0.0,5,12,asym,377.951371
n16_graph0,16,0.0,5,12,exact,378.967624
n16_graph0,16,0.0,5,13,asym,596.160149
n16_graph0,16,0.0,5,13,exact,597.176402
n16_graph0,16,0.0,5,14,asym,1001.378473
n16_graph0,16,0.0,5,14,exact,1002.394725
n16_graph0,16,0.0,5,15,asym,1757.736454
n16_graph0,16,0.0,5,15,exact,1758.752706
n16_graph0,16,0.0,5,16,asym,3175.814755
n16_graph0,16,0.0,5,16,exact,3176.831008
n16_graph1,16,0.0,0.1,3,asym,11.211475
n16_graph1,16,0.0,0.1,3,exact,11.214114
n16_graph1,16,0.0,0.1,4,asym,11.211672
n16_graph1,16,0.0,0.1,4,exact,11.214508
n16_graph1,16,0.0,0.1,5,asym,11.211704
n16_graph1,16,0.0,0.1,5,exact,11.214567
n16_graph1,16,0.0,0.1,6,asym,11.211709
n16_graph1,16,0.0,0.1,6,exact,11.214573
n16_graph1,16,0.0,0.1,7,asym,11.211710
n16_graph1,16,0.0,0.1,7,exact,11.214574
n16_graph1,16,0.0,0.1,8,asym,11.211710
n16_graph1,16,0.0,0.1,8,exact,11.214574
n16_graph1,16,0.0,0.1,9,asym,11.211710
n16_graph1,16,0.0,0.1,9,exact,11.214574
n16_graph1,16,0.0,0.1,10,asym,11.211710
n16_graph1,16,0.0,0.1,10,exact,11.214574
n16_graph1,16,0.0,0.1,11,asym,11.211710
n16_graph1,16,0.0,0.1,11,exact,11.214574
n16_graph1,16,0.0,0.1,12,asym,11.211710
n16_graph1,16,0.0,0.1,12,exact,11.214574
n16_graph1,16,0.0,0.1,13,asym,11.211710
n16_graph1,16,0.0,0.1,13,exact,11.214574
n16_graph1,16,0.0,0.1,14,asym,11.211710
n16_graph1,16,0.0,0.1,14,exact,11.214574
n16_graph1,16,0.0,0.1,15,asym,11.211710
n16_graph1,16,0.0,0.1,15,exact,11.214574
n16_graph1,16,0.0,0.1,16,asym,11.211710
n16_graph1,16,0.0,0.1,16,exact,11.214574
n16_graph1,16,0.0,0.2,3,asym,11.577402
n16_graph1,16,0.0,0.2,3,exact,11.597828
n16_graph1,16,0.0,0.2,4,asym,11.580435
n16_graph1,16,0.0,0.2,4,exact,11.603894
n16_graph1,16,0.0,0.2,5,asym,11.581393
n16_graph1,16,0.0,0.2,5,exact,11.605691
n16_graph1,16,0.0,0.2,6,asym,11.581708
n16_graph1,16,0.0,0.2,6,exact,11.606006
n16_graph1,16,0.0,0.2,7,asym,11.581815
n16_graph1,16,0.0,0.2,7,exact,11.606113
n16_graph1,16,0.0,0.2,8,asym,11.581852
n16_graph1,16,0.0,0.2,8,exact,11.606149
n16_graph1,16,0.0,0.2,9,asym,11.581865
n16_graph1,16,0.0,0.2,9,exact,11.606162
n16_graph1,16,0.0,0.2,10,asym,11.581869
n16_graph1,16,0.0,0.2,10,exact,11.606167
n16_graph1,16,0.0,0.2,11,asym,11.581871
n16_graph1,16,0.0,0.2,11,exact,11.606169
n16_graph1,16,0.0,0.2,12,asym,11.581872
n16_graph1,16,0.0,0.2,12,exact,11.606169
n16_graph1,16,0.0,0.2,13,asym,11.581872
n16_graph1,16,0.0,0.2,13,exact,11.606169
n16_graph1,16,0.0,0.2,14,asym,11.581872
n16_graph1,16,0.0,0.2,14,exact,11.606170
n16_graph1,16,0.0,0.2,15,asym,11.581872
n16_graph1,16,0.0,0.2,15,exact,11.606170
n16_graph1,16,0.0,0.2,16,asym,11.581872
n16_graph1,16,0.0,0.2,16,exact,11.606170
n16_graph1,16,0.0,0.3,3,asym,12.187095
n16_graph1,16,0.0,0.3,3,exact,12.252218
n16_graph1,16,0.0,0.3,4,asym,12.201447
n16_graph1,16,0.0,0.3,4,exact,12.280921
n16_graph1,16,0.0,0.3,5,asym,12.208153
n16_graph1,16,0.0,0.3,5,exact,12.293496
n16_graph1,16,0.0,0.3,6,asym,12.211412
n16_graph1,16,0.0,0.3,6,exact,12.296754
n16_graph1,16,0.0,0.3,7,asym,12.213039
n16_graph1,16,0.0,0.3,7,exact,12.298382
n16_graph1,16,0.0,0.3,8,asym,12.213869
n16_graph1,16,0.0,0.3,8,exact,12.299212
n16_graph1,16,0.0,0.3,9,asym,12.214299
n16_graph1,16,0.0,0.3,9,exact,12.299642
n16_graph1,16,0.0,0.3,10,asym,12.214524
n16_graph1,16,0.0,0.3,10,exact,12.299867
n16_graph1,16,0.0,0.3,11,asym,12.214643
n16_graph1,16,0.0,0.3,11,exact,12.299986
n16_graph1,16,0.0,0.3,12,asym,12.214707
n16_graph1,16,0.0,0.3,12,exact,12.300050
n16_graph1,16,0.0,0.3,13,asym,12.214742
n16_graph1,16,0.0,0.3,13,exact,12.300084
n16_graph1,16,0.0,0.3,14,asym,12.214760
n16_graph1,16,0.0,0.3,14,exact,12.300103
n16_graph1,16,0.0,0.3,15,asym,12.214770
n16_graph1,16,0.0,0.3,15,exact,12.300113
n16_graph1,16,0.0,0.3,16,asym,12.214776
n16_graph1,16,0.0,0.3,16,exact,12.300118
n16_graph1,16,0.0,0.5,3,asym,14.098590
n16_graph1,16,0.0,0.5,3,exact,14.349563
n16_graph1,16,0.0,0.5,4,asym,14.187780
n16_graph1,16,0.0,0.5,4,exact,14.527944
n16_graph1,16,0.0,0.5,5,asym,14.254518
n16_graph1,16,0.0,0.5,5,exact,14.653078
n16_graph1,16,0.0,0.5,6,asym,14.306208
n16_graph1,16,0.0,0.5,6,exact,14.704768
n16_graph1,16,0.0,0.5,7,asym,14.347264
n16_graph1,16,0.0,0.5,7,exact,14.745824
n16_graph1,16,0.0,0.5,8,asym,14.380506
n16_graph1,16,0.0,0.5,8,exact,14.779065
n16_graph1,16,0.0,0.5,9,asym,14.407830
n16_graph1,16,0.0,0.5,9,exact,14.806390
n16_graph1,16,0.0,0.5,10,asym,14.430565
n16_graph1,16,0.0,0.5,10,exact,14.829125
n16_graph1,16,0.0,0.5,11,asym,14.449670
n16_graph1,16,0.0,0.5,11,exact,14.848230
n16_graph1,16,0.0,0.5,12,asym,14.465856
n16_graph1,16,0.0,0.5,12,exact,14.864416
n16_graph1,16,0.0,0.5,13,asym,14.479666
n16_graph1,16,0.0,0.5,13,exact,14.878226
n16_graph1,16,0.0,0.5,14,asym,14.491518
n16_graph1,16,0.0,0.5,14,exact,14.890078
n16_graph1,16,0.0,0.5,15,asym,14.501742
n16_graph1,16,0.0,0.5,15,exact,14.900302
n16_graph1,16,0.0,0.5,16,asym,14.510600
n16_graph1,16,0.0,0.5,16,exact,14.909160
n16_graph1,16,0.0,0.8,3,asym,18.410858
n16_graph1,16,0.0,0.8,3,exact,19.095693
n16_graph1,16,0.0,0.8,4,asym,18.766200
n16_graph1,16,0.0,0.8,4,exact,19.806377
n16_graph1,16,0.0,0.8,5,asym,19.154776
n16_graph1,16,0.0,0.8,5,exact,20.534957
n16_graph1,16,0.0,0.8,6,asym,19.593475
n16_graph1,16,0.0,0.8,6,exact,20.973656
n16_graph1,16,0.0,0.8,7,asym,20.099706
n16_graph1,16,0.0,0.8,7,exact,21.479887
n16_graph1,16,0.0,0.8,8,asym,20.693416
n16_graph1,16,0.0,0.8,8,exact,22.073597
n16_graph1,16,0.0,0.8,9,asym,21.398647
n16_graph1,16,0.0,0.8,9,exact,22.778828
n16_graph1,16,0.0,0.8,10,asym,22.245088
n16_graph1,16,0.0,0.8,10,exact,23.625269
n16_graph1,16,0.0,0.8,11,asym,23.269862
n16_graph1,16,0.0,0.8,11,exact,24.650043
n16_graph1,16,0.0,0.8,12,asym,24.519726
n16_graph1,16,0.0,0.8,12,exact,25.899907
n16_graph1,16,0.0,0.8,13,asym,26.053837
n16_graph1,16,0.0,0.8,13,exact,27.434018
n16_graph1,16,0.0,0.8,14,asym,27.947265
n16_graph1,16,0.0,0.8,14,exact,29.327446
n16_graph1,16,0.0,0.8,15,asym,30.295511
n16_graph1,16,0.0,0.8,15,exact,31.675692
n16_graph1,16,0.0,0.8,16,asym,33.220296
n16_graph1,16,0.0,0.8,16,exact,34.600477
n16_graph1,16,0.0,1,3,asym,21.988900
n16_graph1,16,0.0,1,3,exact,22.964509
n16_graph1,16,0.0,1,4,asym,22.568903
n16_graph1,16,0.0,1,4,exact,24.124516
n16_graph1,16,0.0,1,5,asym,23.298854
n16_graph1,16,0.0,1,5,exact,25.493173
n16_graph1,16,0.0,1,6,asym,24.249582
n16_graph1,16,0.0,1,6,exact,26.443902
n16_graph1,16,0.0,1,7,asym,25.516395
n16_graph1,16,0.0,1,7,exact,27.710714
n16_graph1,16,0.0,1,8,asym,27.231999
n16_graph1,16,0.0,1,8,exact,29.426319
n16_graph1,16,0.0,1,9,asym,29.583965
n16_graph1,16,0.0,1,9,exact,31.778285
n16_graph1,16,0.0,1,10,asym,32.839523
n16_graph1,16,0.0,1,10,exact,35.033843
n16_graph1,16,0.0,1,11,asym,37.381338
n16_graph1,16,0.0,1,11,exact,39.575658
n16_graph1,16,0.0,1,12,asym,43.759441
n16_graph1,16,0.0,1,12,exact,45.953761
n16_graph1,16,0.0,1,13,asym,52.766870
n16_graph1,16,0.0,1,13,exact,54.961189
n16_graph1,16,0.0,1,14,asym,65.550077
n16_graph1,16,0.0,1,14,exact,67.744397
n16_graph1,16,0.0,1,15,asym,83.770373
n16_graph1,16,0.0,1,15,exact,85.964693
n16_graph1,16,0.0,1,16,asym,109.840341
n16_graph1,16,0.0,1,16,exact,112.034660
n16_graph1,16,0.0,1.3,3,asym,28.033798
n16_graph1,16,0.0,1.3,3,exact,29.352805
n16_graph1,16,0.0,1.3,4,asym,28.912121
n16_graph1,16,0.0,1.3,4,exact,31.109450
n16_graph1,16,0.0,1.3,5,asym,30.156171
n16_graph1,16,0.0,1.3,5,exact,33.442044
n16_graph1,16,0.0,1.3,6,asym,31.986589
n16_graph1,16,0.0,1.3,6,exact,35.272462
n16_graph1,16,0.0,1.3,7,asym,34.749597
n16_graph1,16,0.0,1.3,7,exact,38.035470
n16_graph1,16,0.0,1.3,8,asym,38.997169
n16_graph1,16,0.0,1.3,8,exact,42.283042
n16_graph1,16,0.0,1.3,9,asym,45.616245
n16_graph1,16,0.0,1.3,9,exact,48.902117
n16_graph1,16,0.0,1.3,10,asym,56.039237
n16_graph1,16,0.0,1.3,10,exact,59.325109
n16_graph1,16,0.0,1.3,11,asym,72.588460
n16_graph1,16,0.0,1.3,11,exact,75.874333
n16_graph1,16,0.0,1.3,12,asym,99.041173
n16_graph1,16,0.0,1.3,12,exact,102.327046
n16_graph1,16,0.0,1.3,13,asym,141.558472
n16_graph1,16,0.0,1.3,13,exact,144.844344
n16_graph1,16,0.0,1.3,14,asym,210.215173
n16_graph1,16,0.0,1.3,14,exact,213.501046
n16_graph1,16,0.0,1.3,15,asym,321.523751
n16_graph1,16,0.0,1.3,15,exact,324.809624
n16_graph1,16,0.0,1.3,16,asym,502.604762
n16_graph1,16,0.0,1.3,16,exact,505.890634
n16_graph1,16,0.0,1.8,3,asym,39.121144
n16_graph1,16,0.0,1.8,3,exact,40.759845
n16_graph1,16,0.0,1.8,4,asym,40.300721
n16_graph1,16,0.0,1.8,4,exact,43.119001
n16_graph1,16,0.0,1.8,5,asym,42.111290
n16_graph1,16,0.0,1.8,5,exact,46.513817
n16_graph1,16,0.0,1.8,6,asym,45.004887
n16_graph1,16,0.0,1.8,6,exact,49.407414
n16_graph1,16,0.0,1.8,7,asym,49.759386
n16_graph1,16,0.0,1.8,7,exact,54.161913
n16_graph1,16,0.0,1.8,8,asym,57.730868
n16_graph1,16,0.0,1.8,8,exact,62.133394
n16_graph1,16,0.0,1.8,9,asym,71.302395
n16_graph1,16,0.0,1.8,9,exact,75.704922
n16_graph1,16,0.0,1.8,10,asym,94.687171
n16_graph1,16,0.0,1.8,10,exact,99.089698
n16_graph1,16,0.0,1.8,11,asym,135.371396
n16_graph1,16,0.0,1.8,11,exact,139.773922
n16_graph1,16,0.0,1.8,12,asym,206.714240
n16_graph1,16,0.0,1.8,12,exact,211.116766
n16_graph1,16,0.0,1.8,13,asym,332.645246
n16_graph1,16,0.0,1.8,13,exact,337.047773
n16_graph1,16,0.0,1.8,14,asym,556.171150
n16_graph1,16,0.0,1.8,14,exact,560.573676
n16_graph1,16,0.0,1.8,15,asym,954.814172
n16_graph1,16,0.0,1.8,15,exact,959.216698
n16_graph1,16,0.0,1.8,16,asym,1668.683705
n16_graph1,16,0.0,1.8,16,exact,1673.086232
n16_graph1,16,0.0,2.5,3,asym,55.513507
n16_graph1,16,0.0,2.5,3,exact,57.308540
n16_graph1,16,0.0,2.5,4,asym,56.846624
n16_graph1,16,0.0,2.5,4,exact,59.974773
n16_graph1,16,0.0,2.5,5,asym,58.958702
n16_graph1,16,0.0,2.5,5,exact,63.934919
n16_graph1,16,0.0,2.5,6,asym,62.444226
n16_graph1,16,0.0,2.5,6,exact,67.420444
n16_graph1,16,0.0,2.5,7,asym,68.360503
n16_graph1,16,0.0,2.5,7,exact,73.336720
n16_graph1,16,0.0,2.5,8,asym,78.611622
n16_graph1,16,0.0,2.5,8,exact,83.587839
n16_graph1,16,0.0,2.5,9,asym,96.655138
n16_graph1,16,0.0,2.5,9,exact,101.631355
n16_graph1,16,0.0,2.5,10,asym,128.810532
n16_graph1,16,0.0,2.5,10,exact,133.786749
n16_graph1,16,0.0,2.5,11,asym,186.691937
n16_graph1,16,0.0,2.5,11,exact,191.668155
n16_graph1,16,0.0,2.5,12,asym,291.746816
n16_graph1,16,0.0,2.5,12,exact,296.723034
n16_graph1,16,0.0,2.5,13,asym,483.749670
n16_graph1,16,0.0,2.5,13,exact,488.725888
n16_graph1,16,0.0,2.5,14,asym,836.741335
n16_graph1,16,0.0,2.5,14,exact,841.717552
n16_graph1,16,0.0,2.5,15,asym,1489.016141
n16_graph1,16,0.0,2.5,15,exact,1493.992358
n16_graph1,16,0.0,2.5,16,asym,2699.667874
n16_graph1,16,0.0,2.5,16,exact,2704.644091
n16_graph1,16,0.0,5,3,asym,115.379927
n16_graph1,16,0.0,5,3,exact,117.227956
n16_graph1,16,0.0,5,4,asym,116.765858
n16_graph1,16,0.0,5,4,exact,119.999818
n16_graph1,16,0.0,5,5,asym,118.983203
n16_graph1,16,0.0,5,5,exact,124.157340
n16_graph1,16,0.0,5,6,asym,122.678535
n16_graph1,16,0.0,5,6,exact,127.852672
n16_graph1,16,0.0,5,7,asym,129.012976
n16_graph1,16,0.0,5,7,exact,134.187113
n16_graph1,16,0.0,5,8,asym,140.097520
n16_graph1,16,0.0,5,8,exact,145.271657
n16_graph1,16,0.0,5,9,asym,159.802087
n16_graph1,16,0.0,5,9,exact,164.976224
n16_graph1,16,0.0,5,10,asym,195.267983
n16_graph1,16,0.0,5,10,exact,200.442120
n16_graph1,16,0.0,5,11,asym,259.747206
n16_graph1,16,0.0,5,11,exact,264.921343
n16_graph1,16,0.0,5,12,asym,377.951371
n16_graph1,16,0.0,5,12,exact,383.125508
n16_graph1,16,0.0,5,13,asym,596.160149
n16_graph1,16,0.0,5,13,exact,601.334286
n16_graph1,16,0.0,5,14,asym,1001.378473
n16_graph1,16,0.0,5,14,exact,1006.552610
n16_graph1,16,0.0,5,15,asym,1757.736454
n16_graph1,16,0.0,5,15,exact,1762.910591
n16_graph1,16,0.0,5,16,asym,3175.814755
n16_graph1,16,0.0,5,16,exact,3180.988892
n16_graph2,16,0.0,0.1,3,asym,11.211475
n16_graph2,16,0.0,0.1,3,exact,11.212135
n16_graph2,16,0.0,0.1,4,asym,11.211672
n16_graph2,16,0.0,0.1,4,exact,11.212431
n16_graph2,16,0.0,0.1,5,asym,11.211704
n16_graph2,16,0.0,0.1,5,exact,11.212450
n16_graph2,16,0.0,0.1,6,asym,11.211709
n16_graph2,16,0.0,0.1,6,exact,11.212456
n16_graph2,16,0.0,0.1,7,asym,11.211710
n16_graph2,16,0.0,0.1,7,exact,11.212456
n16_graph2,16,0.0,0.1,8,asym,11.211710
n16_graph2,16,0.0,0.1,8,exact,11.212457
n16_graph2,16,0.0,0.1,9,asym,11.211710
n16_graph2,16,0.0,0.1,9,exact,11.212457
n16_graph2,16,0.0,0.1,10,asym,11.211710
n16_graph2,16,0.0,0.1,10,exact,11.212457
n16_graph2,16,0.0,0.1,11,asym,11.211710
n16_graph2,16,0.0,0.1,11,exact,11.212457
n16_graph2,16,0.0,0.1,12,asym,11.211710
n16_graph2,16,0.0,0.1,12,exact,11.212457
n16_graph2,16,0.0,0.1,13,asym,11.211710
n16_graph2,16,0.0,0.1,13,exact,11.212457
n16_graph2,16,0.0,0.1,14,asym,11.211710
n16_graph2,16,0.0,0.1,14,exact,11.212457
n16_graph2,16,0.0,0.1,15,asym,11.211710
n16_graph2,16,0.0,0.1,15,exact,11.212457
n16_graph2,16,0.0,0.1,16,asym,11.211710
n16_graph2,16,0.0,0.1,16,exact,11.212457
n16_graph2,16,0.0,0.2,3,asym,11.577402
n16_graph2,16,0.0,0.2,3,exact,11.582508
n16_graph2,16,0.0,0.2,4,asym,11.580435
n16_graph2,16,0.0,0.2,4,exact,11.587058
n16_graph2,16,0.0,0.2,5,asym,11.581393
n16_graph2,16,0.0,0.2,5,exact,11.587657
n16_graph2,16,0.0,0.2,6,asym,11.581708
n16_graph2,16,0.0,0.2,6,exact,11.587972
n16_graph2,16,0.0,0.2,7,asym,11.581815
n16_graph2,16,0.0,0.2,7,exact,11.588079
n16_graph2,16,0.0,0.2,8,asym,11.581852
n16_graph2,16,0.0,0.2,8,exact,11.588115
n16_graph2,16,0.0,0.2,9,asym,11.581865
n16_graph2,16,0.0,0.2,9,exact,11.588128
n16_graph2,16,0.0,0.2,10,asym,11.581869
n16_graph2,16,0.0,0.2,10,exact,11.588133
n16_graph2,16,0.0,0.2,11,asym,11.581871
n16_graph2,16,0.0,0.2,11,exact,11.588135
n16_graph2,16,0.0,0.2,12,asym,11.581872
n16_graph2,16,0.0,0.2,12,exact,11.588135
n16_graph2,16,0.0,0.2,13,asym,11.581872
n16_graph2,16,0.0,0.2,13,exact,11.588135
n16_graph2,16,0.0,0.2,14,asym,11.581872
n16_graph2,16,0.0,0.2,14,exact,11.588136
n16_graph2,16,0.0,0.2,15,asym,11.581872
n16_graph2,16,0.0,0.2,15,exact,11.588136
n16_graph2,16,0.0,0.2,16,asym,11.581872
n16_graph2,16,0.0,0.2,16,exact,11.588136
n16_graph2,16,0.0,0.3,3,asym,12.187095
n16_graph2,16,0.0,0.3,3,exact,12.203375
n16_graph2,16,0.0,0.3,4,asym,12.201447
n16_graph2,16,0.0,0.3,4,exact,12.224903
n16_graph2,16,0.0,0.3,5,asym,12.208153
n16_graph2,16,0.0,0.3,5,exact,12.229095
n16_graph2,16,0.0,0.3,6,asym,12.211412
n16_graph2,16,0.0,0.3,6,exact,12.232353
n16_graph2,16,0.0,0.3,7,asym,12.213039
n16_graph2,16,0.0,0.3,7,exact,12.233981
n16_graph2,16,0.0,0.3,8,asym,12.213869
n16_graph2,16,0.0,0.3,8,exact,12.234811
n16_graph2,16,0.0,0.3,9,asym,12.214299
n16_graph2,16,0.0,0.3,9,exact,12.235240
n16_graph2,16,0.0,0.3,10,asym,12.214524
n16_graph2,16,0.0,0.3,10,exact,12.235466
n16_graph2,16,0.0,0.3,11,asym,12.214643
n16_graph2,16,0.0,0.3,11,exact,12.235585
n16_graph2,16,0.0,0.3,12,asym,12.214707
n16_graph2,16,0.0,0.3,12,exact,12.235649
n16_graph2,16,0.0,0.3,13,asym,12.214742
n16_graph2,16,0.0,0.3,13,exact,12.235683
n16_graph2,16,0.0,0.3,14,asym,12.214760
n16_graph2,16,0.0,0.3,14,exact,12.235702
n16_graph2,16,0.0,0.3,15,asym,12.214770
n16_graph2,16,0.0,0.3,15,exact,12.235712
n16_graph2,16,0.0,0.3,16,asym,12.214776
n16_graph2,16,0.0,0.3,16,exact,12.235717
n16_graph2,16,0.0,0.5,3,asym,14.098590
n16_graph2,16,0.0,0.5,3,exact,14.161333
n16_graph2,16,0.0,0.5,4,asym,14.187780
n16_graph2,16,0.0,0.5,4,exact,14.295119
n16_graph2,16,0.0,0.5,5,asym,14.254518
n16_graph2,16,0.0,0.5,5,exact,14.336830
n16_graph2,16,0.0,0.5,6,asym,14.306208
n16_graph2,16,0.0,0.5,6,exact,14.388520
n16_graph2,16,0.0,0.5,7,asym,14.347264
n16_graph2,16,0.0,0.5,7,exact,14.429576
n16_graph2,16,0.0,0.5,8,asym,14.380506
n16_graph2,16,0.0,0.5,8,exact,14.462817
n16_graph2,16,0.0,0.5,9,asym,14.407830
n16_graph2,16,0.0,0.5,9,exact,14.490142
n16_graph2,16,0.0,0.5,10,asym,14.430565
n16_graph2,16,0.0,0.5,10,exact,14.512877
n16_graph2,16,0.0,0.5,11,asym,14.449670
n16_graph2,16,0.0,0.5,11,exact,14.531982
n16_graph2,16,0.0,0.5,12,asym,14.465856
n16_graph2,16,0.0,0.5,12,exact,14.548168
n16_graph2,16,0.0,0.5,13,asym,14.479666
n16_graph2,16,0.0,0.5,13,exact,14.561978
n16_graph2,16,0.0,0.5,14,asym,14.491518
n16_graph2,16,0.0,0.5,14,exact,14.573830
n16_graph2,16,0.0,0.5,15,asym,14.501742
n16_graph2,16,0.0,0.5,15,exact,14.584054
n16_graph2,16,0.0,0.5,16,asym,14.510600
n16_graph2,16,0.0,0.5,16,exact,14.592912
n16_graph2,16,0.0,0.8,3,asym,18.410858
n16_graph2,16,0.0,0.8,3,exact,18.582067
n16_graph2,16,0.0,0.8,4,asym,18.766200
n16_graph2,16,0.0,0.8,4,exact,19.115080
n16_graph2,16,0.0,0.8,5,asym,19.154776
n16_graph2,16,0.0,0.8,5,exact,19.357940
n16_graph2,16,0.0,0.8,6,asym,19.593475
n16_graph2,16,0.0,0.8,6,exact,19.796639
n16_graph2,16,0.0,0.8,7,asym,20.099706
n16_graph2,16,0.0,0.8,7,exact,20.302870
n16_graph2,16,0.0,0.8,8,asym,20.693416
n16_graph2,16,0.0,0.8,8,exact,20.896580
n16_graph2,16,0.0,0.8,9,asym,21.398647
n16_graph2,16,0.0,0.8,9,exact,21.601811
n16_graph2,16,0.0,0.8,10,asym,22.245088
n16_graph2,16,0.0,0.8,10,exact,22.448252
n16_graph2,16,0.0,0.8,11,asym,23.269862
n16_graph2,16,0.0,0.8,11,exact,23.473026
n16_graph2,16,0.0,0.8,12,asym,24.519726
n16_graph2,16,0.0,0.8,12,exact,24.722890
n16_graph2,16,0.0,0.8,13,asym,26.053837
n16_graph2,16,0.0,0.8,13,exact,26.257001
n16_graph2,16,0.0,0.8,14,asym,27.947265
n16_graph2,16,0.0,0.8,14,exact,28.150429
n16_graph2,16,0.0,0.8,15,asym,30.295511
n16_graph2,16,0.0,0.8,15,exact,30.498675
n16_graph2,16,0.0,0.8,16,asym,33.220296
n16_graph2,16,0.0,0.8,16,exact,33.423460
n16_graph2,16,0.0,1,3,asym,21.988900
n16_graph2,16,0.0,1,3,exact,22.232802
n16_graph2,16,0.0,1,4,asym,22.568903
n16_graph2,16,0.0,1,4,exact,23.102807
n16_graph2,16,0.0,1,5,asym,23.298854
n16_graph2,16,0.0,1,5,exact,23.559026
n16_graph2,16,0.0,1,6,asym,24.249582
n16_graph2,16,0.0,1,6,exact,24.509755
n16_graph2,16,0.0,1,7,asym,25.516395
n16_graph2,16,0.0,1,7,exact,25.776567
n16_graph2,16,0.0,1,8,asym,27.231999
n16_graph2,16,0.0,1,8,exact,27.492172
n16_graph2,16,0.0,1,9,asym,29.583965
n16_graph2,16,0.0,1,9,exact,29.844138
n16_graph2,16,0.0,1,10,asym,32.839523
n16_graph2,16,0.0,1,10,exact,33.099696
n16_graph2,16,0.0,1,11,asym,37.381338
n16_graph2,16,0.0,1,11,exact,37.641511
n16_graph2,16,0.0,1,12,asym,43.759441
n16_graph2,16,0.0,1,12,exact,44.019614
n16_graph2,16,0.0,1,13,asym,52.766870
n16_graph2,16,0.0,1,13,exact,53.027042
n16_graph2,16,0.0,1,14,asym,65.550077
n16_graph2,16,0.0,1,14,exact,65.810250
n16_graph2,16,0.0,1,15,asym,83.770373
n16_graph2,16,0.0,1,15,exact,84.030546
n16_graph2,16,0.0,1,16,asym,109.840341
n16_graph2,16,0.0,1,16,exact,110.100513
n16_graph2,16,0.0,1.3,3,asym,28.033798
n16_graph2,16,0.0,1.3,3,exact,28.363550
n16_graph2,16,0.0,1.3,4,asym,28.912121
n16_graph2,16,0.0,1.3,4,exact,29.681034
n16_graph2,16,0.0,1.3,5,asym,30.156171
n16_graph2,16,0.0,1.3,5,exact,30.458565
n16_graph2,16,0.0,1.3,6,asym,31.986589
n16_graph2,16,0.0,1.3,6,exact,32.288983
n16_graph2,16,0.0,1.3,7,asym,34.749597
n16_graph2,16,0.0,1.3,7,exact,35.051991
n16_graph2,16,0.0,1.3,8,asym,38.997169
n16_graph2,16,0.0,1.3,8,exact,39.299563
n16_graph2,16,0.0,1.3,9,asym,45.616245
n16_graph2,16,0.0,1.3,9,exact,45.918639
n16_graph2,16,0.0,1.3,10,asym,56.039237
n16_graph2,16,0.0,1.3,10,exact,56.341631
n16_graph2,16,0.0,1.3,11,asym,72.588460
n16_graph2,16,0.0,1.3,11,exact,72.890854
n16_graph2,16,0.0,1.3,12,asym,99.041173
n16_graph2,16,0.0,1.3,12,exact,99.343567
n16_graph2,16,0.0,1.3,13,asym,141.558472
n16_graph2,16,0.0,1.3,13,exact,141.860866
n16_graph2,16,0.0,1.3,14,asym,210.215173
n16_graph2,16,0.0,1.3,14,exact,210.517567
n16_graph2,16,0.0,1.3,15,asym,321.523751
n16_graph2,16,0.0,1.3,15,exact,321.826146
n16_graph2,16,0.0,1.3,16,asym,502.604762
n16_graph2,16,0.0,1.3,16,exact,502.907156
n16_graph2,16,0.0,1.8,3,asym,39.121144
n16_graph2,16,0.0,1.8,3,exact,39.530819
n16_graph2,16,0.0,1.8,4,asym,40.300721
n16_graph2,16,0.0,1.8,4,exact,41.300186
n16_graph2,16,0.0,1.8,5,asym,42.111290
n16_graph2,16,0.0,1.8,5,exact,42.431791
n16_graph2,16,0.0,1.8,6,asym,45.004887
n16_graph2,16,0.0,1.8,6,exact,45.325388
n16_graph2,16,0.0,1.8,7,asym,49.759386
n16_graph2,16,0.0,1.8,7,exact,50.079888
n16_graph2,16,0.0,1.8,8,asym,57.730868
n16_graph2,16,0.0,1.8,8,exact,58.051369
n16_graph2,16,0.0,1.8,9,asym,71.302395
n16_graph2,16,0.0,1.8,9,exact,71.622896
n16_graph2,16,0.0,1.8,10,asym,94.687171
n16_graph2,16,0.0,1.8,10,exact,95.007672
n16_graph2,16,0.0,1.8,11,asym,135.371396
n16_graph2,16,0.0,1.8,11,exact,135.691897
n16_graph2,16,0.0,1.8,12,asym,206.714240
n16_graph2,16,0.0,1.8,12,exact,207.034741
n16_graph2,16,0.0,1.8,13,asym,332.645246
n16_graph2,16,0.0,1.8,13,exact,332.965747
n16_graph2,16,0.0,1.8,14,asym,556.171150
n16_graph2,16,0.0,1.8,14,exact,556.491651
n16_graph2,16,0.0,1.8,15,asym,954.814172
n16_graph2,16,0.0,1.8,15,exact,955.134673
n16_graph2,16,0.0,1.8,16,asym,1668.683705
n16_graph2,16,0.0,1.8,16,exact,1669.004207
n16_graph2,16,0.0,2.5,3,asym,55.513507
n16_graph2,16,0.0,2.5,3,exact,55.962266
n16_graph2,16,0.0,2.5,4,asym,56.846624
n16_graph2,16,0.0,2.5,4,exact,57.961940
n16_graph2,16,0.0,2.5,5,asym,58.958702
n16_graph2,16,0.0,2.5,5,exact,59.281989
n16_graph2,16,0.0,2.5,6,asym,62.444226
n16_graph2,16,0.0,2.5,6,exact,62.767513
n16_graph2,16,0.0,2.5,7,asym,68.360503
n16_graph2,16,0.0,2.5,7,exact,68.683790
n16_graph2,16,0.0,2.5,8,asym,78.611622
n16_graph2,16,0.0,2.5,8,exact,78.934909
n16_graph2,16,0.0,2.5,9,asym,96.655138
n16_graph2,16,0.0,2.5,9,exact,96.978425
n16_graph2,16,0.0,2.5,10,asym,128.810532
n16_graph2,16,0.0,2.5,10,exact,129.133819
n16_graph2,16,0.0,2.5,11,asym,186.691937
n16_graph2,16,0.0,2.5,11,exact,187.015225
n16_graph2,16,0.0,2.5,12,asym,291.746816
n16_graph2,16,0.0,2.5,12,exact,292.070104
n16_graph2,16,0.0,2.5,13,asym,483.749670
n16_graph2,16,0.0,2.5,13,exact,484.072958
n16_graph2,16,0.0,2.5,14,asym,836.741335
n16_graph2,16,0.0,2.5,14,exact,837.064622
n16_graph2,16,0.0,2.5,15,asym,1489.016141
n16_graph2,16,0.0,2.5,15,exact,1489.339428
n16_graph2,16,0.0,2.5,16,asym,2699.667874
n16_graph2,16,0.0,2.5,16,exact,2699.991161
n16_graph2,16,0.0,5,3,asym,115.379927
n16_graph2,16,0.0,5,3,exact,115.841934
n16_graph2,16,0.0,5,4,asym,116.765858
n16_graph2,16,0.0,5,4,exact,117.920831
n16_graph2,16,0.0,5,5,asym,118.983203
n16_graph2,16,0.0,5,5,exact,119.306671
n16_graph2,16,0.0,5,6,asym,122.678535
n16_graph2,16,0.0,5,6,exact,123.002004
n16_graph2,16,0.0,5,7,asym,129.012976
n16_graph2,16,0.0,5,7,exact,129.336444
n16_graph2,16,0.0,5,8,asym,140.097520
n16_graph2,16,0.0,5,8,exact,140.420989
n16_graph2,16,0.0,5,9,asym,159.802087
n16_graph2,16,0.0,5,9,exact,160.125555
n16_graph2,16,0.0,5,10,asym,195.267983
n16_graph2,16,0.0,5,10,exact,195.591452
n16_graph2,16,0.0,5,11,asym,259.747206
n16_graph2,16,0.0,5,11,exact,260.070675
n16_graph2,16,0.0,5,12,asym,377.951371
n16_graph2,16,0.0,5,12,exact,378.274840
n16_graph2,16,0.0,5,13,asym,596.160149
n16_graph2,16,0.0,5,13,exact,596.483618
n16_graph2,16,0.0,5,14,asym,1001.378473
n16_graph2,16,0.0,5,14,exact,1001.701941
n16_graph2,16,0.0,5,15,asym,1757.736454
n16_graph2,16,0.0,5,15,exact,1758.059922
n16_graph2,16,0.0,5,16,asym,3175.814755
n16_graph2,16,0.0,5,16,exact,3176.138224
n16_graph3,16,0.0,0.1,3,asym,11.211475
n16_graph3,16,0.0,0.1,3,exact,11.212135
n16_graph3,16,0.0,0.1,4,asym,11.211672
n16_graph3,16,0.0,0.1,4,exact,11.212529
n16_graph3,16,0.0,0.1,5,asym,11.211704
n16_graph3,16,0.0,0.1,5,exact,11.212569
n16_graph3,16,0.0,0.1,6,asym,11.211709
n16_graph3,16,0.0,0.1,6,exact,11.212574
n16_graph3,16,0.0,0.1,7,asym,11.211710
n16_graph3,16,0.0,0.1,7,exact,11.212575
n16_graph3,16,0.0,0.1,8,asym,11.211710
n16_graph3,16,0.0,0.1,8,exact,11.212575
n16_graph3,16,0.0,0.1,9,asym,11.211710
n16_graph3,16,0.0,0.1,9,exact,11.212575
n16_graph3,16,0.0,0.1,10,asym,11.211710
n16_graph3,16,0.0,0.1,10,exact,11.212575
n16_graph3,16,0.0,0.1,11,asym,11.211710
n16_graph3,16,0.0,0.1,11,exact,11.212575
n16_graph3,16,0.0,0.1,12,asym,11.211710
n16_graph3,16,0.0,0.1,12,exact,11.212575
n16_graph3,16,0.0,0.1,13,asym,11.211710
n16_graph3,16,0.0,0.1,13,exact,11.212575
n16_graph3,16,0.0,0.1,14,asym,11.211710
n16_graph3,16,0.0,0.1,14,exact,11.212575
n16_graph3,16,0.0,0.1,15,asym,11.211710
n16_graph3,16,0.0,0.1,15,exact,11.212575
n16_graph3,16,0.0,0.1,16,asym,11.211710
n16_graph3,16,0.0,0.1,16,exact,11.212575
n16_graph3,16,0.0,0.2,3,asym,11.577402
n16_graph3,16,0.0,0.2,3,exact,11.582508
n16_graph3,16,0.0,0.2,4,asym,11.580435
n16_graph3,16,0.0,0.2,4,exact,11.588574
n16_graph3,16,0.0,0.2,5,asym,11.581393
n16_graph3,16,0.0,0.2,5,exact,11.589772
n16_graph3,16,0.0,0.2,6,asym,11.581708
n16_graph3,16,0.0,0.2,6,exact,11.590087
n16_graph3,16,0.0,0.2,7,asym,11.581815
n16_graph3,16,0.0,0.2,7,exact,11.590194
n16_graph3,16,0.0,0.2,8,asym,11.581852
n16_graph3,16,0.0,0.2,8,exact,11.590231
n16_graph3,16,0.0,0.2,9,asym,11.581865
n16_graph3,16,0.0,0.2,9,exact,11.590244
n16_graph3,16,0.0,0.2,10,asym,11.581869
n16_graph3,16,0.0,0.2,10,exact,11.590248
n16_graph3,16,0.0,0.2,11,asym,11.581871
n16_graph3,16,0.0,0.2,11,exact,11.590250
n16_graph3,16,0.0,0.2,12,asym,11.581872
n16_graph3,16,0.0,0.2,12,exact,11.590251
n16_graph3,16,0.0,0.2,13,asym,11.581872
n16_graph3,16,0.0,0.2,13,exact,11.590251
n16_graph3,16,0.0,0.2,14,asym,11.581872
n16_graph3,16,0.0,0.2,14,exact,11.590251
n16_graph3,16,0.0,0.2,15,asym,11.581872
n16_graph3,16,0.0,0.2,15,exact,11.590251
n16_graph3,16,0.0,0.2,16,asym,11.581872
n16_graph3,16,0.0,0.2,16,exact,11.590251
n16_graph3,16,0.0,0.3,3,asym,12.187095
n16_graph3,16,0.0,0.3,3,exact,12.203375
n16_graph3,16,0.0,0.3,4,asym,12.201447
n16_graph3,16,0.0,0.3,4,exact,12.232079
n16_graph3,16,0.0,0.3,5,asym,12.208153
n16_graph3,16,0.0,0.3,5,exact,12.240462
n16_graph3,16,0.0,0.3,6,asym,12.211412
n16_graph3,16,0.0,0.3,6,exact,12.243721
n16_graph3,16,0.0,0.3,7,asym,12.213039
n16_graph3,16,0.0,0.3,7,exact,12.245348
n16_graph3,16,0.0,0.3,8,asym,12.213869
n16_graph3,16,0.0,0.3,8,exact,12.246178
n16_graph3,16,0.0,0.3,9,asym,12.214299
n16_graph3,16,0.0,0.3,9,exact,12.246608
n16_graph3,16,0.0,0.3,10,asym,12.214524
n16_graph3,16,0.0,0.3,10,exact,12.246833
n16_graph3,16,0.0,0.3,11,asym,12.214643
n16_graph3,16,0.0,0.3,11,exact,12.246953
n16_graph3,16,0.0,0.3,12,asym,12.214707
n16_graph3,16,0.0,0.3,12,exact,12.247016
n16_graph3,16,0.0,0.3,13,asym,12.214742
n16_graph3,16,0.0,0.3,13,exact,12.247051
n16_graph3,16,0.0,0.3,14,asym,12.214760
n16_graph3,16,0.0,0.3,14,exact,12.247069
n16_graph3,16,0.0,0.3,15,asym,12.214770
n16_graph3,16,0.0,0.3,15,exact,12.247079
n16_graph3,16,0.0,0.3,16,asym,12.214776
n16_graph3,16,0.0,0.3,16,exact,12.247085
n16_graph3,16,0.0,0.5,3,asym,14.098590
n16_graph3,16,0.0,0.5,3,exact,14.161333
n16_graph3,16,0.0,0.5,4,asym,14.187780
n16_graph3,16,0.0,0.5,4,exact,14.339714
n16_graph3,16,0.0,0.5,5,asym,14.254518
n16_graph3,16,0.0,0.5,5,exact,14.423137
n16_graph3,16,0.0,0.5,6,asym,14.306208
n16_graph3,16,0.0,0.5,6,exact,14.474827
n16_graph3,16,0.0,0.5,7,asym,14.347264
n16_graph3,16,0.0,0.5,7,exact,14.515882
n16_graph3,16,0.0,0.5,8,asym,14.380506
n16_graph3,16,0.0,0.5,8,exact,14.549124
n16_graph3,16,0.0,0.5,9,asym,14.407830
n16_graph3,16,0.0,0.5,9,exact,14.576449
n16_graph3,16,0.0,0.5,10,asym,14.430565
n16_graph3,16,0.0,0.5,10,exact,14.599184
n16_graph3,16,0.0,0.5,11,asym,14.449670
n16_graph3,16,0.0,0.5,11,exact,14.618288
n16_graph3,16,0.0,0.5,12,asym,14.465856
n16_graph3,16,0.0,0.5,12,exact,14.634475
n16_graph3,16,0.0,0.5,13,asym,14.479666
n16_graph3,16,0.0,0.5,13,exact,14.648285
n16_graph3,16,0.0,0.5,14,asym,14.491518
n16_graph3,16,0.0,0.5,14,exact,14.660136
n16_graph3,16,0.0,0.5,15,asym,14.501742
n16_graph3,16,0.0,0.5,15,exact,14.670360
n16_graph3,16,0.0,0.5,16,asym,14.510600
n16_graph3,16,0.0,0.5,16,exact,14.679219
n16_graph3,16,0.0,0.8,3,asym,18.410858
n16_graph3,16,0.0,0.8,3,exact,18.582067
n16_graph3,16,0.0,0.8,4,asym,18.766200
n16_graph3,16,0.0,0.8,4,exact,19.292751
n16_graph3,16,0.0,0.8,5,asym,19.154776
n16_graph3,16,0.0,0.8,5,exact,19.778471
n16_graph3,16,0.0,0.8,6,asym,19.593475
n16_graph3,16,0.0,0.8,6,exact,20.217170
n16_graph3,16,0.0,0.8,7,asym,20.099706
n16_graph3,16,0.0,0.8,7,exact,20.723401
n16_graph3,16,0.0,0.8,8,asym,20.693416
n16_graph3,16,0.0,0.8,8,exact,21.317111
n16_graph3,16,0.0,0.8,9,asym,21.398647
n16_graph3,16,0.0,0.8,9,exact,22.022342
n16_graph3,16,0.0,0.8,10,asym,22.245088
n16_graph3,16,0.0,0.8,10,exact,22.868783
n16_graph3,16,0.0,0.8,11,asym,23.269862
n16_graph3,16,0.0,0.8,11,exact,23.893557
n16_graph3,16,0.0,0.8,12,asym,24.519726
n16_graph3,16,0.0,0.8,12,exact,25.143421
n16_graph3,16,0.0,0.8,13,asym,26.053837
n16_graph3,16,0.0,0.8,13,exact,26.677531
n16_graph3,16,0.0,0.8,14,asym,27.947265
n16_graph3,16,0.0,0.8,14,exact,28.570960
n16_graph3,16,0.0,0.8,15,asym,30.295511
n16_graph3,16,0.0,0.8,15,exact,30.919206
n16_graph3,16,0.0,0.8,16,asym,33.220296
n16_graph3,16,0.0,0.8,16,exact,33.843991
n16_graph3,16,0.0,1,3,asym,21.988900
n16_graph3,16,0.0,1,3,exact,22.232802
n16_graph3,16,0.0,1,4,asym,22.568903
n16_graph3,16,0.0,1,4,exact,23.392809
n16_graph3,16,0.0,1,5,asym,23.298854
n16_graph3,16,0.0,1,5,exact,24.305247
n16_graph3,16,0.0,1,6,asym,24.249582
n16_graph3,16,0.0,1,6,exact,25.255975
n16_graph3,16,0.0,1,7,asym,25.516395
n16_graph3,16,0.0,1,7,exact,26.522788
n16_graph3,16,0.0,1,8,asym,27.231999
n16_graph3,16,0.0,1,8,exact,28.238392
n16_graph3,16,0.0,1,9,asym,29.583965
n16_graph3,16,0.0,1,9,exact,30.590358
n16_graph3,16,0.0,1,10,asym,32.839523
n16_graph3,16,0.0,1,10,exact,33.845917
n16_graph3,16,0.0,1,11,asym,37.381338
n16_graph3,16,0.0,1,11,exact,38.387732
n16_graph3,16,0.0,1,12,asym,43.759441
n16_graph3,16,0.0,1,12,exact,44.765834
n16_graph3,16,0.0,1,13,asym,52.766870
n16_graph3,16,0.0,1,13,exact,53.773263
n16_graph3,16,0.0,1,14,asym,65.550077
n16_graph3,16,0.0,1,14,exact,66.556471
n16_graph3,16,0.0,1,15,asym,83.770373
n16_graph3,16,0.0,1,15,exact,84.776766
n16_graph3,16,0.0,1,16,asym,109.840341
n16_graph3,16,0.0,1,16,exact,110.846734
n16_graph3,16,0.0,1.3,3,asym,28.033798
n16_graph3,16,0.0,1.3,3,exact,28.363550
n16_graph3,16,0.0,1.3,4,asym,28.912121
n16_graph3,16,0.0,1.3,4,exact,30.120195
n16_graph3,16,0.0,1.3,5,asym,30.156171
n16_graph3,16,0.0,1.3,5,exact,31.675258
n16_graph3,16,0.0,1.3,6,asym,31.986589
n16_graph3,16,0.0,1.3,6,exact,33.505676
n16_graph3,16,0.0,1.3,7,asym,34.749597
n16_graph3,16,0.0,1.3,7,exact,36.268684
n16_graph3,16,0.0,1.3,8,asym,38.997169
n16_graph3,16,0.0,1.3,8,exact,40.516256
n16_graph3,16,0.0,1.3,9,asym,45.616245
n16_graph3,16,0.0,1.3,9,exact,47.135331
n16_graph3,16,0.0,1.3,10,asym,56.039237
n16_graph3,16,0.0,1.3,10,exact,57.558323
n16_graph3,16,0.0,1.3,11,asym,72.588460
n16_graph3,16,0.0,1.3,11,exact,74.107547
n16_graph3,16,0.0,1.3,12,asym,99.041173
n16_graph3,16,0.0,1.3,12,exact,100.560259
n16_graph3,16,0.0,1.3,13,asym,141.558472
n16_graph3,16,0.0,1.3,13,exact,143.077558
n16_graph3,16,0.0,1.3,14,asym,210.215173
n16_graph3,16,0.0,1.3,14,exact,211.734260
n16_graph3,16,0.0,1.3,15,asym,321.523751
n16_graph3,16,0.0,1.3,15,exact,323.042838
n16_graph3,16,0.0,1.3,16,asym,502.604762
n16_graph3,16,0.0,1.3,16,exact,504.123848
n16_graph3,16,0.0,1.8,3,asym,39.121144
n16_graph3,16,0.0,1.8,3,exact,39.530819
n16_graph3,16,0.0,1.8,4,asym,40.300721
n16_graph3,16,0.0,1.8,4,exact,41.889975
n16_graph3,16,0.0,1.8,5,asym,42.111290
n16_graph3,16,0.0,1.8,5,exact,44.153185
n16_graph3,16,0.0,1.8,6,asym,45.004887
n16_graph3,16,0.0,1.8,6,exact,47.046782
n16_graph3,16,0.0,1.8,7,asym,49.759386
n16_graph3,16,0.0,1.8,7,exact,51.801282
n16_graph3,16,0.0,1.8,8,asym,57.730868
n16_graph3,16,0.0,1.8,8,exact,59.772763
n16_graph3,16,0.0,1.8,9,asym,71.302395
n16_graph3,16,0.0,1.8,9,exact,73.344290
n16_graph3,16,0.0,1.8,10,asym,94.687171
n16_graph3,16,0.0,1.8,10,exact,96.729066
n16_graph3,16,0.0,1.8,11,asym,135.371396
n16_graph3,16,0.0,1.8,11,exact,137.413291
n16_graph3,16,0.0,1.8,12,asym,206.714240
n16_graph3,16,0.0,1.8,12,exact,208.756135
n16_graph3,16,0.0,1.8,13,asym,332.645246
n16_graph3,16,0.0,1.8,13,exact,334.687141
n16_graph3,16,0.0,1.8,14,asym,556.171150
n16_graph3,16,0.0,1.8,14,exact,558.213045
n16_graph3,16,0.0,1.8,15,asym,954.814172
n16_graph3,16,0.0,1.8,15,exact,956.856067
n16_graph3,16,0.0,1.8,16,asym,1668.683705
n16_graph3,16,0.0,1.8,16,exact,1670.725601
n16_graph3,16,0.0,2.5,3,asym,55.513507
n16_graph3,16,0.0,2.5,3,exact,55.962266
n16_graph3,16,0.0,2.5,4,asym,56.846624
n16_graph3,16,0.0,2.5,4,exact,58.628498
n16_graph3,16,0.0,2.5,5,asym,58.958702
n16_graph3,16,0.0,2.5,5,exact,61.268596
n16_graph3,16,0.0,2.5,6,asym,62.444226
n16_graph3,16,0.0,2.5,6,exact,64.754120
n16_graph3,16,0.0,2.5,7,asym,68.360503
n16_graph3,16,0.0,2.5,7,exact,70.670397
n16_graph3,16,0.0,2.5,8,asym,78.611622
n16_graph3,16,0.0,2.5,8,exact,80.921516
n16_graph3,16,0.0,2.5,9,asym,96.655138
n16_graph3,16,0.0,2.5,9,exact,98.965032
n16_graph3,16,0.0,2.5,10,asym,128.810532
n16_graph3,16,0.0,2.5,10,exact,131.120426
n16_graph3,16,0.0,2.5,11,asym,186.691937
n16_graph3,16,0.0,2.5,11,exact,189.001831
n16_graph3,16,0.0,2.5,12,asym,291.746816
n16_graph3,16,0.0,2.5,12,exact,294.056710
n16_graph3,16,0.0,2.5,13,asym,483.749670
n16_graph3,16,0.0,2.5,13,exact,486.059564
n16_graph3,16,0.0,2.5,14,asym,836.741335
n16_graph3,16,0.0,2.5,14,exact,839.051229
n16_graph3,16,0.0,2.5,15,asym,1489.016141
n16_graph3,16,0.0,2.5,15,exact,1491.326035
n16_graph3,16,0.0,2.5,16,asym,2699.667874
n16_graph3,16,0.0,2.5,16,exact,2701.977768
n16_graph3,16,0.0,5,3,asym,115.379927
n16_graph3,16,0.0,5,3,exact,115.841934
n16_graph3,16,0.0,5,4,asym,116.765858
n16_graph3,16,0.0,5,4,exact,118.613796
n16_graph3,16,0.0,5,5,asym,118.983203
n16_graph3,16,0.0,5,5,exact,121.385477
n16_graph3,16,0.0,5,6,asym,122.678535
n16_graph3,16,0.0,5,6,exact,125.080810
n16_graph3,16,0.0,5,7,asym,129.012976
n16_graph3,16,0.0,5,7,exact,131.415250
n16_graph3,16,0.0,5,8,asym,140.097520
n16_graph3,16,0.0,5,8,exact,142.499795
n16_graph3,16,0.0,5,9,asym,159.802087
n16_graph3,16,0.0,5,9,exact,162.204361
n16_graph3,16,0.0,5,10,asym,195.267983
n16_graph3,16,0.0,5,10,exact,197.670258
n16_graph3,16,0.0,5,11,asym,259.747206
n16_graph3,16,0.0,5,11,exact,262.149481
n16_graph3,16,0.0,5,12,asym,377.951371
n16_graph3,16,0.0,5,12,exact,380.353646
n16_graph3,16,0.0,5,13,asym,596.160149
n16_graph3,16,0.0,5,13,exact,598.562424
n16_graph3,16,0.0,5,14,asym,1001.378473
n16_graph3,16,0.0,5,14,exact,1003.780747
n16_graph3,16,0.0,5,15,asym,1757.736454
n16_graph3,16,0.0,5,15,exact,1760.138728
n16_graph3,16,0.0,5,16,asym,3175.814755
n16_graph3,16,0.0,5,16,exact,3178.217030
n30_graph0,30,0.0,0.1,3,asym,21.020361
n30_graph0,30,0.0,0.1,3,exact,21.022010
n30_graph0,30,0.0,0.1,4,asym,21.020558
n30_graph0,30,0.0,0.1,4,exact,21.022208
n30_graph0,30,0.0,0.1,5,asym,21.020590
n30_graph0,30,0.0,0.1,5,exact,21.022217
n30_graph0,30,0.0,0.1,6,asym,21.020595
n30_graph0,30,0.0,0.1,6,exact,21.022223
n30_graph0,30,0.0,0.1,7,asym,21.020596
n30_graph0,30,0.0,0.1,7,exact,21.022223
n30_graph0,30,0.0,0.1,8,asym,21.020596
n30_graph0,30,0.0,0.1,8,exact,21.022224
n30_graph0,30,0.0,0.1,9,asym,21.020596
n30_graph0,30,0.0,0.1,9,exact,21.022224
n30_graph0,30,0.0,0.1,10,asym,21.020596
n30_graph0,30,0.0,0.1,10,exact,21.022224
n30_graph0,30,0.0,0.1,11,asym,21.020596
n30_graph0,30,0.0,0.1,11,exact,21.022224
n30_graph0,30,0.0,0.1,12,asym,21.020596
n30_graph0,30,0.0,0.1,12,exact,21.022224
n30_graph0,30,0.0,0.1,13,asym,21.020596
n30_graph0,30,0.0,0.1,13,exact,21.022224
n30_graph0,30,0.0,0.1,14,asym,21.020596
n30_graph0,30,0.0,0.1,14,exact,21.022224
n30_graph0,30,0.0,0.1,15,asym,21.020596
n30_graph0,30,0.0,0.1,15,exact,21.022224
n30_graph0,30,0.0,0.1,16,asym,21.020596
n30_graph0,30,0.0,0.1,16,exact,21.022224
n30_graph0,30,0.0,0.1,17,asym,21.020596
n30_graph0,30,0.0,0.1,17,exact,21.022224
n30_graph0,30,0.0,0.1,18,asym,21.020596
n30_graph0,30,0.0,0.1,18,exact,21.022224
n30_graph0,30,0.0,0.1,19,asym,21.020596
n30_graph0,30,0.0,0.1,19,exact,21.022224
n30_graph0,30,0.0,0.1,20,asym,21.020596
n30_graph0,30,0.0,0.1,20,exact,21.022224
n30_graph0,30,0.0,0.1,21,asym,21.020596
n30_graph0,30,0.0,0.1,21,exact,21.022224
n30_graph0,30,0.0,0.1,22,asym,21.020596
n30_graph0,30,0.0,0.1,22,exact,21.022224
n30_graph0,30,0.0,0.1,23,asym,21.020596
n30_graph0,30,0.0,0.1,23,exact,21.022224
n30_graph0,30,0.0,0.1,24,asym,21.020596
n30_graph0,30,0.0,0.1,24,exact,21.022224
n30_graph0,30,0.0,0.1,25,asym,21.020596
n30_graph0,30,0.0,0.1,25,exact,21.022224
n30_graph0,30,0.0,0.1,26,asym,21.020596
n30_graph0,30,0.0,0.1,26,exact,21.022224
n30_graph0,30,0.0,0.1,27,asym,21.020596
n30_graph0,30,0.0,0.1,27,exact,21.022224
n30_graph0,30,0.0,0.1,28,asym,21.020596
n30_graph0,30,0.0,0.1,28,exact,21.022224
n30_graph0,30,0.0,0.1,29,asym,21.020596
n30_graph0,30,0.0,0.1,29,exact,21.022224
n30_graph0,30,0.0,0.1,30,asym,21.020596
n30_graph0,30,0.0,0.1,30,exact,21.022224
n30_graph0,30,0.0,0.2,3,asym,21.698692
n30_graph0,30,0.0,0.2,3,exact,21.711458
n30_graph0,30,0.0,0.2,4,asym,21.701725
n30_graph0,30,0.0,0.2,4,exact,21.714491
n30_graph0,30,0.0,0.2,5,asym,21.702683
n30_graph0,30,0.0,0.2,5,exact,21.714790
n30_graph0,30,0.0,0.2,6,asym,21.702998
n30_graph0,30,0.0,0.2,6,exact,21.715106
n30_graph0,30,0.0,0.2,7,asym,21.703105
n30_graph0,30,0.0,0.2,7,exact,21.715212
n30_graph0,30,0.0,0.2,8,asym,21.703142
n30_graph0,30,0.0,0.2,8,exact,21.715249
n30_graph0,30,0.0,0.2,9,asym,21.703155
n30_graph0,30,0.0,0.2,9,exact,21.715262
n30_graph0,30,0.0,0.2,10,asym,21.703159
n30_graph0,30,0.0,0.2,10,exact,21.715267
n30_graph0,30,0.0,0.2,11,asym,21.703161
n30_graph0,30,0.0,0.2,11,exact,21.715268
n30_graph0,30,0.0,0.2,12,asym,21.703162
n30_graph0,30,0.0,0.2,12,exact,21.715269
n30_graph0,30,0.0,0.2,13,asym,21.703162
n30_graph0,30,0.0,0.2,13,exact,21.715269
n30_graph0,30,0.0,0.2,14,asym,21.703162
n30_graph0,30,0.0,0.2,14,exact,21.715269
n30_graph0,30,0.0,0.2,15,asym,21.703162
n30_graph0,30,0.0,0.2,15,exact,21.715269
n30_graph0,30,0.0,0.2,16,asym,21.703162
n30_graph0,30,0.0,0.2,16,exact,21.715269
n30_graph0,30,0.0,0.2,17,asym,21.703162
n30_graph0,30,0.0,0.2,17,exact,21.715269
n30_graph0,30,0.0,0.2,18,asym,21.703162
n30_graph0,30,0.0,0.2,18,exact,21.715269
n30_graph0,30,0.0,0.2,19,asym,21.703162
n30_graph0,30,0.0,0.2,19,exact,21.715269
n30_graph0,30,0.0,0.2,20,asym,21.703162
n30_graph0,30,0.0,0.2,20,exact,21.715269
n30_graph0,30,0.0,0.2,21,asym,21.703162
n30_graph0,30,0.0,0.2,21,exact,21.715269
n30_graph0,30,0.0,0.2,22,asym,21.703162
n30_graph0,30,0.0,0.2,22,exact,21.715269
n30_graph0,30,0.0,0.2,23,asym,21.703162
n30_graph0,30,0.0,0.2,23,exact,21.715269
n30_graph0,30,0.0,0.2,24,asym,21.703162
n30_graph0,30,0.0,0.2,24,exact,21.715269
n30_graph0,30,0.0,0.2,25,asym,21.703162
n30_graph0,30,0.0,0.2,25,exact,21.715269
n30_graph0,30,0.0,0.2,26,asym,21.703162
n30_graph0,30,0.0,0.2,26,exact,21.715269
n30_graph0,30,0.0,0.2,27,asym,21.703162
n30_graph0,30,0.0,0.2,27,exact,21.715269
n30_graph0,30,0.0,0.2,28,asym,21.703162
n30_graph0,30,0.0,0.2,28,exact,21.715269
n30_graph0,30,0.0,0.2,29,asym,21.703162
n30_graph0,30,0.0,0.2,29,exact,21.715269
n30_graph0,30,0.0,0.2,30,asym,21.703162
n30_graph0,30,0.0,0.2,30,exact,21.715269
n30_graph0,30,0.0,0.3,3,asym,22.822311
n30_graph0,30,0.0,0.3,3,exact,22.863013
n30_graph0,30,0.0,0.3,4,asym,22.836663
n30_graph0,30,0.0,0.3,4,exact,22.877365
n30_graph0,30,0.0,0.3,5,asym,22.843370
n30_graph0,30,0.0,0.3,5,exact,22.879461
n30_graph0,30,0.0,0.3,6,asym,22.846628
n30_graph0,30,0.0,0.3,6,exact,22.882719
n30_graph0,30,0.0,0.3,7,asym,22.848256
n30_graph0,30,0.0,0.3,7,exact,22.884347
n30_graph0,30,0.0,0.3,8,asym,22.849086
n30_graph0,30,0.0,0.3,8,exact,22.885177
n30_graph0,30,0.0,0.3,9,asym,22.849515
n30_graph0,30,0.0,0.3,9,exact,22.885607
n30_graph0,30,0.0,0.3,10,asym,22.849741
n30_graph0,30,0.0,0.3,10,exact,22.885832
n30_graph0,30,0.0,0.3,11,asym,22.849860
n30_graph0,30,0.0,0.3,11,exact,22.885951
n30_graph0,30,0.0,0.3,12,asym,22.849924
n30_graph0,30,0.0,0.3,12,exact,22.886015
n30_graph0,30,0.0,0.3,13,asym,22.849958
n30_graph0,30,0.0,0.3,13,exact,22.886049
n30_graph0,30,0.0,0.3,14,asym,22.849977
n30_graph0,30,0.0,0.3,14,exact,22.886068
n30_graph0,30,0.0,0.3,15,asym,22.849987
n30_graph0,30,0.0,0.3,15,exact,22.886078
n30_graph0,30,0.0,0.3,16,asym,22.849992
n30_graph0,30,0.0,0.3,16,exact,22.886083
n30_graph0,30,0.0,0.3,17,asym,22.849995
n30_graph0,30,0.0,0.3,17,exact,22.886086
n30_graph0,30,0.0,0.3,18,asym,22.849997
n30_graph0,30,0.0,0.3,18,exact,22.886088
n30_graph0,30,0.0,0.3,19,asym,22.849998
n30_graph0,30,0.0,0.3,19,exact,22.886089
n30_graph0,30,0.0,0.3,20,asym,22.849998
n30_graph0,30,0.0,0.3,20,exact,22.886090
n30_graph0,30,0.0,0.3,21,asym,22.849999
n30_graph0,30,0.0,0.3,21,exact,22.886090
n30_graph0,30,0.0,0.3,22,asym,22.849999
n30_graph0,30,0.0,0.3,22,exact,22.886090
n30_graph0,30,0.0,0.3,23,asym,22.849999
n30_graph0,30,0.0,0.3,23,exact,22.886090
n30_graph0,30,0.0,0.3,24,asym,22.849999
n30_graph0,30,0.0,0.3,24,exact,22.886090
n30_graph0,30,0.0,0.3,25,asym,22.849999
n30_graph0,30,0.0,0.3,25,exact,22.886090
n30_graph0,30,0.0,0.3,26,asym,22.849999
n30_graph0,30,0.0,0.3,26,exact,22.886090
n30_graph0,30,0.0,0.3,27,asym,22.849999
n30_graph0,30,0.0,0.3,27,exact,22.886090
n30_graph0,30,0.0,0.3,28,asym,22.849999
n30_graph0,30,0.0,0.3,28,exact,22.886090
n30_graph0,30,0.0,0.3,29,asym,22.849999
n30_graph0,30,0.0,0.3,29,exact,22.886090
n30_graph0,30,0.0,0.3,30,asym,22.849999
n30_graph0,30,0.0,0.3,30,exact,22.886090
n30_graph0,30,0.0,0.5,3,asym,26.325055
n30_graph0,30,0.0,0.5,3,exact,26.481913
n30_graph0,30,0.0,0.5,4,asym,26.414246
n30_graph0,30,0.0,0.5,4,exact,26.571104
n30_graph0,30,0.0,0.5,5,asym,26.480984
n30_graph0,30,0.0,0.5,5,exact,26.591960
n30_graph0,30,0.0,0.5,6,asym,26.532673
n30_graph0,30,0.0,0.5,6,exact,26.643649
n30_graph0,30,0.0,0.5,7,asym,26.573729
n30_graph0,30,0.0,0.5,7,exact,26.684705
n30_graph0,30,0.0,0.5,8,asym,26.606971
n30_graph0,30,0.0,0.5,8,exact,26.717947
n30_graph0,30,0.0,0.5,9,asym,26.634296
n30_graph0,30,0.0,0.5,9,exact,26.745272
n30_graph0,30,0.0,0.5,10,asym,26.657031
n30_graph0,30,0.0,0.5,10,exact,26.768007
n30_graph0,30,0.0,0.5,11,asym,26.676135
n30_graph0,30,0.0,0.5,11,exact,26.787111
n30_graph0,30,0.0,0.5,12,asym,26.692322
n30_graph0,30,0.0,0.5,12,exact,26.803298
n30_graph0,30,0.0,0.5,13,asym,26.706131
n30_graph0,30,0.0,0.5,13,exact,26.817107
n30_graph0,30,0.0,0.5,14,asym,26.717983
n30_graph0,30,0.0,0.5,14,exact,26.828959
n30_graph0,30,0.0,0.5,15,asym,26.728207
n30_graph0,30,0.0,0.5,15,exact,26.839183
n30_graph0,30,0.0,0.5,16,asym,26.737065
n30_graph0,30,0.0,0.5,16,exact,26.848041
n30_graph0,30,0.0,0.5,17,asym,26.744771
n30_graph0,30,0.0,0.5,17,exact,26.855747
n30_graph0,30,0.0,0.5,18,asym,26.751497
n30_graph0,30,0.0,0.5,18,exact,26.862473
n30_graph0,30,0.0,0.5,19,asym,26.757387
n30_graph0,30,0.0,0.5,19,exact,26.868363
n30_graph0,30,0.0,0.5,20,asym,26.762558
n30_graph0,30,0.0,0.5,20,exact,26.873534
n30_graph0,30,0.0,0.5,21,asym,26.767110
n30_graph0,30,0.0,0.5,21,exact,26.878086
n30_graph0,30,0.0,0.5,22,asym,26.771125
n30_graph0,30,0.0,0.5,22,exact,26.882101
n30_graph0,30,0.0,0.5,23,asym,26.774675
n30_graph0,30,0.0,0.5,23,exact,26.885651
n30_graph0,30,0.0,0.5,24,asym,26.777820
n30_graph0,30,0.0,0.5,24,exact,26.888796
n30_graph0,30,0.0,0.5,25,asym,26.780610
n30_graph0,30,0.0,0.5,25,exact,26.891586
n30_graph0,30,0.0,0.5,26,asym,26.783089
n30_graph0,30,0.0,0.5,26,exact,26.894065
n30_graph0,30,0.0,0.5,27,asym,26.785295
n30_graph0,30,0.0,0.5,27,exact,26.896271
n30_graph0,30,0.0,0.5,28,asym,26.787262
n30_graph0,30,0.0,0.5,28,exact,26.898238
n30_graph0,30,0.0,0.5,29,asym,26.789017
n30_graph0,30,0.0,0.5,29,exact,26.899993
n30_graph0,30,0.0,0.5,30,asym,26.790585
n30_graph0,30,0.0,0.5,30,exact,26.901561
n30_graph0,30,0.0,0.8,3,asym,34.220743
n30_graph0,30,0.0,0.8,3,exact,34.648765
n30_graph0,30,0.0,0.8,4,asym,34.576085
n30_graph0,30,0.0,0.8,4,exact,35.004107
n30_graph0,30,0.0,0.8,5,asym,34.964661
n30_graph0,30,0.0,0.8,5,exact,35.125537
n30_graph0,30,0.0,0.8,6,asym,35.403361
n30_graph0,30,0.0,0.8,6,exact,35.564237
n30_graph0,30,0.0,0.8,7,asym,35.909591
n30_graph0,30,0.0,0.8,7,exact,36.070467
n30_graph0,30,0.0,0.8,8,asym,36.503301
n30_graph0,30,0.0,0.8,8,exact,36.664177
n30_graph0,30,0.0,0.8,9,asym,37.208533
n30_graph0,30,0.0,0.8,9,exact,37.369409
n30_graph0,30,0.0,0.8,10,asym,38.054973
n30_graph0,30,0.0,0.8,10,exact,38.215849
n30_graph0,30,0.0,0.8,11,asym,39.079747
n30_graph0,30,0.0,0.8,11,exact,39.240623
n30_graph0,30,0.0,0.8,12,asym,40.329612
n30_graph0,30,0.0,0.8,12,exact,40.490488
n30_graph0,30,0.0,0.8,13,asym,41.863722
n30_graph0,30,0.0,0.8,13,exact,42.024598
n30_graph0,30,0.0,0.8,14,asym,43.757150
n30_graph0,30,0.0,0.8,14,exact,43.918026
n30_graph0,30,0.0,0.8,15,asym,46.105397
n30_graph0,30,0.0,0.8,15,exact,46.266273
n30_graph0,30,0.0,0.8,16,asym,49.030181
n30_graph0,30,0.0,0.8,16,exact,49.191057
n30_graph0,30,0.0,0.8,17,asym,52.686897
n30_graph0,30,0.0,0.8,17,exact,52.847773
n30_graph0,30,0.0,0.8,18,asym,57.274216
n30_graph0,30,0.0,0.8,18,exact,57.435092
n30_graph0,30,0.0,0.8,19,asym,63.046476
n30_graph0,30,0.0,0.8,19,exact,63.207352
n30_graph0,30,0.0,0.8,20,asym,70.329675
n30_graph0,30,0.0,0.8,20,exact,70.490551
n30_graph0,30,0.0,0.8,21,asym,79.542127
n30_graph0,30,0.0,0.8,21,exact,79.703003
n30_graph0,30,0.0,0.8,22,asym,91.221176
n30_graph0,30,0.0,0.8,22,exact,91.382052
n30_graph0,30,0.0,0.8,23,asym,106.057740
n30_graph0,30,0.0,0.8,23,exact,106.218617
n30_graph0,30,0.0,0.8,24,asym,124.941046
n30_graph0,30,0.0,0.8,24,exact,125.101922
n30_graph0,30,0.0,0.8,25,asym,149.016545
n30_graph0,30,0.0,0.8,25,exact,149.177422
n30_graph0,30,0.0,0.8,26,asym,179.760994
n30_graph0,30,0.0,0.8,26,exact,179.921871
n30_graph0,30,0.0,0.8,27,asym,219.079786
n30_graph0,30,0.0,0.8,27,exact,219.240662
n30_graph0,30,0.0,0.8,28,asym,269.433229
n30_graph0,30,0.0,0.8,28,exact,269.594105
n30_graph0,30,0.0,0.8,29,asym,334.000450
n30_graph0,30,0.0,0.8,29,exact,334.161326
n30_graph0,30,0.0,0.8,30,asym,416.892231
n30_graph0,30,0.0,0.8,30,exact,417.053107
n30_graph0,30,0.0,1,3,asym,40.802358
n30_graph0,30,0.0,1,3,exact,41.412114
n30_graph0,30,0.0,1,4,asym,41.382361
n30_graph0,30,0.0,1,4,exact,41.992117
n30_graph0,30,0.0,1,5,asym,42.112312
n30_graph0,30,0.0,1,5,exact,42.220227
n30_graph0,30,0.0,1,6,asym,43.063040
n30_graph0,30,0.0,1,6,exact,43.170955
n30_graph0,30,0.0,1,7,asym,44.329853
n30_graph0,30,0.0,1,7,exact,44.437768
n30_graph0,30,0.0,1,8,asym,46.045457
n30_graph0,30,0.0,1,8,exact,46.153372
n30_graph0,30,0.0,1,9,asym,48.397423
n30_graph0,30,0.0,1,9,exact,48.505338
n30_graph0,30,0.0,1,10,asym,51.652981
n30_graph0,30,0.0,1,10,exact,51.760896
n30_graph0,30,0.0,1,11,asym,56.194796
n30_graph0,30,0.0,1,11,exact,56.302711
n30_graph0,30,0.0,1,12,asym,62.572899
n30_graph0,30,0.0,1,12,exact,62.680814
n30_graph0,30,0.0,1,13,asym,71.580328
n30_graph0,30,0.0,1,13,exact,71.688243
n30_graph0,30,0.0,1,14,asym,84.363535
n30_graph0,30,0.0,1,14,exact,84.471450
n30_graph0,30,0.0,1,15,asym,102.583831
n30_graph0,30,0.0,1,15,exact,102.691746
n30_graph0,30,0.0,1,16,asym,128.653799
n30_graph0,30,0.0,1,16,exact,128.761714
n30_graph0,30,0.0,1,17,asym,166.084002
n30_graph0,30,0.0,1,17,exact,166.191917
n30_graph0,30,0.0,1,18,asym,219.992063
n30_graph0,30,0.0,1,18,exact,220.099978
n30_graph0,30,0.0,1,19,asym,297.851059
n30_graph0,30,0.0,1,19,exact,297.958974
n30_graph0,30,0.0,1,20,asym,410.590990
n30_graph0,30,0.0,1,20,exact,410.698905
n30_graph0,30,0.0,1,21,asym,574.221574
n30_graph0,30,0.0,1,21,exact,574.329489
n30_graph0,30,0.0,1,22,asym,812.225550
n30_graph0,30,0.0,1,22,exact,812.333465
n30_graph0,30,0.0,1,23,asym,1159.091634
n30_graph0,30,0.0,1,23,exact,1159.199549
n30_graph0,30,0.0,1,24,asym,1665.534496
n30_graph0,30,0.0,1,24,exact,1665.642411
n30_graph0,30,0.0,1,25,asym,2406.213906
n30_graph0,30,0.0,1,25,exact,2406.321821
n30_graph0,30,0.0,1,26,asym,3491.158733
n30_graph0,30,0.0,1,26,exact,3491.266648
n30_graph0,30,0.0,1,27,asym,5082.686972
n30_graph0,30,0.0,1,27,exact,5082.794887
n30_graph0,30,0.0,1,28,asym,7420.484118
n30_graph0,30,0.0,1,28,exact,7420.592033
n30_graph0,30,0.0,1,29,asym,10858.799428
n30_graph0,30,0.0,1,29,exact,10858.907343
n30_graph0,30,0.0,1,30,asym,15921.651881
n30_graph0,30,0.0,1,30,exact,15921.759796
n30_graph0,30,0.0,1.3,3,asym,51.986307
n30_graph0,30,0.0,1.3,3,exact,52.810685
n30_graph0,30,0.0,1.3,4,asym,52.864629
n30_graph0,30,0.0,1.3,4,exact,53.689008
n30_graph0,30,0.0,1.3,5,asym,54.108679
n30_graph0,30,0.0,1.3,5,exact,54.077774
n30_graph0,30,0.0,1.3,6,asym,55.939097
n30_graph0,30,0.0,1.3,6,exact,55.908192
n30_graph0,30,0.0,1.3,7,asym,58.702105
n30_graph0,30,0.0,1.3,7,exact,58.671200
n30_graph0,30,0.0,1.3,8,asym,62.949677
n30_graph0,30,0.0,1.3,8,exact,62.918772
n30_graph0,30,0.0,1.3,9,asym,69.568753
n30_graph0,30,0.0,1.3,9,exact,69.537847
n30_graph0,30,0.0,1.3,10,asym,79.991745
n30_graph0,30,0.0,1.3,10,exact,79.960839
n30_graph0,30,0.0,1.3,11,asym,96.540968
n30_graph0,30,0.0,1.3,11,exact,96.510063
n30_graph0,30,0.0,1.3,12,asym,122.993681
n30_graph0,30,0.0,1.3,12,exact,122.962776
n30_graph0,30,0.0,1.3,13,asym,165.510980
n30_graph0,30,0.0,1.3,13,exact,165.480074
n30_graph0,30,0.0,1.3,14,asym,234.167682
n30_graph0,30,0.0,1.3,14,exact,234.136776
n30_graph0,30,0.0,1.3,15,asym,345.476260
n30_graph0,30,0.0,1.3,15,exact,345.445354
n30_graph0,30,0.0,1.3,16,asym,526.557270
n30_graph0,30,0.0,1.3,16,exact,526.526364
n30_graph0,30,0.0,1.3,17,asym,822.040455
n30_graph0,30,0.0,1.3,17,exact,822.009549
n30_graph0,30,0.0,1.3,18,asym,1305.500235
n30_graph0,30,0.0,1.3,18,exact,1305.469330
n30_graph0,30,0.0,1.3,19,asym,2098.429486
n30_graph0,30,0.0,1.3,19,exact,2098.398581
n30_graph0,30,0.0,1.3,20,asym,3401.759352
n30_graph0,30,0.0,1.3,20,exact,3401.728446
n30_graph0,30,0.0,1.3,21,asym,5548.281414
n30_graph0,30,0.0,1.3,21,exact,5548.250508
n30_graph0,30,0.0,1.3,22,asym,9089.928887
n30_graph0,30,0.0,1.3,22,exact,9089.897982
n30_graph0,30,0.0,1.3,23,asym,14943.247380
n30_graph0,30,0.0,1.3,23,exact,14943.216474
n30_graph0,30,0.0,1.3,24,asym,24632.087606
n30_graph0,30,0.0,1.3,24,exact,24632.056701
n30_graph0,30,0.0,1.3,25,asym,40692.873257
n30_graph0,30,0.0,1.3,25,exact,40692.842352
n30_graph0,30,0.0,1.3,26,asym,67351.949003
n30_graph0,30,0.0,1.3,26,exact,67351.918097
n30_graph0,30,0.0,1.3,27,asym,111658.625008
n30_graph0,30,0.0,1.3,27,exact,111658.594103
n30_graph0,30,0.0,1.3,28,asym,185382.013733
n30_graph0,30,0.0,1.3,28,exact,185381.982827
n30_graph0,30,0.0,1.3,29,asym,308188.960328
n30_graph0,30,0.0,1.3,29,exact,308188.929422
n30_graph0,30,0.0,1.3,30,asym,512972.172694
n30_graph0,30,0.0,1.3,30,exact,512972.141788
n30_graph0,30,0.0,1.8,3,asym,72.635212
n30_graph0,30,0.0,1.8,3,exact,73.659401
n30_graph0,30,0.0,1.8,4,asym,73.814790
n30_graph0,30,0.0,1.8,4,exact,74.838979
n30_graph0,30,0.0,1.8,5,asym,75.625358
n30_graph0,30,0.0,1.8,5,exact,75.404781
n30_graph0,30,0.0,1.8,6,asym,78.518955
n30_graph0,30,0.0,1.8,6,exact,78.298378
n30_graph0,30,0.0,1.8,7,asym,83.273455
n30_graph0,30,0.0,1.8,7,exact,83.052878
n30_graph0,30,0.0,1.8,8,asym,91.244936
n30_graph0,30,0.0,1.8,8,exact,91.024359
n30_graph0,30,0.0,1.8,9,asym,104.816464
n30_graph0,30,0.0,1.8,9,exact,104.595887
n30_graph0,30,0.0,1.8,10,asym,128.201240
n30_graph0,30,0.0,1.8,10,exact,127.980663
n30_graph0,30,0.0,1.8,11,asym,168.885464
n30_graph0,30,0.0,1.8,11,exact,168.664887
n30_graph0,30,0.0,1.8,12,asym,240.228308
n30_graph0,30,0.0,1.8,12,exact,240.007731
n30_graph0,30,0.0,1.8,13,asym,366.159315
n30_graph0,30,0.0,1.8,13,exact,365.938737
n30_graph0,30,0.0,1.8,14,asym,589.685218
n30_graph0,30,0.0,1.8,14,exact,589.464641
n30_graph0,30,0.0,1.8,15,asym,988.328240
n30_graph0,30,0.0,1.8,15,exact,988.107663
n30_graph0,30,0.0,1.8,16,asym,1702.197774
n30_graph0,30,0.0,1.8,16,exact,1701.977197
n30_graph0,30,0.0,1.8,17,asym,2985.123301
n30_graph0,30,0.0,1.8,17,exact,2984.902724
n30_graph0,30,0.0,1.8,18,asym,5297.943249
n30_graph0,30,0.0,1.8,18,exact,5297.722672
n30_graph0,30,0.0,1.8,19,asym,9478.955352
n30_graph0,30,0.0,1.8,19,exact,9478.734775
n30_graph0,30,0.0,1.8,20,asym,17055.772031
n30_graph0,30,0.0,1.8,20,exact,17055.551454
n30_graph0,30,0.0,1.8,21,asym,30816.601058
n30_graph0,30,0.0,1.8,21,exact,30816.380481
n30_graph0,30,0.0,1.8,22,asym,55857.966175
n30_graph0,30,0.0,1.8,22,exact,55857.745598
n30_graph0,30,0.0,1.8,23,asym,101508.260091
n30_graph0,30,0.0,1.8,23,exact,101508.039514
n30_graph0,30,0.0,1.8,24,asym,184862.767880
n30_graph0,30,0.0,1.8,24,exact,184862.547302
n30_graph0,30,0.0,1.8,25,asym,337286.161689
n30_graph0,30,0.0,1.8,25,exact,337285.941112
n30_graph0,30,0.0,1.8,26,asym,616383.773714
n30_graph0,30,0.0,1.8,26,exact,616383.553137
n30_graph0,30,0.0,1.8,27,asym,1128058.720988
n30_graph0,30,0.0,1.8,27,exact,1128058.500411
n30_graph0,30,0.0,1.8,28,asym,2067182.791336
n30_graph0,30,0.0,1.8,28,exact,2067182.570759
n30_graph0,30,0.0,1.8,29,asym,3792641.916135
n30_graph0,30,0.0,1.8,29,exact,3792641.695558
n30_graph0,30,0.0,1.8,30,asym,6965901.084478
n30_graph0,30,0.0,1.8,30,exact,6965900.863901
n30_graph0,30,0.0,2.5,3,asym,103.302499
n30_graph0,30,0.0,2.5,3,exact,104.424395
n30_graph0,30,0.0,2.5,4,asym,104.635616
n30_graph0,30,0.0,2.5,4,exact,105.757511
n30_graph0,30,0.0,2.5,5,asym,106.747694
n30_graph0,30,0.0,2.5,5,exact,106.417536
n30_graph0,30,0.0,2.5,6,asym,110.233218
n30_graph0,30,0.0,2.5,6,exact,109.903060
n30_graph0,30,0.0,2.5,7,asym,116.149495
n30_graph0,30,0.0,2.5,7,exact,115.819337
n30_graph0,30,0.0,2.5,8,asym,126.400614
n30_graph0,30,0.0,2.5,8,exact,126.070456
n30_graph0,30,0.0,2.5,9,asym,144.444130
n30_graph0,30,0.0,2.5,9,exact,144.113972
n30_graph0,30,0.0,2.5,10,asym,176.599524
n30_graph0,30,0.0,2.5,10,exact,176.269366
n30_graph0,30,0.0,2.5,11,asym,234.480930
n30_graph0,30,0.0,2.5,11,exact,234.150771
n30_graph0,30,0.0,2.5,12,asym,339.535808
n30_graph0,30,0.0,2.5,12,exact,339.205650
n30_graph0,30,0.0,2.5,13,asym,531.538662
n30_graph0,30,0.0,2.5,13,exact,531.208504
n30_graph0,30,0.0,2.5,14,asym,884.530327
n30_graph0,30,0.0,2.5,14,exact,884.200169
n30_graph0,30,0.0,2.5,15,asym,1536.805133
n30_graph0,30,0.0,2.5,15,exact,1536.474975
n30_graph0,30,0.0,2.5,16,asym,2747.456866
n30_graph0,30,0.0,2.5,16,exact,2747.126708
n30_graph0,30,0.0,2.5,17,asym,5003.231197
n30_graph0,30,0.0,2.5,17,exact,5002.901039
n30_graph0,30,0.0,2.5,18,asym,9220.832143
n30_graph0,30,0.0,2.5,18,exact,9220.501985
n30_graph0,30,0.0,2.5,19,asym,17130.639608
n30_graph0,30,0.0,2.5,19,exact,17130.309450
n30_graph0,30,0.0,2.5,20,asym,32005.715429
n30_graph0,30,0.0,2.5,20,exact,32005.385271
n30_graph0,30,0.0,2.5,21,asym,60048.927362
n30_graph0,30,0.0,2.5,21,exact,60048.597204
n30_graph0,30,0.0,2.5,22,asym,113036.066830
n30_graph0,30,0.0,2.5,22,exact,113035.736672
n30_graph0,30,0.0,2.5,23,asym,213358.883018
n30_graph0,30,0.0,2.5,23,exact,213358.552860
n30_graph0,30,0.0,2.5,24,asym,403658.994050
n30_graph0,30,0.0,2.5,24,exact,403658.663891
n30_graph0,30,0.0,2.5,25,asym,765253.141835
n30_graph0,30,0.0,2.5,25,exact,765252.811677
n30_graph0,30,0.0,2.5,26,asym,1453410.261099
n30_graph0,30,0.0,2.5,26,exact,1453409.930941
n30_graph0,30,0.0,2.5,27,asym,2764961.401987
n30_graph0,30,0.0,2.5,27,exact,2764961.071829
n30_graph0,30,0.0,2.5,28,asym,5267999.941809
n30_graph0,30,0.0,2.5,28,exact,5267999.611651
n30_graph0,30,0.0,2.5,29,asym,10050915.692541
n30_graph0,30,0.0,2.5,29,exact,10050915.362383
n30_graph0,30,0.0,2.5,30,asym,19200961.612870
n30_graph0,30,0.0,2.5,30,exact,19200961.282712
n30_graph0,30,0.0,5,3,asym,215.528850
n30_graph0,30,0.0,5,3,exact,216.683868
n30_graph0,30,0.0,5,4,asym,216.914781
n30_graph0,30,0.0,5,4,exact,218.069799
n30_graph0,30,0.0,5,5,asym,219.132126
n30_graph0,30,0.0,5,5,exact,218.762720
n30_graph0,30,0.0,5,6,asym,222.827458
n30_graph0,30,0.0,5,6,exact,222.458052
n30_graph0,30,0.0,5,7,asym,229.161899
n30_graph0,30,0.0,5,7,exact,228.792492
n30_graph0,30,0.0,5,8,asym,240.246443
n30_graph0,30,0.0,5,8,exact,239.877037
n30_graph0,30,0.0,5,9,asym,259.951010
n30_graph0,30,0.0,5,9,exact,259.581604
n30_graph0,30,0.0,5,10,asym,295.416906
n30_graph0,30,0.0,5,10,exact,295.047500
n30_graph0,30,0.0,5,11,asym,359.896129
n30_graph0,30,0.0,5,11,exact,359.526723
n30_graph0,30,0.0,5,12,asym,478.100294
n30_graph0,30,0.0,5,12,exact,477.730888
n30_graph0,30,0.0,5,13,asym,696.309072
n30_graph0,30,0.0,5,13,exact,695.939666
n30_graph0,30,0.0,5,14,asym,1101.527396
n30_graph0,30,0.0,5,14,exact,1101.157989
n30_graph0,30,0.0,5,15,asym,1857.885377
n30_graph0,30,0.0,5,15,exact,1857.515971
n30_graph0,30,0.0,5,16,asym,3275.963678
n30_graph0,30,0.0,5,16,exact,3275.594272
n30_graph0,30,0.0,5,17,asym,5945.112651
n30_graph0,30,0.0,5,17,exact,5944.743245
n30_graph0,30,0.0,5,18,asym,10986.508159
n30_graph0,30,0.0,5,18,exact,10986.138753
n30_graph0,30,0.0,5,19,asym,20538.000104
n30_graph0,30,0.0,5,19,exact,20537.630698
n30_graph0,30,0.0,5,20,asym,38684.645722
n30_graph0,30,0.0,5,20,exact,38684.276316
n30_graph0,30,0.0,5,21,asym,73247.420187
n30_graph0,30,0.0,5,21,exact,73247.050781
n30_graph0,30,0.0,5,22,asym,139226.575181
n30_graph0,30,0.0,5,22,exact,139226.205775
n30_graph0,30,0.0,5,23,asym,265439.296624
n30_graph0,30,0.0,5,23,exact,265438.927218
n30_graph0,30,0.0,5,24,asym,507331.161226
n30_graph0,30,0.0,5,24,exact,507330.791820
n30_graph0,30,0.0,5,25,asym,971733.107775
n30_graph0,30,0.0,5,25,exact,971732.738369
n30_graph0,30,0.0,5,26,asym,1864755.250935
n30_graph0,30,0.0,5,26,exact,1864754.881529
n30_graph0,30,0.0,5,27,asym,3584537.042496
n30_graph0,30,0.0,5,27,exact,3584536.673090
n30_graph0,30,0.0,5,28,asym,6901041.716658
n30_graph0,30,0.0,5,28,exact,6901041.347252
n30_graph0,30,0.0,5,29,asym,13304906.908757
n30_graph0,30,0.0,5,29,exact,13304906.539351
n30_graph0,30,0.0,5,30,asym,25684901.571555
n30_graph0,30,0.0,5,30,exact,25684901.202149
n30_graph1,30,0.0,0.1,3,asym,21.020361
n30_graph1,30,0.0,0.1,3,exact,21.020031
n30_graph1,30,0.0,0.1,4,asym,21.020558
n30_graph1,30,0.0,0.1,4,exact,21.020130
n30_graph1,30,0.0,0.1,5,asym,21.020590
n30_graph1,30,0.0,0.1,5,exact,21.020149
n30_graph1,30,0.0,0.1,6,asym,21.020595
n30_graph1,30,0.0,0.1,6,exact,21.020155
n30_graph1,30,0.0,0.1,7,asym,21.020596
n30_graph1,30,0.0,0.1,7,exact,21.020155
n30_graph1,30,0.0,0.1,8,asym,21.020596
n30_graph1,30,0.0,0.1,8,exact,21.020156
n30_graph1,30,0.0,0.1,9,asym,21.020596
n30_graph1,30,0.0,0.1,9,exact,21.020156
n30_graph1,30,0.0,0.1,10,asym,21.020596
n30_graph1,30,0.0,0.1,10,exact,21.020156
n30_graph1,30,0.0,0.1,11,asym,21.020596
n30_graph1,30,0.0,0.1,11,exact,21.020156
n30_graph1,30,0.0,0.1,12,asym,21.020596
n30_graph1,30,0.0,0.1,12,exact,21.020156
n30_graph1,30,0.0,0.1,13,asym,21.020596
n30_graph1,30,0.0,0.1,13,exact,21.020156
n30_graph1,30,0.0,0.1,14,asym,21.020596
n30_graph1,30,0.0,0.1,14,exact,21.020156
n30_graph1,30,0.0,0.1,15,asym,21.020596
n30_graph1,30,0.0,0.1,15,exact,21.020156
n30_graph1,30,0.0,0.1,16,asym,21.020596
n30_graph1,30,0.0,0.1,16,exact,21.020156
n30_graph1,30,0.0,0.1,17,asym,21.020596
n30_graph1,30,0.0,0.1,17,exact,21.020156
n30_graph1,30,0.0,0.1,18,asym,21.020596
n30_graph1,30,0.0,0.1,18,exact,21.020156
n30_graph1,30,0.0,0.1,19,asym,21.020596
n30_graph1,30,0.0,0.1,19,exact,21.020156
n30_graph1,30,0.0,0.1,20,asym,21.020596
n30_graph1,30,0.0,0.1,20,exact,21.020156
n30_graph1,30,0.0,0.1,21,asym,21.020596
n30_graph1,30,0.0,0.1,21,exact,21.020156
n30_graph1,30,0.0,0.1,22,asym,21.020596
n30_graph1,30,0.0,0.1,22,exact,21.020156
n30_graph1,30,0.0,0.1,23,asym,21.020596
n30_graph1,30,0.0,0.1,23,exact,21.020156
n30_graph1,30,0.0,0.1,24,asym,21.020596
n30_graph1,30,0.0,0.1,24,exact,21.020156
n30_graph1,30,0.0,0.1,25,asym,21.020596
n30_graph1,30,0.0,0.1,25,exact,21.020156
n30_graph1,30,0.0,0.1,26,asym,21.020596
n30_graph1,30,0.0,0.1,26,exact,21.020156
n30_graph1,30,0.0,0.1,27,asym,21.020596
n30_graph1,30,0.0,0.1,27,exact,21.020156
n30_graph1,30,0.0,0.1,28,asym,21.020596
n30_graph1,30,0.0,0.1,28,exact,21.020156
n30_graph1,30,0.0,0.1,29,asym,21.020596
n30_graph1,30,0.0,0.1,29,exact,21.020156
n30_graph1,30,0.0,0.1,30,asym,21.020596
n30_graph1,30,0.0,0.1,30,exact,21.020156
n30_graph1,30,0.0,0.2,3,asym,21.698692
n30_graph1,30,0.0,0.2,3,exact,21.696138
n30_graph1,30,0.0,0.2,4,asym,21.701725
n30_graph1,30,0.0,0.2,4,exact,21.697655
n30_graph1,30,0.0,0.2,5,asym,21.702683
n30_graph1,30,0.0,0.2,5,exact,21.698254
n30_graph1,30,0.0,0.2,6,asym,21.702998
n30_graph1,30,0.0,0.2,6,exact,21.698569
n30_graph1,30,0.0,0.2,7,asym,21.703105
n30_graph1,30,0.0,0.2,7,exact,21.698676
n30_graph1,30,0.0,0.2,8,asym,21.703142
n30_graph1,30,0.0,0.2,8,exact,21.698713
n30_graph1,30,0.0,0.2,9,asym,21.703155
n30_graph1,30,0.0,0.2,9,exact,21.698726
n30_graph1,30,0.0,0.2,10,asym,21.703159
n30_graph1,30,0.0,0.2,10,exact,21.698730
n30_graph1,30,0.0,0.2,11,asym,21.703161
n30_graph1,30,0.0,0.2,11,exact,21.698732
n30_graph1,30,0.0,0.2,12,asym,21.703162
n30_graph1,30,0.0,0.2,12,exact,21.698733
n30_graph1,30,0.0,0.2,13,asym,21.703162
n30_graph1,30,0.0,0.2,13,exact,21.698733
n30_graph1,30,0.0,0.2,14,asym,21.703162
n30_graph1,30,0.0,0.2,14,exact,21.698733
n30_graph1,30,0.0,0.2,15,asym,21.703162
n30_graph1,30,0.0,0.2,15,exact,21.698733
n30_graph1,30,0.0,0.2,16,asym,21.703162
n30_graph1,30,0.0,0.2,16,exact,21.698733
n30_graph1,30,0.0,0.2,17,asym,21.703162
n30_graph1,30,0.0,0.2,17,exact,21.698733
n30_graph1,30,0.0,0.2,18,asym,21.703162
n30_graph1,30,0.0,0.2,18,exact,21.698733
n30_graph1,30,0.0,0.2,19,asym,21.703162
n30_graph1,30,0.0,0.2,19,exact,21.698733
n30_graph1,30,0.0,0.2,20,asym,21.703162
n30_graph1,30,0.0,0.2,20,exact,21.698733
n30_graph1,30,0.0,0.2,21,asym,21.703162
n30_graph1,30,0.0,0.2,21,exact,21.698733
n30_graph1,30,0.0,0.2,22,asym,21.703162
n30_graph1,30,0.0,0.2,22,exact,21.698733
n30_graph1,30,0.0,0.2,23,asym,21.703162
n30_graph1,30,0.0,0.2,23,exact,21.698733
n30_graph1,30,0.0,0.2,24,asym,21.703162
n30_graph1,30,0.0,0.2,24,exact,21.698733
n30_graph1,30,0.0,0.2,25,asym,21.703162
n30_graph1,30,0.0,0.2,25,exact,21.698733
n30_graph1,30,0.0,0.2,26,asym,21.703162
n30_graph1,30,0.0,0.2,26,exact,21.698733
n30_graph1,30,0.0,0.2,27,asym,21.703162
n30_graph1,30,0.0,0.2,27,exact,21.698733
n30_graph1,30,0.0,0.2,28,asym,21.703162
n30_graph1,30,0.0,0.2,28,exact,21.698733
n30_graph1,30,0.0,0.2,29,asym,21.703162
n30_graph1,30,0.0,0.2,29,exact,21.698733
n30_graph1,30,0.0,0.2,30,asym,21.703162
n30_graph1,30,0.0,0.2,30,exact,21.698733
n30_graph1,30,0.0,0.3,3,asym,22.822311
n30_graph1,30,0.0,0.3,3,exact,22.814171
n30_graph1,30,0.0,0.3,4,asym,22.836663
n30_graph1,30,0.0,0.3,4,exact,22.821347
n30_graph1,30,0.0,0.3,5,asym,22.843370
n30_graph1,30,0.0,0.3,5,exact,22.825539
n30_graph1,30,0.0,0.3,6,asym,22.846628
n30_graph1,30,0.0,0.3,6,exact,22.828797
n30_graph1,30,0.0,0.3,7,asym,22.848256
n30_graph1,30,0.0,0.3,7,exact,22.830425
n30_graph1,30,0.0,0.3,8,asym,22.849086
n30_graph1,30,0.0,0.3,8,exact,22.831255
n30_graph1,30,0.0,0.3,9,asym,22.849515
n30_graph1,30,0.0,0.3,9,exact,22.831684
n30_graph1,30,0.0,0.3,10,asym,22.849741
n30_graph1,30,0.0,0.3,10,exact,22.831910
n30_graph1,30,0.0,0.3,11,asym,22.849860
n30_graph1,30,0.0,0.3,11,exact,22.832029
n30_graph1,30,0.0,0.3,12,asym,22.849924
n30_graph1,30,0.0,0.3,12,exact,22.832093
n30_graph1,30,0.0,0.3,13,asym,22.849958
n30_graph1,30,0.0,0.3,13,exact,22.832127
n30_graph1,30,0.0,0.3,14,asym,22.849977
n30_graph1,30,0.0,0.3,14,exact,22.832146
n30_graph1,30,0.0,0.3,15,asym,22.849987
n30_graph1,30,0.0,0.3,15,exact,22.832156
n30_graph1,30,0.0,0.3,16,asym,22.849992
n30_graph1,30,0.0,0.3,16,exact,22.832161
n30_graph1,30,0.0,0.3,17,asym,22.849995
n30_graph1,30,0.0,0.3,17,exact,22.832164
n30_graph1,30,0.0,0.3,18,asym,22.849997
n30_graph1,30,0.0,0.3,18,exact,22.832166
n30_graph1,30,0.0,0.3,19,asym,22.849998
n30_graph1,30,0.0,0.3,19,exact,22.832167
n30_graph1,30,0.0,0.3,20,asym,22.849998
n30_graph1,30,0.0,0.3,20,exact,22.832167
n30_graph1,30,0.0,0.3,21,asym,22.849999
n30_graph1,30,0.0,0.3,21,exact,22.832168
n30_graph1,30,0.0,0.3,22,asym,22.849999
n30_graph1,30,0.0,0.3,22,exact,22.832168
n30_graph1,30,0.0,0.3,23,asym,22.849999
n30_graph1,30,0.0,0.3,23,exact,22.832168
n30_graph1,30,0.0,0.3,24,asym,22.849999
n30_graph1,30,0.0,0.3,24,exact,22.832168
n30_graph1,30,0.0,0.3,25,asym,22.849999
n30_graph1,30,0.0,0.3,25,exact,22.832168
n30_graph1,30,0.0,0.3,26,asym,22.849999
n30_graph1,30,0.0,0.3,26,exact,22.832168
n30_graph1,30,0.0,0.3,27,asym,22.849999
n30_graph1,30,0.0,0.3,27,exact,22.832168
n30_graph1,30,0.0,0.3,28,asym,22.849999
n30_graph1,30,0.0,0.3,28,exact,22.832168
n30_graph1,30,0.0,0.3,29,asym,22.849999
n30_graph1,30,0.0,0.3,29,exact,22.832168
n30_graph1,30,0.0,0.3,30,asym,22.849999
n30_graph1,30,0.0,0.3,30,exact,22.832168
n30_graph1,30,0.0,0.5,3,asym,26.325055
n30_graph1,30,0.0,0.5,3,exact,26.293683
n30_graph1,30,0.0,0.5,4,asym,26.414246
n30_graph1,30,0.0,0.5,4,exact,26.338279
n30_graph1,30,0.0,0.5,5,asym,26.480984
n30_graph1,30,0.0,0.5,5,exact,26.379990
n30_graph1,30,0.0,0.5,6,asym,26.532673
n30_graph1,30,0.0,0.5,6,exact,26.431680
n30_graph1,30,0.0,0.5,7,asym,26.573729
n30_graph1,30,0.0,0.5,7,exact,26.472735
n30_graph1,30,0.0,0.5,8,asym,26.606971
n30_graph1,30,0.0,0.5,8,exact,26.505977
n30_graph1,30,0.0,0.5,9,asym,26.634296
n30_graph1,30,0.0,0.5,9,exact,26.533302
n30_graph1,30,0.0,0.5,10,asym,26.657031
n30_graph1,30,0.0,0.5,10,exact,26.556037
n30_graph1,30,0.0,0.5,11,asym,26.676135
n30_graph1,30,0.0,0.5,11,exact,26.575141
n30_graph1,30,0.0,0.5,12,asym,26.692322
n30_graph1,30,0.0,0.5,12,exact,26.591328
n30_graph1,30,0.0,0.5,13,asym,26.706131
n30_graph1,30,0.0,0.5,13,exact,26.605138
n30_graph1,30,0.0,0.5,14,asym,26.717983
n30_graph1,30,0.0,0.5,14,exact,26.616989
n30_graph1,30,0.0,0.5,15,asym,26.728207
n30_graph1,30,0.0,0.5,15,exact,26.627213
n30_graph1,30,0.0,0.5,16,asym,26.737065
n30_graph1,30,0.0,0.5,16,exact,26.636072
n30_graph1,30,0.0,0.5,17,asym,26.744771
n30_graph1,30,0.0,0.5,17,exact,26.643777
n30_graph1,30,0.0,0.5,18,asym,26.751497
n30_graph1,30,0.0,0.5,18,exact,26.650504
n30_graph1,30,0.0,0.5,19,asym,26.757387
n30_graph1,30,0.0,0.5,19,exact,26.656393
n30_graph1,30,0.0,0.5,20,asym,26.762558
n30_graph1,30,0.0,0.5,20,exact,26.661564
n30_graph1,30,0.0,0.5,21,asym,26.767110
n30_graph1,30,0.0,0.5,21,exact,26.666116
n30_graph1,30,0.0,0.5,22,asym,26.771125
n30_graph1,30,0.0,0.5,22,exact,26.670132
n30_graph1,30,0.0,0.5,23,asym,26.774675
n30_graph1,30,0.0,0.5,23,exact,26.673682
n30_graph1,30,0.0,0.5,24,asym,26.777820
n30_graph1,30,0.0,0.5,24,exact,26.676826
n30_graph1,30,0.0,0.5,25,asym,26.780610
n30_graph1,30,0.0,0.5,25,exact,26.679616
n30_graph1,30,0.0,0.5,26,asym,26.783089
n30_graph1,30,0.0,0.5,26,exact,26.682095
n30_graph1,30,0.0,0.5,27,asym,26.785295
n30_graph1,30,0.0,0.5,27,exact,26.684302
n30_graph1,30,0.0,0.5,28,asym,26.787262
n30_graph1,30,0.0,0.5,28,exact,26.686268
n30_graph1,30,0.0,0.5,29,asym,26.789017
n30_graph1,30,0.0,0.5,29,exact,26.688023
n30_graph1,30,0.0,0.5,30,asym,26.790585
n30_graph1,30,0.0,0.5,30,exact,26.689591
n30_graph1,30,0.0,0.8,3,asym,34.220743
n30_graph1,30,0.0,0.8,3,exact,34.135139
n30_graph1,30,0.0,0.8,4,asym,34.576085
n30_graph1,30,0.0,0.8,4,exact,34.312810
n30_graph1,30,0.0,0.8,5,asym,34.964661
n30_graph1,30,0.0,0.8,5,exact,34.555670
n30_graph1,30,0.0,0.8,6,asym,35.403361
n30_graph1,30,0.0,0.8,6,exact,34.994369
n30_graph1,30,0.0,0.8,7,asym,35.909591
n30_graph1,30,0.0,0.8,7,exact,35.500600
n30_graph1,30,0.0,0.8,8,asym,36.503301
n30_graph1,30,0.0,0.8,8,exact,36.094310
n30_graph1,30,0.0,0.8,9,asym,37.208533
n30_graph1,30,0.0,0.8,9,exact,36.799541
n30_graph1,30,0.0,0.8,10,asym,38.054973
n30_graph1,30,0.0,0.8,10,exact,37.645982
n30_graph1,30,0.0,0.8,11,asym,39.079747
n30_graph1,30,0.0,0.8,11,exact,38.670756
n30_graph1,30,0.0,0.8,12,asym,40.329612
n30_graph1,30,0.0,0.8,12,exact,39.920620
n30_graph1,30,0.0,0.8,13,asym,41.863722
n30_graph1,30,0.0,0.8,13,exact,41.454731
n30_graph1,30,0.0,0.8,14,asym,43.757150
n30_graph1,30,0.0,0.8,14,exact,43.348159
n30_graph1,30,0.0,0.8,15,asym,46.105397
n30_graph1,30,0.0,0.8,15,exact,45.696405
n30_graph1,30,0.0,0.8,16,asym,49.030181
n30_graph1,30,0.0,0.8,16,exact,48.621190
n30_graph1,30,0.0,0.8,17,asym,52.686897
n30_graph1,30,0.0,0.8,17,exact,52.277906
n30_graph1,30,0.0,0.8,18,asym,57.274216
n30_graph1,30,0.0,0.8,18,exact,56.865224
n30_graph1,30,0.0,0.8,19,asym,63.046476
n30_graph1,30,0.0,0.8,19,exact,62.637485
n30_graph1,30,0.0,0.8,20,asym,70.329675
n30_graph1,30,0.0,0.8,20,exact,69.920684
n30_graph1,30,0.0,0.8,21,asym,79.542127
n30_graph1,30,0.0,0.8,21,exact,79.133136
n30_graph1,30,0.0,0.8,22,asym,91.221176
n30_graph1,30,0.0,0.8,22,exact,90.812184
n30_graph1,30,0.0,0.8,23,asym,106.057740
n30_graph1,30,0.0,0.8,23,exact,105.648749
n30_graph1,30,0.0,0.8,24,asym,124.941046
n30_graph1,30,0.0,0.8,24,exact,124.532054
n30_graph1,30,0.0,0.8,25,asym,149.016545
n30_graph1,30,0.0,0.8,25,exact,148.607554
n30_graph1,30,0.0,0.8,26,asym,179.760994
n30_graph1,30,0.0,0.8,26,exact,179.352003
n30_graph1,30,0.0,0.8,27,asym,219.079786
n30_graph1,30,0.0,0.8,27,exact,218.670795
n30_graph1,30,0.0,0.8,28,asym,269.433229
n30_graph1,30,0.0,0.8,28,exact,269.024237
n30_graph1,30,0.0,0.8,29,asym,334.000450
n30_graph1,30,0.0,0.8,29,exact,333.591459
n30_graph1,30,0.0,0.8,30,asym,416.892231
n30_graph1,30,0.0,0.8,30,exact,416.483240
n30_graph1,30,0.0,1,3,asym,40.802358
n30_graph1,30,0.0,1,3,exact,40.680406
n30_graph1,30,0.0,1,4,asym,41.382361
n30_graph1,30,0.0,1,4,exact,40.970408
n30_graph1,30,0.0,1,5,asym,42.112312
n30_graph1,30,0.0,1,5,exact,41.426627
n30_graph1,30,0.0,1,6,asym,43.063040
n30_graph1,30,0.0,1,6,exact,42.377356
n30_graph1,30,0.0,1,7,asym,44.329853
n30_graph1,30,0.0,1,7,exact,43.644168
n30_graph1,30,0.0,1,8,asym,46.045457
n30_graph1,30,0.0,1,8,exact,45.359772
n30_graph1,30,0.0,1,9,asym,48.397423
n30_graph1,30,0.0,1,9,exact,47.711739
n30_graph1,30,0.0,1,10,asym,51.652981
n30_graph1,30,0.0,1,10,exact,50.967297
n30_graph1,30,0.0,1,11,asym,56.194796
n30_graph1,30,0.0,1,11,exact,55.509112
n30_graph1,30,0.0,1,12,asym,62.572899
n30_graph1,30,0.0,1,12,exact,61.887215
n30_graph1,30,0.0,1,13,asym,71.580328
n30_graph1,30,0.0,1,13,exact,70.894643
n30_graph1,30,0.0,1,14,asym,84.363535
n30_graph1,30,0.0,1,14,exact,83.677851
n30_graph1,30,0.0,1,15,asym,102.583831
n30_graph1,30,0.0,1,15,exact,101.898147
n30_graph1,30,0.0,1,16,asym,128.653799
n30_graph1,30,0.0,1,16,exact,127.968114
n30_graph1,30,0.0,1,17,asym,166.084002
n30_graph1,30,0.0,1,17,exact,165.398318
n30_graph1,30,0.0,1,18,asym,219.992063
n30_graph1,30,0.0,1,18,exact,219.306378
n30_graph1,30,0.0,1,19,asym,297.851059
n30_graph1,30,0.0,1,19,exact,297.165375
n30_graph1,30,0.0,1,20,asym,410.590990
n30_graph1,30,0.0,1,20,exact,409.905305
n30_graph1,30,0.0,1,21,asym,574.221574
n30_graph1,30,0.0,1,21,exact,573.535889
n30_graph1,30,0.0,1,22,asym,812.225550
n30_graph1,30,0.0,1,22,exact,811.539866
n30_graph1,30,0.0,1,23,asym,1159.091634
n30_graph1,30,0.0,1,23,exact,1158.405949
n30_graph1,30,0.0,1,24,asym,1665.534496
n30_graph1,30,0.0,1,24,exact,1664.848812
n30_graph1,30,0.0,1,25,asym,2406.213906
n30_graph1,30,0.0,1,25,exact,2405.528221
n30_graph1,30,0.0,1,26,asym,3491.158733
n30_graph1,30,0.0,1,26,exact,3490.473049
n30_graph1,30,0.0,1,27,asym,5082.686972
n30_graph1,30,0.0,1,27,exact,5082.001288
n30_graph1,30,0.0,1,28,asym,7420.484118
n30_graph1,30,0.0,1,28,exact,7419.798433
n30_graph1,30,0.0,1,29,asym,10858.799428
n30_graph1,30,0.0,1,29,exact,10858.113744
n30_graph1,30,0.0,1,30,asym,15921.651881
n30_graph1,30,0.0,1,30,exact,15920.966197
n30_graph1,30,0.0,1.3,3,asym,51.986307
n30_graph1,30,0.0,1.3,3,exact,51.821431
n30_graph1,30,0.0,1.3,4,asym,52.864629
n30_graph1,30,0.0,1.3,4,exact,52.260592
n30_graph1,30,0.0,1.3,5,asym,54.108679
n30_graph1,30,0.0,1.3,5,exact,53.038123
n30_graph1,30,0.0,1.3,6,asym,55.939097
n30_graph1,30,0.0,1.3,6,exact,54.868541
n30_graph1,30,0.0,1.3,7,asym,58.702105
n30_graph1,30,0.0,1.3,7,exact,57.631550
n30_graph1,30,0.0,1.3,8,asym,62.949677
n30_graph1,30,0.0,1.3,8,exact,61.879122
n30_graph1,30,0.0,1.3,9,asym,69.568753
n30_graph1,30,0.0,1.3,9,exact,68.498197
n30_graph1,30,0.0,1.3,10,asym,79.991745
n30_graph1,30,0.0,1.3,10,exact,78.921189
n30_graph1,30,0.0,1.3,11,asym,96.540968
n30_graph1,30,0.0,1.3,11,exact,95.470413
n30_graph1,30,0.0,1.3,12,asym,122.993681
n30_graph1,30,0.0,1.3,12,exact,121.923125
n30_graph1,30,0.0,1.3,13,asym,165.510980
n30_graph1,30,0.0,1.3,13,exact,164.440424
n30_graph1,30,0.0,1.3,14,asym,234.167682
n30_graph1,30,0.0,1.3,14,exact,233.097126
n30_graph1,30,0.0,1.3,15,asym,345.476260
n30_graph1,30,0.0,1.3,15,exact,344.405704
n30_graph1,30,0.0,1.3,16,asym,526.557270
n30_graph1,30,0.0,1.3,16,exact,525.486714
n30_graph1,30,0.0,1.3,17,asym,822.040455
n30_graph1,30,0.0,1.3,17,exact,820.969899
n30_graph1,30,0.0,1.3,18,asym,1305.500235
n30_graph1,30,0.0,1.3,18,exact,1304.429679
n30_graph1,30,0.0,1.3,19,asym,2098.429486
n30_graph1,30,0.0,1.3,19,exact,2097.358930
n30_graph1,30,0.0,1.3,20,asym,3401.759352
n30_graph1,30,0.0,1.3,20,exact,3400.688796
n30_graph1,30,0.0,1.3,21,asym,5548.281414
n30_graph1,30,0.0,1.3,21,exact,5547.210858
n30_graph1,30,0.0,1.3,22,asym,9089.928887
n30_graph1,30,0.0,1.3,22,exact,9088.858331
n30_graph1,30,0.0,1.3,23,asym,14943.247380
n30_graph1,30,0.0,1.3,23,exact,14942.176824
n30_graph1,30,0.0,1.3,24,asym,24632.087606
n30_graph1,30,0.0,1.3,24,exact,24631.017050
n30_graph1,30,0.0,1.3,25,asym,40692.873257
n30_graph1,30,0.0,1.3,25,exact,40691.802702
n30_graph1,30,0.0,1.3,26,asym,67351.949003
n30_graph1,30,0.0,1.3,26,exact,67350.878447
n30_graph1,30,0.0,1.3,27,asym,111658.625008
n30_graph1,30,0.0,1.3,27,exact,111657.554453
n30_graph1,30,0.0,1.3,28,asym,185382.013733
n30_graph1,30,0.0,1.3,28,exact,185380.943177
n30_graph1,30,0.0,1.3,29,asym,308188.960328
n30_graph1,30,0.0,1.3,29,exact,308187.889772
n30_graph1,30,0.0,1.3,30,asym,512972.172694
n30_graph1,30,0.0,1.3,30,exact,512971.102138
n30_graph1,30,0.0,1.8,3,asym,72.635212
n30_graph1,30,0.0,1.8,3,exact,72.430375
n30_graph1,30,0.0,1.8,4,asym,73.814790
n30_graph1,30,0.0,1.8,4,exact,73.020164
n30_graph1,30,0.0,1.8,5,asym,75.625358
n30_graph1,30,0.0,1.8,5,exact,74.151769
n30_graph1,30,0.0,1.8,6,asym,78.518955
n30_graph1,30,0.0,1.8,6,exact,77.045366
n30_graph1,30,0.0,1.8,7,asym,83.273455
n30_graph1,30,0.0,1.8,7,exact,81.799865
n30_graph1,30,0.0,1.8,8,asym,91.244936
n30_graph1,30,0.0,1.8,8,exact,89.771347
n30_graph1,30,0.0,1.8,9,asym,104.816464
n30_graph1,30,0.0,1.8,9,exact,103.342874
n30_graph1,30,0.0,1.8,10,asym,128.201240
n30_graph1,30,0.0,1.8,10,exact,126.727650
n30_graph1,30,0.0,1.8,11,asym,168.885464
n30_graph1,30,0.0,1.8,11,exact,167.411875
n30_graph1,30,0.0,1.8,12,asym,240.228308
n30_graph1,30,0.0,1.8,12,exact,238.754719
n30_graph1,30,0.0,1.8,13,asym,366.159315
n30_graph1,30,0.0,1.8,13,exact,364.685725
n30_graph1,30,0.0,1.8,14,asym,589.685218
n30_graph1,30,0.0,1.8,14,exact,588.211629
n30_graph1,30,0.0,1.8,15,asym,988.328240
n30_graph1,30,0.0,1.8,15,exact,986.854651
n30_graph1,30,0.0,1.8,16,asym,1702.197774
n30_graph1,30,0.0,1.8,16,exact,1700.724184
n30_graph1,30,0.0,1.8,17,asym,2985.123301
n30_graph1,30,0.0,1.8,17,exact,2983.649712
n30_graph1,30,0.0,1.8,18,asym,5297.943249
n30_graph1,30,0.0,1.8,18,exact,5296.469659
n30_graph1,30,0.0,1.8,19,asym,9478.955352
n30_graph1,30,0.0,1.8,19,exact,9477.481762
n30_graph1,30,0.0,1.8,20,asym,17055.772031
n30_graph1,30,0.0,1.8,20,exact,17054.298442
n30_graph1,30,0.0,1.8,21,asym,30816.601058
n30_graph1,30,0.0,1.8,21,exact,30815.127469
n30_graph1,30,0.0,1.8,22,asym,55857.966175
n30_graph1,30,0.0,1.8,22,exact,55856.492586
n30_graph1,30,0.0,1.8,23,asym,101508.260091
n30_graph1,30,0.0,1.8,23,exact,101506.786501
n30_graph1,30,0.0,1.8,24,asym,184862.767880
n30_graph1,30,0.0,1.8,24,exact,184861.294290
n30_graph1,30,0.0,1.8,25,asym,337286.161689
n30_graph1,30,0.0,1.8,25,exact,337284.688099
n30_graph1,30,0.0,1.8,26,asym,616383.773714
n30_graph1,30,0.0,1.8,26,exact,616382.300124
n30_graph1,30,0.0,1.8,27,asym,1128058.720988
n30_graph1,30,0.0,1.8,27,exact,1128057.247399
n30_graph1,30,0.0,1.8,28,asym,2067182.791336
n30_graph1,30,0.0,1.8,28,exact,2067181.317747
n30_graph1,30,0.0,1.8,29,asym,3792641.916135
n30_graph1,30,0.0,1.8,29,exact,3792640.442545
n30_graph1,30,0.0,1.8,30,asym,6965901.084478
n30_graph1,30,0.0,1.8,30,exact,6965899.610888
n30_graph1,30,0.0,2.5,3,asym,103.302499
n30_graph1,30,0.0,2.5,3,exact,103.078120
n30_graph1,30,0.0,2.5,4,asym,104.635616
n30_graph1,30,0.0,2.5,4,exact,103.744678
n30_graph1,30,0.0,2.5,5,asym,106.747694
n30_graph1,30,0.0,2.5,5,exact,105.064727
n30_graph1,30,0.0,2.5,6,asym,110.233218
n30_graph1,30,0.0,2.5,6,exact,108.550252
n30_graph1,30,0.0,2.5,7,asym,116.149495
n30_graph1,30,0.0,2.5,7,exact,114.466529
n30_graph1,30,0.0,2.5,8,asym,126.400614
n30_graph1,30,0.0,2.5,8,exact,124.717647
n30_graph1,30,0.0,2.5,9,asym,144.444130
n30_graph1,30,0.0,2.5,9,exact,142.761164
n30_graph1,30,0.0,2.5,10,asym,176.599524
n30_graph1,30,0.0,2.5,10,exact,174.916558
n30_graph1,30,0.0,2.5,11,asym,234.480930
n30_graph1,30,0.0,2.5,11,exact,232.797963
n30_graph1,30,0.0,2.5,12,asym,339.535808
n30_graph1,30,0.0,2.5,12,exact,337.852842
n30_graph1,30,0.0,2.5,13,asym,531.538662
n30_graph1,30,0.0,2.5,13,exact,529.855696
n30_graph1,30,0.0,2.5,14,asym,884.530327
n30_graph1,30,0.0,2.5,14,exact,882.847361
n30_graph1,30,0.0,2.5,15,asym,1536.805133
n30_graph1,30,0.0,2.5,15,exact,1535.122166
n30_graph1,30,0.0,2.5,16,asym,2747.456866
n30_graph1,30,0.0,2.5,16,exact,2745.773899
n30_graph1,30,0.0,2.5,17,asym,5003.231197
n30_graph1,30,0.0,2.5,17,exact,5001.548231
n30_graph1,30,0.0,2.5,18,asym,9220.832143
n30_graph1,30,0.0,2.5,18,exact,9219.149177
n30_graph1,30,0.0,2.5,19,asym,17130.639608
n30_graph1,30,0.0,2.5,19,exact,17128.956641
n30_graph1,30,0.0,2.5,20,asym,32005.715429
n30_graph1,30,0.0,2.5,20,exact,32004.032462
n30_graph1,30,0.0,2.5,21,asym,60048.927362
n30_graph1,30,0.0,2.5,21,exact,60047.244396
n30_graph1,30,0.0,2.5,22,asym,113036.066830
n30_graph1,30,0.0,2.5,22,exact,113034.383863
n30_graph1,30,0.0,2.5,23,asym,213358.883018
n30_graph1,30,0.0,2.5,23,exact,213357.200052
n30_graph1,30,0.0,2.5,24,asym,403658.994050
n30_graph1,30,0.0,2.5,24,exact,403657.311083
n30_graph1,30,0.0,2.5,25,asym,765253.141835
n30_graph1,30,0.0,2.5,25,exact,765251.458868
n30_graph1,30,0.0,2.5,26,asym,1453410.261099
n30_graph1,30,0.0,2.5,26,exact,1453408.578132
n30_graph1,30,0.0,2.5,27,asym,2764961.401987
n30_graph1,30,0.0,2.5,27,exact,2764959.719021
n30_graph1,30,0.0,2.5,28,asym,5267999.941809
n30_graph1,30,0.0,2.5,28,exact,5267998.258843
n30_graph1,30,0.0,2.5,29,asym,10050915.692541
n30_graph1,30,0.0,2.5,29,exact,10050914.009574
n30_graph1,30,0.0,2.5,30,asym,19200961.612870
n30_graph1,30,0.0,2.5,30,exact,19200959.929904
n30_graph1,30,0.0,5,3,asym,215.528850
n30_graph1,30,0.0,5,3,exact,215.297846
n30_graph1,30,0.0,5,4,asym,216.914781
n30_graph1,30,0.0,5,4,exact,215.990812
n30_graph1,30,0.0,5,5,asym,219.132126
n30_graph1,30,0.0,5,5,exact,217.376652
n30_graph1,30,0.0,5,6,asym,222.827458
n30_graph1,30,0.0,5,6,exact,221.071985
n30_graph1,30,0.0,5,7,asym,229.161899
n30_graph1,30,0.0,5,7,exact,227.406425
n30_graph1,30,0.0,5,8,asym,240.246443
n30_graph1,30,0.0,5,8,exact,238.490970
n30_graph1,30,0.0,5,9,asym,259.951010
n30_graph1,30,0.0,5,9,exact,258.195536
n30_graph1,30,0.0,5,10,asym,295.416906
n30_graph1,30,0.0,5,10,exact,293.661432
n30_graph1,30,0.0,5,11,asym,359.896129
n30_graph1,30,0.0,5,11,exact,358.140656
n30_graph1,30,0.0,5,12,asym,478.100294
n30_graph1,30,0.0,5,12,exact,476.344821
n30_graph1,30,0.0,5,13,asym,696.309072
n30_graph1,30,0.0,5,13,exact,694.553598
n30_graph1,30,0.0,5,14,asym,1101.527396
n30_graph1,30,0.0,5,14,exact,1099.771922
n30_graph1,30,0.0,5,15,asym,1857.885377
n30_graph1,30,0.0,5,15,exact,1856.129903
n30_graph1,30,0.0,5,16,asym,3275.963678
n30_graph1,30,0.0,5,16,exact,3274.208205
n30_graph1,30,0.0,5,17,asym,5945.112651
n30_graph1,30,0.0,5,17,exact,5943.357177
n30_graph1,30,0.0,5,18,asym,10986.508159
n30_graph1,30,0.0,5,18,exact,10984.752685
n30_graph1,30,0.0,5,19,asym,20538.000104
n30_graph1,30,0.0,5,19,exact,20536.244631
n30_graph1,30,0.0,5,20,asym,38684.645722
n30_graph1,30,0.0,5,20,exact,38682.890249
n30_graph1,30,0.0,5,21,asym,73247.420187
n30_graph1,30,0.0,5,21,exact,73245.664713
n30_graph1,30,0.0,5,22,asym,139226.575181
n30_graph1,30,0.0,5,22,exact,139224.819708
n30_graph1,30,0.0,5,23,asym,265439.296624
n30_graph1,30,0.0,5,23,exact,265437.541150
n30_graph1,30,0.0,5,24,asym,507331.161226
n30_graph1,30,0.0,5,24,exact,507329.405753
n30_graph1,30,0.0,5,25,asym,971733.107775
n30_graph1,30,0.0,5,25,exact,971731.352301
n30_graph1,30,0.0,5,26,asym,1864755.250935
n30_graph1,30,0.0,5,26,exact,1864753.495462
n30_graph1,30,0.0,5,27,asym,3584537.042496
n30_graph1,30,0.0,5,27,exact,3584535.287022
n30_graph1,30,0.0,5,28,asym,6901041.716658
n30_graph1,30,0.0,5,28,exact,6901039.961184
n30_graph1,30,0.0,5,29,asym,13304906.908757
n30_graph1,30,0.0,5,29,exact,13304905.153284
n30_graph1,30,0.0,5,30,asym,25684901.571555
n30_graph1,30,0.0,5,30,exact,25684899.816082
n40_graph0,40,0.0,0.1,3,asym,28.026708
n40_graph0,40,0.0,0.1,3,exact,28.028357
n40_graph0,40,0.0,0.1,4,asym,28.026905
n40_graph0,40,0.0,0.1,4,exact,28.028456
n40_graph0,40,0.0,0.1,5,asym,28.026937
n40_graph0,40,0.0,0.1,5,exact,28.028466
n40_graph0,40,0.0,0.1,6,asym,28.026942
n40_graph0,40,0.0,0.1,6,exact,28.028471
n40_graph0,40,0.0,0.1,7,asym,28.026943
n40_graph0,40,0.0,0.1,7,exact,28.028472
n40_graph0,40,0.0,0.1,8,asym,28.026943
n40_graph0,40,0.0,0.1,8,exact,28.028472
n40_graph0,40,0.0,0.1,9,asym,28.026943
n40_graph0,40,0.0,0.1,9,exact,28.028472
n40_graph0,40,0.0,0.1,10,asym,28.026943
n40_graph0,40,0.0,0.1,10,exact,28.028472
n40_graph0,40,0.0,0.1,11,asym,28.026943
n40_graph0,40,0.0,0.1,11,exact,28.028472
n40_graph0,40,0.0,0.1,12,asym,28.026943
n40_graph0,40,0.0,0.1,12,exact,28.028472
n40_graph0,40,0.0,0.1,13,asym,28.026943
n40_graph0,40,0.0,0.1,13,exact,28.028472
n40_graph0,40,0.0,0.1,14,asym,28.026943
n40_graph0,40,0.0,0.1,14,exact,28.028472
n40_graph0,40,0.0,0.1,15,asym,28.026943
n40_graph0,40,0.0,0.1,15,exact,28.028472
n40_graph0,40,0.0,0.1,16,asym,28.026943
n40_graph0,40,0.0,0.1,16,exact,28.028472
n40_graph0,40,0.0,0.1,17,asym,28.026943
n40_graph0,40,0.0,0.1,17,exact,28.028472
n40_graph0,40,0.0,0.1,18,asym,28.026943
n40_graph0,40,0.0,0.1,18,exact,28.028472
n40_graph0,40,0.0,0.1,19,asym,28.026943
n40_graph0,40,0.0,0.1,19,exact,28.028472
n40_graph0,40,0.0,0.1,20,asym,28.026943
n40_graph0,40,0.0,0.1,20,exact,28.028472
n40_graph0,40,0.0,0.1,21,asym,28.026943
n40_graph0,40,0.0,0.1,21,exact,28.028472
n40_graph0,40,0.0,0.1,22,asym,28.026943
n40_graph0,40,0.0,0.1,22,exact,28.028472
n40_graph0,40,0.0,0.1,23,asym,28.026943
n40_graph0,40,0.0,0.1,23,exact,28.028472
n40_graph0,40,0.0,0.1,24,asym,28.026943
n40_graph0,40,0.0,0.1,24,exact,28.028472
n40_graph0,40,0.0,0.1,25,asym,28.026943
n40_graph0,40,0.0,0.1,25,exact,28.028472
n40_graph0,40,0.0,0.1,26,asym,28.026943
n40_graph0,40,0.0,0.1,26,exact,28.028472
n40_graph0,40,0.0,0.1,27,asym,28.026943
n40_graph0,40,0.0,0.1,27,exact,28.028472
n40_graph0,40,0.0,0.1,28,asym,28.026943
n40_graph0,40,0.0,0.1,28,exact,28.028472
n40_graph0,40,0.0,0.1,29,asym,28.026943
n40_graph0,40,0.0,0.1,29,exact,28.028472
n40_graph0,40,0.0,0.1,30,asym,28.026943
n40_graph0,40,0.0,0.1,30,exact,28.028472
n40_graph0,40,0.0,0.1,31,asym,28.026943
n40_graph0,40,0.0,0.1,31,exact,28.028472
n40_graph0,40,0.0,0.1,32,asym,28.026943
n40_graph0,40,0.0,0.1,32,exact,28.028472
n40_graph0,40,0.0,0.1,33,asym,28.026943
n40_graph0,40,0.0,0.1,33,exact,28.028472
n40_graph0,40,0.0,0.1,34,asym,28.026943
n40_graph0,40,0.0,0.1,34,exact,28.028472
n40_graph0,40,0.0,0.1,35,asym,28.026943
n40_graph0,40,0.0,0.1,35,exact,28.028472
n40_graph0,40,0.0,0.1,36,asym,28.026943
n40_graph0,40,0.0,0.1,36,exact,28.028472
n40_graph0,40,0.0,0.1,37,asym,28.026943
n40_graph0,40,0.0,0.1,37,exact,28.028472
n40_graph0,40,0.0,0.1,38,asym,28.026943
n40_graph0,40,0.0,0.1,38,exact,28.028472
n40_graph0,40,0.0,0.1,39,asym,28.026943
n40_graph0,40,0.0,0.1,39,exact,28.028472
n40_graph0,40,0.0,0.1,40,asym,28.026943
n40_graph0,40,0.0,0.1,40,exact,28.028472
n40_graph0,40,0.0,0.2,3,asym,28.928185
n40_graph0,40,0.0,0.2,3,exact,28.940951
n40_graph0,40,0.0,0.2,4,asym,28.931218
n40_graph0,40,0.0,0.2,4,exact,28.942467
n40_graph0,40,0.0,0.2,5,asym,28.932176
n40_graph0,40,0.0,0.2,5,exact,28.942767
n40_graph0,40,0.0,0.2,6,asym,28.932491
n40_graph0,40,0.0,0.2,6,exact,28.943082
n40_graph0,40,0.0,0.2,7,asym,28.932598
n40_graph0,40,0.0,0.2,7,exact,28.943189
n40_graph0,40,0.0,0.2,8,asym,28.932635
n40_graph0,40,0.0,0.2,8,exact,28.943226
n40_graph0,40,0.0,0.2,9,asym,28.932648
n40_graph0,40,0.0,0.2,9,exact,28.943239
n40_graph0,40,0.0,0.2,10,asym,28.932652
n40_graph0,40,0.0,0.2,10,exact,28.943243
n40_graph0,40,0.0,0.2,11,asym,28.932654
n40_graph0,40,0.0,0.2,11,exact,28.943245
n40_graph0,40,0.0,0.2,12,asym,28.932655
n40_graph0,40,0.0,0.2,12,exact,28.943245
n40_graph0,40,0.0,0.2,13,asym,28.932655
n40_graph0,40,0.0,0.2,13,exact,28.943246
n40_graph0,40,0.0,0.2,14,asym,28.932655
n40_graph0,40,0.0,0.2,14,exact,28.943246
n40_graph0,40,0.0,0.2,15,asym,28.932655
n40_graph0,40,0.0,0.2,15,exact,28.943246
n40_graph0,40,0.0,0.2,16,asym,28.932655
n40_graph0,40,0.0,0.2,16,exact,28.943246
n40_graph0,40,0.0,0.2,17,asym,28.932655
n40_graph0,40,0.0,0.2,17,exact,28.943246
n40_graph0,40,0.0,0.2,18,asym,28.932655
n40_graph0,40,0.0,0.2,18,exact,28.943246
n40_graph0,40,0.0,0.2,19,asym,28.932655
n40_graph0,40,0.0,0.2,19,exact,28.943246
n40_graph0,40,0.0,0.2,20,asym,28.932655
n40_graph0,40,0.0,0.2,20,exact,28.943246
n40_graph0,40,0.0,0.2,21,asym,28.932655
n40_graph0,40,0.0,0.2,21,exact,28.943246
n40_graph0,40,0.0,0.2,22,asym,28.932655
n40_graph0,40,0.0,0.2,22,exact,28.943246
n40_graph0,40,0.0,0.2,23,asym,28.932655
n40_graph0,40,0.0,0.2,23,exact,28.943246
n40_graph0,40,0.0,0.2,24,asym,28.932655
n40_graph0,40,0.0,0.2,24,exact,28.943246
n40_graph0,40,0.0,0.2,25,asym,28.932655
n40_graph0,40,0.0,0.2,25,exact,28.943246
n40_graph0,40,0.0,0.2,26,asym,28.932655
n40_graph0,40,0.0,0.2,26,exact,28.943246
n40_graph0,40,0.0,0.2,27,asym,28.932655
n40_graph0,40,0.0,0.2,27,exact,28.943246
n40_graph0,40,0.0,0.2,28,asym,28.932655
n40_graph0,40,0.0,0.2,28,exact,28.943246
n40_graph0,40,0.0,0.2,29,asym,28.932655
n40_graph0,40,0.0,0.2,29,exact,28.943246
n40_graph0,40,0.0,0.2,30,asym,28.932655
n40_graph0,40,0.0,0.2,30,exact,28.943246
n40_graph0,40,0.0,0.2,31,asym,28.932655
n40_graph0,40,0.0,0.2,31,exact,28.943246
n40_graph0,40,0.0,0.2,32,asym,28.932655
n40_graph0,40,0.0,0.2,32,exact,28.943246
n40_graph0,40,0.0,0.2,33,asym,28.932655
n40_graph0,40,0.0,0.2,33,exact,28.943246
n40_graph0,40,0.0,0.2,34,asym,28.932655
n40_graph0,40,0.0,0.2,34,exact,28.943246
n40_graph0,40,0.0,0.2,35,asym,28.932655
n40_graph0,40,0.0,0.2,35,exact,28.943246
n40_graph0,40,0.0,0.2,36,asym,28.932655
n40_graph0,40,0.0,0.2,36,exact,28.943246
n40_graph0,40,0.0,0.2,37,asym,28.932655
n40_graph0,40,0.0,0.2,37,exact,28.943246
n40_graph0,40,0.0,0.2,38,asym,28.932655
n40_graph0,40,0.0,0.2,38,exact,28.943246
n40_graph0,40,0.0,0.2,39,asym,28.932655
n40_graph0,40,0.0,0.2,39,exact,28.943246
n40_graph0,40,0.0,0.2,40,asym,28.932655
n40_graph0,40,0.0,0.2,40,exact,28.943246
n40_graph0,40,0.0,0.3,3,asym,30.418895
n40_graph0,40,0.0,0.3,3,exact,30.459597
n40_graph0,40,0.0,0.3,4,asym,30.433247
n40_graph0,40,0.0,0.3,4,exact,30.466772
n40_graph0,40,0.0,0.3,5,asym,30.439953
n40_graph0,40,0.0,0.3,5,exact,30.468868
n40_graph0,40,0.0,0.3,6,asym,30.443212
n40_graph0,40,0.0,0.3,6,exact,30.472127
n40_graph0,40,0.0,0.3,7,asym,30.444839
n40_graph0,40,0.0,0.3,7,exact,30.473754
n40_graph0,40,0.0,0.3,8,asym,30.445669
n40_graph0,40,0.0,0.3,8,exact,30.474584
n40_graph0,40,0.0,0.3,9,asym,30.446099
n40_graph0,40,0.0,0.3,9,exact,30.475014
n40_graph0,40,0.0,0.3,10,asym,30.446324
n40_graph0,40,0.0,0.3,10,exact,30.475239
n40_graph0,40,0.0,0.3,11,asym,30.446444
n40_graph0,40,0.0,0.3,11,exact,30.475359
n40_graph0,40,0.0,0.3,12,asym,30.446507
n40_graph0,40,0.0,0.3,12,exact,30.475422
n40_graph0,40,0.0,0.3,13,asym,30.446542
n40_graph0,40,0.0,0.3,13,exact,30.475457
n40_graph0,40,0.0,0.3,14,asym,30.446560
n40_graph0,40,0.0,0.3,14,exact,30.475475
n40_graph0,40,0.0,0.3,15,asym,30.446570
n40_graph0,40,0.0,0.3,15,exact,30.475485
n40_graph0,40,0.0,0.3,16,asym,30.446576
n40_graph0,40,0.0,0.3,16,exact,30.475491
n40_graph0,40,0.0,0.3,17,asym,30.446579
n40_graph0,40,0.0,0.3,17,exact,30.475494
n40_graph0,40,0.0,0.3,18,asym,30.446580
n40_graph0,40,0.0,0.3,18,exact,30.475496
n40_graph0,40,0.0,0.3,19,asym,30.446581
n40_graph0,40,0.0,0.3,19,exact,30.475496
n40_graph0,40,0.0,0.3,20,asym,30.446582
n40_graph0,40,0.0,0.3,20,exact,30.475497
n40_graph0,40,0.0,0.3,21,asym,30.446582
n40_graph0,40,0.0,0.3,21,exact,30.475497
n40_graph0,40,0.0,0.3,22,asym,30.446582
n40_graph0,40,0.0,0.3,22,exact,30.475497
n40_graph0,40,0.0,0.3,23,asym,30.446582
n40_graph0,40,0.0,0.3,23,exact,30.475497
n40_graph0,40,0.0,0.3,24,asym,30.446582
n40_graph0,40,0.0,0.3,24,exact,30.475498
n40_graph0,40,0.0,0.3,25,asym,30.446582
n40_graph0,40,0.0,0.3,25,exact,30.475498
n40_graph0,40,0.0,0.3,26,asym,30.446582
n40_graph0,40,0.0,0.3,26,exact,30.475498
n40_graph0,40,0.0,0.3,27,asym,30.446582
n40_graph0,40,0.0,0.3,27,exact,30.475498
n40_graph0,40,0.0,0.3,28,asym,30.446582
n40_graph0,40,0.0,0.3,28,exact,30.475498
n40_graph0,40,0.0,0.3,29,asym,30.446582
n40_graph0,40,0.0,0.3,29,exact,30.475498
n40_graph0,40,0.0,0.3,30,asym,30.446582
n40_graph0,40,0.0,0.3,30,exact,30.475498
n40_graph0,40,0.0,0.3,31,asym,30.446582
n40_graph0,40,0.0,0.3,31,exact,30.475498
n40_graph0,40,0.0,0.3,32,asym,30.446582
n40_graph0,40,0.0,0.3,32,exact,30.475498
n40_graph0,40,0.0,0.3,33,asym,30.446582
n40_graph0,40,0.0,0.3,33,exact,30.475498
n40_graph0,40,0.0,0.3,34,asym,30.446582
n40_graph0,40,0.0,0.3,34,exact,30.475498
n40_graph0,40,0.0,0.3,35,asym,30.446582
n40_graph0,40,0.0,0.3,35,exact,30.475498
n40_graph0,40,0.0,0.3,36,asym,30.446582
n40_graph0,40,0.0,0.3,36,exact,30.475498
n40_graph0,40,0.0,0.3,37,asym,30.446582
n40_graph0,40,0.0,0.3,37,exact,30.475498
n40_graph0,40,0.0,0.3,38,asym,30.446582
n40_graph0,40,0.0,0.3,38,exact,30.475498
n40_graph0,40,0.0,0.3,39,asym,30.446582
n40_graph0,40,0.0,0.3,39,exact,30.475498
n40_graph0,40,0.0,0.3,40,asym,30.446582
n40_graph0,40,0.0,0.3,40,exact,30.475498
n40_graph0,40,0.0,0.5,3,asym,35.058244
n40_graph0,40,0.0,0.5,3,exact,35.215103
n40_graph0,40,0.0,0.5,4,asym,35.147435
n40_graph0,40,0.0,0.5,4,exact,35.259698
n40_graph0,40,0.0,0.5,5,asym,35.214173
n40_graph0,40,0.0,0.5,5,exact,35.280554
n40_graph0,40,0.0,0.5,6,asym,35.265863
n40_graph0,40,0.0,0.5,6,exact,35.332244
n40_graph0,40,0.0,0.5,7,asym,35.306918
n40_graph0,40,0.0,0.5,7,exact,35.373299
n40_graph0,40,0.0,0.5,8,asym,35.340160
n40_graph0,40,0.0,0.5,8,exact,35.406541
n40_graph0,40,0.0,0.5,9,asym,35.367485
n40_graph0,40,0.0,0.5,9,exact,35.433866
n40_graph0,40,0.0,0.5,10,asym,35.390220
n40_graph0,40,0.0,0.5,10,exact,35.456601
n40_graph0,40,0.0,0.5,11,asym,35.409325
n40_graph0,40,0.0,0.5,11,exact,35.475705
n40_graph0,40,0.0,0.5,12,asym,35.425511
n40_graph0,40,0.0,0.5,12,exact,35.491892
n40_graph0,40,0.0,0.5,13,asym,35.439321
n40_graph0,40,0.0,0.5,13,exact,35.505701
n40_graph0,40,0.0,0.5,14,asym,35.451173
n40_graph0,40,0.0,0.5,14,exact,35.517553
n40_graph0,40,0.0,0.5,15,asym,35.461396
n40_graph0,40,0.0,0.5,15,exact,35.527777
n40_graph0,40,0.0,0.5,16,asym,35.470255
n40_graph0,40,0.0,0.5,16,exact,35.536636
n40_graph0,40,0.0,0.5,17,asym,35.477961
n40_graph0,40,0.0,0.5,17,exact,35.544341
n40_graph0,40,0.0,0.5,18,asym,35.484687
n40_graph0,40,0.0,0.5,18,exact,35.551068
n40_graph0,40,0.0,0.5,19,asym,35.490576
n40_graph0,40,0.0,0.5,19,exact,35.556957
n40_graph0,40,0.0,0.5,20,asym,35.495747
n40_graph0,40,0.0,0.5,20,exact,35.562128
n40_graph0,40,0.0,0.5,21,asym,35.500299
n40_graph0,40,0.0,0.5,21,exact,35.566680
n40_graph0,40,0.0,0.5,22,asym,35.504315
n40_graph0,40,0.0,0.5,22,exact,35.570696
n40_graph0,40,0.0,0.5,23,asym,35.507865
n40_graph0,40,0.0,0.5,23,exact,35.574246
n40_graph0,40,0.0,0.5,24,asym,35.511009
n40_graph0,40,0.0,0.5,24,exact,35.577390
n40_graph0,40,0.0,0.5,25,asym,35.513799
n40_graph0,40,0.0,0.5,25,exact,35.580180
n40_graph0,40,0.0,0.5,26,asym,35.516278
n40_graph0,40,0.0,0.5,26,exact,35.582659
n40_graph0,40,0.0,0.5,27,asym,35.518485
n40_graph0,40,0.0,0.5,27,exact,35.584866
n40_graph0,40,0.0,0.5,28,asym,35.520451
n40_graph0,40,0.0,0.5,28,exact,35.586832
n40_graph0,40,0.0,0.5,29,asym,35.522206
n40_graph0,40,0.0,0.5,29,exact,35.588587
n40_graph0,40,0.0,0.5,30,asym,35.523774
n40_graph0,40,0.0,0.5,30,exact,35.590155
n40_graph0,40,0.0,0.5,31,asym,35.525177
n40_graph0,40,0.0,0.5,31,exact,35.591557
n40_graph0,40,0.0,0.5,32,asym,35.526432
n40_graph0,40,0.0,0.5,32,exact,35.592813
n40_graph0,40,0.0,0.5,33,asym,35.527557
n40_graph0,40,0.0,0.5,33,exact,35.593938
n40_graph0,40,0.0,0.5,34,asym,35.528567
n40_graph0,40,0.0,0.5,34,exact,35.594948
n40_graph0,40,0.0,0.5,35,asym,35.529473
n40_graph0,40,0.0,0.5,35,exact,35.595854
n40_graph0,40,0.0,0.5,36,asym,35.530288
n40_graph0,40,0.0,0.5,36,exact,35.596668
n40_graph0,40,0.0,0.5,37,asym,35.531020
n40_graph0,40,0.0,0.5,37,exact,35.597401
n40_graph0,40,0.0,0.5,38,asym,35.531679
n40_graph0,40,0.0,0.5,38,exact,35.598060
n40_graph0,40,0.0,0.5,39,asym,35.532272
n40_graph0,40,0.0,0.5,39,exact,35.598653
n40_graph0,40,0.0,0.5,40,asym,35.532807
n40_graph0,40,0.0,0.5,40,exact,35.599188
n40_graph0,40,0.0,0.8,3,asym,45.513518
n40_graph0,40,0.0,0.8,3,exact,45.941540
n40_graph0,40,0.0,0.8,4,asym,45.868861
n40_graph0,40,0.0,0.8,4,exact,46.119211
n40_graph0,40,0.0,0.8,5,asym,46.257436
n40_graph0,40,0.0,0.8,5,exact,46.240641
n40_graph0,40,0.0,0.8,6,asym,46.696136
n40_graph0,40,0.0,0.8,6,exact,46.679341
n40_graph0,40,0.0,0.8,7,asym,47.202366
n40_graph0,40,0.0,0.8,7,exact,47.185571
n40_graph0,40,0.0,0.8,8,asym,47.796076
n40_graph0,40,0.0,0.8,8,exact,47.779281
n40_graph0,40,0.0,0.8,9,asym,48.501308
n40_graph0,40,0.0,0.8,9,exact,48.484513
n40_graph0,40,0.0,0.8,10,asym,49.347748
n40_graph0,40,0.0,0.8,10,exact,49.330953
n40_graph0,40,0.0,0.8,11,asym,50.372522
n40_graph0,40,0.0,0.8,11,exact,50.355727
n40_graph0,40,0.0,0.8,12,asym,51.622387
n40_graph0,40,0.0,0.8,12,exact,51.605592
n40_graph0,40,0.0,0.8,13,asym,53.156497
n40_graph0,40,0.0,0.8,13,exact,53.139702
n40_graph0,40,0.0,0.8,14,asym,55.049925
n40_graph0,40,0.0,0.8,14,exact,55.033131
n40_graph0,40,0.0,0.8,15,asym,57.398172
n40_graph0,40,0.0,0.8,15,exact,57.381377
n40_graph0,40,0.0,0.8,16,asym,60.322956
n40_graph0,40,0.0,0.8,16,exact,60.306161
n40_graph0,40,0.0,0.8,17,asym,63.979672
n40_graph0,40,0.0,0.8,17,exact,63.962877
n40_graph0,40,0.0,0.8,18,asym,68.566991
n40_graph0,40,0.0,0.8,18,exact,68.550196
n40_graph0,40,0.0,0.8,19,asym,74.339251
n40_graph0,40,0.0,0.8,19,exact,74.322457
n40_graph0,40,0.0,0.8,20,asym,81.622450
n40_graph0,40,0.0,0.8,20,exact,81.605655
n40_graph0,40,0.0,0.8,21,asym,90.834903
n40_graph0,40,0.0,0.8,21,exact,90.818108
n40_graph0,40,0.0,0.8,22,asym,102.513951
n40_graph0,40,0.0,0.8,22,exact,102.497156
n40_graph0,40,0.0,0.8,23,asym,117.350516
n40_graph0,40,0.0,0.8,23,exact,117.333721
n40_graph0,40,0.0,0.8,24,asym,136.233821
n40_graph0,40,0.0,0.8,24,exact,136.217026
n40_graph0,40,0.0,0.8,25,asym,160.309321
n40_graph0,40,0.0,0.8,25,exact,160.292526
n40_graph0,40,0.0,0.8,26,asym,191.053770
n40_graph0,40,0.0,0.8,26,exact,191.036975
n40_graph0,40,0.0,0.8,27,asym,230.372561
n40_graph0,40,0.0,0.8,27,exact,230.355766
n40_graph0,40,0.0,0.8,28,asym,280.726004
n40_graph0,40,0.0,0.8,28,exact,280.709209
n40_graph0,40,0.0,0.8,29,asym,345.293225
n40_graph0,40,0.0,0.8,29,exact,345.276430
n40_graph0,40,0.0,0.8,30,asym,428.185006
n40_graph0,40,0.0,0.8,30,exact,428.168211
n40_graph0,40,0.0,0.8,31,asym,534.720297
n40_graph0,40,0.0,0.8,31,exact,534.703502
n40_graph0,40,0.0,0.8,32,asym,671.785609
n40_graph0,40,0.0,0.8,32,exact,671.768814
n40_graph0,40,0.0,0.8,33,asym,848.302337
n40_graph0,40,0.0,0.8,33,exact,848.285542
n40_graph0,40,0.0,0.8,34,asym,1075.834668
n40_graph0,40,0.0,0.8,34,exact,1075.817873
n40_graph0,40,0.0,0.8,35,asym,1369.380677
n40_graph0,40,0.0,0.8,35,exact,1369.363882
n40_graph0,40,0.0,0.8,36,asym,1748.402215
n40_graph0,40,0.0,0.8,36,exact,1748.385420
n40_graph0,40,0.0,0.8,37,asym,2238.166171
n40_graph0,40,0.0,0.8,37,exact,2238.149377
n40_graph0,40,0.0,0.8,38,asym,2871.491841
n40_graph0,40,0.0,0.8,38,exact,2871.475047
n40_graph0,40,0.0,0.8,39,asym,3691.028185
n40_graph0,40,0.0,0.8,39,exact,3691.011390
n40_graph0,40,0.0,0.8,40,asym,4752.222626
n40_graph0,40,0.0,0.8,40,exact,4752.205831
n40_graph0,40,0.0,1,3,asym,54.240542
n40_graph0,40,0.0,1,3,exact,54.850298
n40_graph0,40,0.0,1,4,asym,54.820545
n40_graph0,40,0.0,1,4,exact,55.140300
n40_graph0,40,0.0,1,5,asym,55.550496
n40_graph0,40,0.0,1,5,exact,55.368409
n40_graph0,40,0.0,1,6,asym,56.501224
n40_graph0,40,0.0,1,6,exact,56.319137
n40_graph0,40,0.0,1,7,asym,57.768037
n40_graph0,40,0.0,1,7,exact,57.585950
n40_graph0,40,0.0,1,8,asym,59.483641
n40_graph0,40,0.0,1,8,exact,59.301554
n40_graph0,40,0.0,1,9,asym,61.835607
n40_graph0,40,0.0,1,9,exact,61.653521
n40_graph0,40,0.0,1,10,asym,65.091166
n40_graph0,40,0.0,1,10,exact,64.909079
n40_graph0,40,0.0,1,11,asym,69.632981
n40_graph0,40,0.0,1,11,exact,69.450894
n40_graph0,40,0.0,1,12,asym,76.011083
n40_graph0,40,0.0,1,12,exact,75.828997
n40_graph0,40,0.0,1,13,asym,85.018512
n40_graph0,40,0.0,1,13,exact,84.836425
n40_graph0,40,0.0,1,14,asym,97.801720
n40_graph0,40,0.0,1,14,exact,97.619633
n40_graph0,40,0.0,1,15,asym,116.022015
n40_graph0,40,0.0,1,15,exact,115.839928
n40_graph0,40,0.0,1,16,asym,142.091983
n40_graph0,40,0.0,1,16,exact,141.909896
n40_graph0,40,0.0,1,17,asym,179.522186
n40_graph0,40,0.0,1,17,exact,179.340100
n40_graph0,40,0.0,1,18,asym,233.430247
n40_graph0,40,0.0,1,18,exact,233.248160
n40_graph0,40,0.0,1,19,asym,311.289244
n40_graph0,40,0.0,1,19,exact,311.107157
n40_graph0,40,0.0,1,20,asym,424.029174
n40_graph0,40,0.0,1,20,exact,423.847087
n40_graph0,40,0.0,1,21,asym,587.659758
n40_graph0,40,0.0,1,21,exact,587.477671
n40_graph0,40,0.0,1,22,asym,825.663735
n40_graph0,40,0.0,1,22,exact,825.481648
n40_graph0,40,0.0,1,23,asym,1172.529818
n40_graph0,40,0.0,1,23,exact,1172.347731
n40_graph0,40,0.0,1,24,asym,1678.972681
n40_graph0,40,0.0,1,24,exact,1678.790594
n40_graph0,40,0.0,1,25,asym,2419.652090
n40_graph0,40,0.0,1,25,exact,2419.470003
n40_graph0,40,0.0,1,26,asym,3504.596917
n40_graph0,40,0.0,1,26,exact,3504.414831
n40_graph0,40,0.0,1,27,asym,5096.125156
n40_graph0,40,0.0,1,27,exact,5095.943069
n40_graph0,40,0.0,1,28,asym,7433.922302
n40_graph0,40,0.0,1,28,exact,7433.740215
n40_graph0,40,0.0,1,29,asym,10872.237612
n40_graph0,40,0.0,1,29,exact,10872.055525
n40_graph0,40,0.0,1,30,asym,15935.090066
n40_graph0,40,0.0,1,30,exact,15934.907979
n40_graph0,40,0.0,1,31,asym,23398.255615
n40_graph0,40,0.0,1,31,exact,23398.073528
n40_graph0,40,0.0,1,32,asym,34411.101038
n40_graph0,40,0.0,1,32,exact,34410.918951
n40_graph0,40,0.0,1,33,asym,50677.734308
n40_graph0,40,0.0,1,33,exact,50677.552221
n40_graph0,40,0.0,1,34,asym,74726.498674
n40_graph0,40,0.0,1,34,exact,74726.316587
n40_graph0,40,0.0,1,35,asym,110311.105035
n40_graph0,40,0.0,1,35,exact,110310.922948
n40_graph0,40,0.0,1,36,asym,163008.004226
n40_graph0,40,0.0,1,36,exact,163007.822139
n40_graph0,40,0.0,1,37,asym,241106.432632
n40_graph0,40,0.0,1,37,exact,241106.250546
n40_graph0,40,0.0,1,38,asym,356935.136715
n40_graph0,40,0.0,1,38,exact,356934.954629
n40_graph0,40,0.0,1,39,asym,528840.902526
n40_graph0,40,0.0,1,39,exact,528840.720440
n40_graph0,40,0.0,1,40,asym,784140.376677
n40_graph0,40,0.0,1,40,exact,784140.194590
n40_graph0,40,0.0,1.3,3,asym,69.095241
n40_graph0,40,0.0,1.3,3,exact,69.919620
n40_graph0,40,0.0,1.3,4,asym,69.973564
n40_graph0,40,0.0,1.3,4,exact,70.358781
n40_graph0,40,0.0,1.3,5,asym,71.217614
n40_graph0,40,0.0,1.3,5,exact,70.747547
n40_graph0,40,0.0,1.3,6,asym,73.048032
n40_graph0,40,0.0,1.3,6,exact,72.577965
n40_graph0,40,0.0,1.3,7,asym,75.811040
n40_graph0,40,0.0,1.3,7,exact,75.340973
n40_graph0,40,0.0,1.3,8,asym,80.058612
n40_graph0,40,0.0,1.3,8,exact,79.588545
n40_graph0,40,0.0,1.3,9,asym,86.677687
n40_graph0,40,0.0,1.3,9,exact,86.207621
n40_graph0,40,0.0,1.3,10,asym,97.100679
n40_graph0,40,0.0,1.3,10,exact,96.630612
n40_graph0,40,0.0,1.3,11,asym,113.649903
n40_graph0,40,0.0,1.3,11,exact,113.179836
n40_graph0,40,0.0,1.3,12,asym,140.102616
n40_graph0,40,0.0,1.3,12,exact,139.632549
n40_graph0,40,0.0,1.3,13,asym,182.619914
n40_graph0,40,0.0,1.3,13,exact,182.149848
n40_graph0,40,0.0,1.3,14,asym,251.276616
n40_graph0,40,0.0,1.3,14,exact,250.806549
n40_graph0,40,0.0,1.3,15,asym,362.585194
n40_graph0,40,0.0,1.3,15,exact,362.115127
n40_graph0,40,0.0,1.3,16,asym,543.666204
n40_graph0,40,0.0,1.3,16,exact,543.196138
n40_graph0,40,0.0,1.3,17,asym,839.149389
n40_graph0,40,0.0,1.3,17,exact,838.679323
n40_graph0,40,0.0,1.3,18,asym,1322.609170
n40_graph0,40,0.0,1.3,18,exact,1322.139103
n40_graph0,40,0.0,1.3,19,asym,2115.538421
n40_graph0,40,0.0,1.3,19,exact,2115.068354
n40_graph0,40,0.0,1.3,20,asym,3418.868286
n40_graph0,40,0.0,1.3,20,exact,3418.398219
n40_graph0,40,0.0,1.3,21,asym,5565.390348
n40_graph0,40,0.0,1.3,21,exact,5564.920281
n40_graph0,40,0.0,1.3,22,asym,9107.037822
n40_graph0,40,0.0,1.3,22,exact,9106.567755
n40_graph0,40,0.0,1.3,23,asym,14960.356314
n40_graph0,40,0.0,1.3,23,exact,14959.886248
n40_graph0,40,0.0,1.3,24,asym,24649.196541
n40_graph0,40,0.0,1.3,24,exact,24648.726474
n40_graph0,40,0.0,1.3,25,asym,40709.982192
n40_graph0,40,0.0,1.3,25,exact,40709.512125
n40_graph0,40,0.0,1.3,26,asym,67369.057937
n40_graph0,40,0.0,1.3,26,exact,67368.587870
n40_graph0,40,0.0,1.3,27,asym,111675.733943
n40_graph0,40,0.0,1.3,27,exact,111675.263876
n40_graph0,40,0.0,1.3,28,asym,185399.122667
n40_graph0,40,0.0,1.3,28,exact,185398.652601
n40_graph0,40,0.0,1.3,29,asym,308206.069262
n40_graph0,40,0.0,1.3,29,exact,308205.599195
n40_graph0,40,0.0,1.3,30,asym,512989.281628
n40_graph0,40,0.0,1.3,30,exact,512988.811561
n40_graph0,40,0.0,1.3,31,asym,854806.698472
n40_graph0,40,0.0,1.3,31,exact,854806.228405
n40_graph0,40,0.0,1.3,32,asym,1425889.627316
n40_graph0,40,0.0,1.3,32,exact,1425889.157249
n40_graph0,40,0.0,1.3,33,asym,2380855.600807
n40_graph0,40,0.0,1.3,33,exact,2380855.130740
n40_graph0,40,0.0,1.3,34,asym,3979090.286155
n40_graph0,40,0.0,1.3,34,exact,3979089.816088
n40_graph0,40,0.0,1.3,35,asym,6656031.298547
n40_graph0,40,0.0,1.3,35,exact,6656030.828480
n40_graph0,40,0.0,1.3,36,asym,11143129.902137
n40_graph0,40,0.0,1.3,36,exact,11143129.432070
n40_graph0,40,0.0,1.3,37,asym,18669838.999201
n40_graph0,40,0.0,1.3,37,exact,18669838.529134
n40_graph0,40,0.0,1.3,38,asym,31303888.281206
n40_graph0,40,0.0,1.3,38,exact,31303887.811139
n40_graph0,40,0.0,1.3,39,asym,52524803.122267
n40_graph0,40,0.0,1.3,39,exact,52524802.652200
n40_graph0,40,0.0,1.3,40,asym,88191000.526504
n40_graph0,40,0.0,1.3,40,exact,88191000.056438
n40_graph0,40,0.0,1.8,3,asym,96.573833
n40_graph0,40,0.0,1.8,3,exact,97.598021
n40_graph0,40,0.0,1.8,4,asym,97.753411
n40_graph0,40,0.0,1.8,4,exact,98.187810
n40_graph0,40,0.0,1.8,5,asym,99.563979
n40_graph0,40,0.0,1.8,5,exact,98.753613
n40_graph0,40,0.0,1.8,6,asym,102.457576
n40_graph0,40,0.0,1.8,6,exact,101.647210
n40_graph0,40,0.0,1.8,7,asym,107.212076
n40_graph0,40,0.0,1.8,7,exact,106.401710
n40_graph0,40,0.0,1.8,8,asym,115.183557
n40_graph0,40,0.0,1.8,8,exact,114.373191
n40_graph0,40,0.0,1.8,9,asym,128.755084
n40_graph0,40,0.0,1.8,9,exact,127.944718
n40_graph0,40,0.0,1.8,10,asym,152.139860
n40_graph0,40,0.0,1.8,10,exact,151.329494
n40_graph0,40,0.0,1.8,11,asym,192.824085
n40_graph0,40,0.0,1.8,11,exact,192.013719
n40_graph0,40,0.0,1.8,12,asym,264.166929
n40_graph0,40,0.0,1.8,12,exact,263.356563
n40_graph0,40,0.0,1.8,13,asym,390.097935
n40_graph0,40,0.0,1.8,13,exact,389.287569
n40_graph0,40,0.0,1.8,14,asym,613.623839
n40_graph0,40,0.0,1.8,14,exact,612.813473
n40_graph0,40,0.0,1.8,15,asym,1012.266861
n40_graph0,40,0.0,1.8,15,exact,1011.456495
n40_graph0,40,0.0,1.8,16,asym,1726.136395
n40_graph0,40,0.0,1.8,16,exact,1725.326029
n40_graph0,40,0.0,1.8,17,asym,3009.061922
n40_graph0,40,0.0,1.8,17,exact,3008.251556
n40_graph0,40,0.0,1.8,18,asym,5321.881869
n40_graph0,40,0.0,1.8,18,exact,5321.071503
n40_graph0,40,0.0,1.8,19,asym,9502.893972
n40_graph0,40,0.0,1.8,19,exact,9502.083606
n40_graph0,40,0.0,1.8,20,asym,17079.710652
n40_graph0,40,0.0,1.8,20,exact,17078.900286
n40_graph0,40,0.0,1.8,21,asym,30840.539679
n40_graph0,40,0.0,1.8,21,exact,30839.729313
n40_graph0,40,0.0,1.8,22,asym,55881.904796
n40_graph0,40,0.0,1.8,22,exact,55881.094430
n40_graph0,40,0.0,1.8,23,asym,101532.198711
n40_graph0,40,0.0,1.8,23,exact,101531.388345
n40_graph0,40,0.0,1.8,24,asym,184886.706500
n40_graph0,40,0.0,1.8,24,exact,184885.896134
n40_graph0,40,0.0,1.8,25,asym,337310.100310
n40_graph0,40,0.0,1.8,25,exact,337309.289944
n40_graph0,40,0.0,1.8,26,asym,616407.712334
n40_graph0,40,0.0,1.8,26,exact,616406.901968
n40_graph0,40,0.0,1.8,27,asym,1128082.659609
n40_graph0,40,0.0,1.8,27,exact,1128081.849243
n40_graph0,40,0.0,1.8,28,asym,2067206.729957
n40_graph0,40,0.0,1.8,28,exact,2067205.919591
n40_graph0,40,0.0,1.8,29,asym,3792665.854756
n40_graph0,40,0.0,1.8,29,exact,3792665.044390
n40_graph0,40,0.0,1.8,30,asym,6965925.023098
n40_graph0,40,0.0,1.8,30,exact,6965924.212732
n40_graph0,40,0.0,1.8,31,asym,12807036.183579
n40_graph0,40,0.0,1.8,31,exact,12807035.373213
n40_graph0,40,0.0,1.8,32,asym,23567908.948150
n40_graph0,40,0.0,1.8,32,exact,23567908.137784
n40_graph0,40,0.0,1.8,33,asym,43407713.871230
n40_graph0,40,0.0,1.8,33,exact,43407713.060864
n40_graph0,40,0.0,1.8,34,asym,80012961.876955
n40_graph0,40,0.0,1.8,34,exact,80012961.066589
n40_graph0,40,0.0,1.8,35,asym,147597235.670345
n40_graph0,40,0.0,1.8,35,exact,147597234.859979
n40_graph0,40,0.0,1.8,36,asym,272458128.737464
n40_graph0,40,0.0,1.8,36,exact,272458127.927098
n40_graph0,40,0.0,1.8,37,asym,503276035.147397
n40_graph0,40,0.0,1.8,37,exact,503276034.337031
n40_graph0,40,0.0,1.8,38,asym,930209381.385988
n40_graph0,40,0.0,1.8,38,exact,930209380.575622
n40_graph0,40,0.0,1.8,39,asym,1720314206.502863
n40_graph0,40,0.0,1.8,39,exact,1720314205.692497
n40_graph0,40,0.0,1.8,40,asym,3183269645.781944
n40_graph0,40,0.0,1.8,40,exact,3183269644.971577
n40_graph0,40,0.0,2.5,3,asym,137.437494
n40_graph0,40,0.0,2.5,3,exact,138.559389
n40_graph0,40,0.0,2.5,4,asym,138.770610
n40_graph0,40,0.0,2.5,4,exact,139.225947
n40_graph0,40,0.0,2.5,5,asym,140.882688
n40_graph0,40,0.0,2.5,5,exact,139.885972
n40_graph0,40,0.0,2.5,6,asym,144.368213
n40_graph0,40,0.0,2.5,6,exact,143.371497
n40_graph0,40,0.0,2.5,7,asym,150.284489
n40_graph0,40,0.0,2.5,7,exact,149.287773
n40_graph0,40,0.0,2.5,8,asym,160.535608
n40_graph0,40,0.0,2.5,8,exact,159.538892
n40_graph0,40,0.0,2.5,9,asym,178.579124
n40_graph0,40,0.0,2.5,9,exact,177.582408
n40_graph0,40,0.0,2.5,10,asym,210.734518
n40_graph0,40,0.0,2.5,10,exact,209.737802
n40_graph0,40,0.0,2.5,11,asym,268.615924
n40_graph0,40,0.0,2.5,11,exact,267.619208
n40_graph0,40,0.0,2.5,12,asym,373.670803
n40_graph0,40,0.0,2.5,12,exact,372.674087
n40_graph0,40,0.0,2.5,13,asym,565.673657
n40_graph0,40,0.0,2.5,13,exact,564.676941
n40_graph0,40,0.0,2.5,14,asym,918.665321
n40_graph0,40,0.0,2.5,14,exact,917.668605
n40_graph0,40,0.0,2.5,15,asym,1570.940127
n40_graph0,40,0.0,2.5,15,exact,1569.943411
n40_graph0,40,0.0,2.5,16,asym,2781.591860
n40_graph0,40,0.0,2.5,16,exact,2780.595144
n40_graph0,40,0.0,2.5,17,asym,5037.366191
n40_graph0,40,0.0,2.5,17,exact,5036.369475
n40_graph0,40,0.0,2.5,18,asym,9254.967138
n40_graph0,40,0.0,2.5,18,exact,9253.970422
n40_graph0,40,0.0,2.5,19,asym,17164.774602
n40_graph0,40,0.0,2.5,19,exact,17163.777886
n40_graph0,40,0.0,2.5,20,asym,32039.850423
n40_graph0,40,0.0,2.5,20,exact,32038.853707
n40_graph0,40,0.0,2.5,21,asym,60083.062357
n40_graph0,40,0.0,2.5,21,exact,60082.065641
n40_graph0,40,0.0,2.5,22,asym,113070.201824
n40_graph0,40,0.0,2.5,22,exact,113069.205108
n40_graph0,40,0.0,2.5,23,asym,213393.018013
n40_graph0,40,0.0,2.5,23,exact,213392.021296
n40_graph0,40,0.0,2.5,24,asym,403693.129044
n40_graph0,40,0.0,2.5,24,exact,403692.132328
n40_graph0,40,0.0,2.5,25,asym,765287.276829
n40_graph0,40,0.0,2.5,25,exact,765286.280113
n40_graph0,40,0.0,2.5,26,asym,1453444.396093
n40_graph0,40,0.0,2.5,26,exact,1453443.399377
n40_graph0,40,0.0,2.5,27,asym,2764995.536982
n40_graph0,40,0.0,2.5,27,exact,2764994.540266
n40_graph0,40,0.0,2.5,28,asym,5268034.076804
n40_graph0,40,0.0,2.5,28,exact,5268033.080088
n40_graph0,40,0.0,2.5,29,asym,10050949.827535
n40_graph0,40,0.0,2.5,29,exact,10050948.830819
n40_graph0,40,0.0,2.5,30,asym,19200995.747865
n40_graph0,40,0.0,2.5,30,exact,19200994.751149
n40_graph0,40,0.0,2.5,31,asym,36724676.180157
n40_graph0,40,0.0,2.5,31,exact,36724675.183441
n40_graph0,40,0.0,2.5,32,asym,70319183.302760
n40_graph0,40,0.0,2.5,32,exact,70319182.306043
n40_graph0,40,0.0,2.5,33,asym,134784236.094863
n40_graph0,40,0.0,2.5,33,exact,134784235.098146
n40_graph0,40,0.0,2.5,34,asym,258597806.235792
n40_graph0,40,0.0,2.5,34,exact,258597805.239076
n40_graph0,40,0.0,2.5,35,asym,496597777.903345
n40_graph0,40,0.0,2.5,35,exact,496597776.906629
n40_graph0,40,0.0,2.5,36,asym,954454078.447630
n40_graph0,40,0.0,2.5,36,exact,954454077.450914
n40_graph0,40,0.0,2.5,37,asym,1835920418.181057
n40_graph0,40,0.0,2.5,37,exact,1835920417.184341
n40_graph0,40,0.0,2.5,38,asym,3534119853.920325
n40_graph0,40,0.0,2.5,38,exact,3534119852.923609
n40_graph0,40,0.0,2.5,39,asym,6807991443.659630
n40_graph0,40,0.0,2.5,39,exact,6807991442.662913
n40_graph0,40,0.0,2.5,40,asym,13123515593.946447
n40_graph0,40,0.0,2.5,40,exact,13123515592.949730
n40_graph0,40,0.0,5,3,asym,287.063795
n40_graph0,40,0.0,5,3,exact,288.218813
n40_graph0,40,0.0,5,4,asym,288.449726
n40_graph0,40,0.0,5,4,exact,288.911779
n40_graph0,40,0.0,5,5,asym,290.667071
n40_graph0,40,0.0,5,5,exact,289.604699
n40_graph0,40,0.0,5,6,asym,294.362403
n40_graph0,40,0.0,5,6,exact,293.300031
n40_graph0,40,0.0,5,7,asym,300.696844
n40_graph0,40,0.0,5,7,exact,299.634472
n40_graph0,40,0.0,5,8,asym,311.781388
n40_graph0,40,0.0,5,8,exact,310.719017
n40_graph0,40,0.0,5,9,asym,331.485955
n40_graph0,40,0.0,5,9,exact,330.423583
n40_graph0,40,0.0,5,10,asym,366.951851
n40_graph0,40,0.0,5,10,exact,365.889479
n40_graph0,40,0.0,5,11,asym,431.431074
n40_graph0,40,0.0,5,11,exact,430.368703
n40_graph0,40,0.0,5,12,asym,549.635239
n40_graph0,40,0.0,5,12,exact,548.572868
n40_graph0,40,0.0,5,13,asym,767.844017
n40_graph0,40,0.0,5,13,exact,766.781645
n40_graph0,40,0.0,5,14,asym,1173.062341
n40_graph0,40,0.0,5,14,exact,1171.999969
n40_graph0,40,0.0,5,15,asym,1929.420322
n40_graph0,40,0.0,5,15,exact,1928.357950
n40_graph0,40,0.0,5,16,asym,3347.498623
n40_graph0,40,0.0,5,16,exact,3346.436251
n40_graph0,40,0.0,5,17,asym,6016.647596
n40_graph0,40,0.0,5,17,exact,6015.585224
n40_graph0,40,0.0,5,18,asym,11058.043104
n40_graph0,40,0.0,5,18,exact,11056.980732
n40_graph0,40,0.0,5,19,asym,20609.535049
n40_graph0,40,0.0,5,19,exact,20608.472678
n40_graph0,40,0.0,5,20,asym,38756.180667
n40_graph0,40,0.0,5,20,exact,38755.118296
n40_graph0,40,0.0,5,21,asym,73318.955132
n40_graph0,40,0.0,5,21,exact,73317.892760
n40_graph0,40,0.0,5,22,asym,139298.110127
n40_graph0,40,0.0,5,22,exact,139297.047755
n40_graph0,40,0.0,5,23,asym,265510.831569
n40_graph0,40,0.0,5,23,exact,265509.769197
n40_graph0,40,0.0,5,24,asym,507402.696172
n40_graph0,40,0.0,5,24,exact,507401.633800
n40_graph0,40,0.0,5,25,asym,971804.642720
n40_graph0,40,0.0,5,25,exact,971803.580348
n40_graph0,40,0.0,5,26,asym,1864826.785880
n40_graph0,40,0.0,5,26,exact,1864825.723508
n40_graph0,40,0.0,5,27,asym,3584608.577441
n40_graph0,40,0.0,5,27,exact,3584607.515069
n40_graph0,40,0.0,5,28,asym,6901113.251603
n40_graph0,40,0.0,5,28,exact,6901112.189231
n40_graph0,40,0.0,5,29,asym,13304978.443702
n40_graph0,40,0.0,5,29,exact,13304977.381330
n40_graph0,40,0.0,5,30,asym,25684973.106500
n40_graph0,40,0.0,5,30,exact,25684972.044128
n40_graph0,40,0.0,5,31,asym,49644682.766674
n40_graph0,40,0.0,5,31,exact,49644681.704302
n40_graph0,40,0.0,5,32,asym,96063577.852677
n40_graph0,40,0.0,5,32,exact,96063576.790305
n40_graph0,40,0.0,5,33,asym,186082201.549628
n40_graph0,40,0.0,5,33,exact,186082200.487256
n40_graph0,40,0.0,5,34,asym,360812783.158281
n40_graph0,40,0.0,5,34,exact,360812782.095909
n40_graph0,40,0.0,5,35,asym,700267091.906558
n40_graph0,40,0.0,5,35,exact,700267090.844186
n40_graph0,40,0.0,5,36,asym,1360273875.151068
n40_graph0,40,0.0,5,36,exact,1360273874.088696
n40_graph0,40,0.0,5,37,asym,2644527218.504900
n40_graph0,40,0.0,5,37,exact,2644527217.442528
n40_graph0,40,0.0,5,38,asym,5145277700.411206
n40_graph0,40,0.0,5,38,exact,5145277699.348834
n40_graph0,40,0.0,5,39,asym,10018215623.486986
n40_graph0,40,0.0,5,39,exact,10018215622.424612
n40_graph0,40,0.0,5,40,asym,19519821720.566753
n40_graph0,40,0.0,5,40,exact,19519821719.504375
n40_graph1,40,0.0,0.1,3,asym,28.026708
n40_graph1,40,0.0,0.1,3,exact,28.025389
n40_graph1,40,0.0,0.1,4,asym,28.026905
n40_graph1,40,0.0,0.1,4,exact,28.025783
n40_graph1,40,0.0,0.1,5,asym,28.026937
n40_graph1,40,0.0,0.1,5,exact,28.025803
n40_graph1,40,0.0,0.1,6,asym,28.026942
n40_graph1,40,0.0,0.1,6,exact,28.025808
n40_graph1,40,0.0,0.1,7,asym,28.026943
n40_graph1,40,0.0,0.1,7,exact,28.025809
n40_graph1,40,0.0,0.1,8,asym,28.026943
n40_graph1,40,0.0,0.1,8,exact,28.025809
n40_graph1,40,0.0,0.1,9,asym,28.026943
n40_graph1,40,0.0,0.1,9,exact,28.025809
n40_graph1,40,0.0,0.1,10,asym,28.026943
n40_graph1,40,0.0,0.1,10,exact,28.025809
n40_graph1,40,0.0,0.1,11,asym,28.026943
n40_graph1,40,0.0,0.1,11,exact,28.025809
n40_graph1,40,0.0,0.1,12,asym,28.026943
n40_graph1,40,0.0,0.1,12,exact,28.025809
n40_graph1,40,0.0,0.1,13,asym,28.026943
n40_graph1,40,0.0,0.1,13,exact,28.025809
n40_graph1,40,0.0,0.1,14,asym,28.026943
n40_graph1,40,0.0,0.1,14,exact,28.025809
n40_graph1,40,0.0,0.1,15,asym,28.026943
n40_graph1,40,0.0,0.1,15,exact,28.025809
n40_graph1,40,0.0,0.1,16,asym,28.026943
n40_graph1,40,0.0,0.1,16,exact,28.025809
n40_graph1,40,0.0,0.1,17,asym,28.026943
n40_graph1,40,0.0,0.1,17,exact,28.025809
n40_graph1,40,0.0,0.1,18,asym,28.026943
n40_graph1,40,0.0,0.1,18,exact,28.025809
n40_graph1,40,0.0,0.1,19,asym,28.026943
n40_graph1,40,0.0,0.1,19,exact,28.025809
n40_graph1,40,0.0,0.1,20,asym,28.026943
n40_graph1,40,0.0,0.1,20,exact,28.025809
n40_graph1,40,0.0,0.1,21,asym,28.026943
n40_graph1,40,0.0,0.1,21,exact,28.025809
n40_graph1,40,0.0,0.1,22,asym,28.026943
n40_graph1,40,0.0,0.1,22,exact,28.025809
n40_graph1,40,0.0,0.1,23,asym,28.026943
n40_graph1,40,0.0,0.1,23,exact,28.025809
n40_graph1,40,0.0,0.1,24,asym,28.026943
n40_graph1,40,0.0,0.1,24,exact,28.025809
n40_graph1,40,0.0,0.1,25,asym,28.026943
n40_graph1,40,0.0,0.1,25,exact,28.025809
n40_graph1,40,0.0,0.1,26,asym,28.026943
n40_graph1,40,0.0,0.1,26,exact,28.025809
n40_graph1,40,0.0,0.1,27,asym,28.026943
n40_graph1,40,0.0,0.1,27,exact,28.025809
n40_graph1,40,0.0,0.1,28,asym,28.026943
n40_graph1,40,0.0,0.1,28,exact,28.025809
n40_graph1,40,0.0,0.1,29,asym,28.026943
n40_graph1,40,0.0,0.1,29,exact,28.025809
n40_graph1,40,0.0,0.1,30,asym,28.026943
n40_graph1,40,0.0,0.1,30,exact,28.025809
n40_graph1,40,0.0,0.1,31,asym,28.026943
n40_graph1,40,0.0,0.1,31,exact,28.025809
n40_graph1,40,0.0,0.1,32,asym,28.026943
n40_graph1,40,0.0,0.1,32,exact,28.025809
n40_graph1,40,0.0,0.1,33,asym,28.026943
n40_graph1,40,0.0,0.1,33,exact,28.025809
n40_graph1,40,0.0,0.1,34,asym,28.026943
n40_graph1,40,0.0,0.1,34,exact,28.025809
n40_graph1,40,0.0,0.1,35,asym,28.026943
n40_graph1,40,0.0,0.1,35,exact,28.025809
n40_graph1,40,0.0,0.1,36,asym,28.026943
n40_graph1,40,0.0,0.1,36,exact,28.025809
n40_graph1,40,0.0,0.1,37,asym,28.026943
n40_graph1,40,0.0,0.1,37,exact,28.025809
n40_graph1,40,0.0,0.1,38,asym,28.026943
n40_graph1,40,0.0,0.1,38,exact,28.025809
n40_graph1,40,0.0,0.1,39,asym,28.026943
n40_graph1,40,0.0,0.1,39,exact,28.025809
n40_graph1,40,0.0,0.1,40,asym,28.026943
n40_graph1,40,0.0,0.1,40,exact,28.025809
n40_graph1,40,0.0,0.2,3,asym,28.928185
n40_graph1,40,0.0,0.2,3,exact,28.917972
n40_graph1,40,0.0,0.2,4,asym,28.931218
n40_graph1,40,0.0,0.2,4,exact,28.924038
n40_graph1,40,0.0,0.2,5,asym,28.932176
n40_graph1,40,0.0,0.2,5,exact,28.924637
n40_graph1,40,0.0,0.2,6,asym,28.932491
n40_graph1,40,0.0,0.2,6,exact,28.924952
n40_graph1,40,0.0,0.2,7,asym,28.932598
n40_graph1,40,0.0,0.2,7,exact,28.925059
n40_graph1,40,0.0,0.2,8,asym,28.932635
n40_graph1,40,0.0,0.2,8,exact,28.925095
n40_graph1,40,0.0,0.2,9,asym,28.932648
n40_graph1,40,0.0,0.2,9,exact,28.925108
n40_graph1,40,0.0,0.2,10,asym,28.932652
n40_graph1,40,0.0,0.2,10,exact,28.925113
n40_graph1,40,0.0,0.2,11,asym,28.932654
n40_graph1,40,0.0,0.2,11,exact,28.925115
n40_graph1,40,0.0,0.2,12,asym,28.932655
n40_graph1,40,0.0,0.2,12,exact,28.925115
n40_graph1,40,0.0,0.2,13,asym,28.932655
n40_graph1,40,0.0,0.2,13,exact,28.925115
n40_graph1,40,0.0,0.2,14,asym,28.932655
n40_graph1,40,0.0,0.2,14,exact,28.925115
n40_graph1,40,0.0,0.2,15,asym,28.932655
n40_graph1,40,0.0,0.2,15,exact,28.925115
n40_graph1,40,0.0,0.2,16,asym,28.932655
n40_graph1,40,0.0,0.2,16,exact,28.925115
n40_graph1,40,0.0,0.2,17,asym,28.932655
n40_graph1,40,0.0,0.2,17,exact,28.925115
n40_graph1,40,0.0,0.2,18,asym,28.932655
n40_graph1,40,0.0,0.2,18,exact,28.925116
n40_graph1,40,0.0,0.2,19,asym,28.932655
n40_graph1,40,0.0,0.2,19,exact,28.925116
n40_graph1,40,0.0,0.2,20,asym,28.932655
n40_graph1,40,0.0,0.2,20,exact,28.925116
n40_graph1,40,0.0,0.2,21,asym,28.932655
n40_graph1,40,0.0,0.2,21,exact,28.925116
n40_graph1,40,0.0,0.2,22,asym,28.932655
n40_graph1,40,0.0,0.2,22,exact,28.925116
n40_graph1,40,0.0,0.2,23,asym,28.932655
n40_graph1,40,0.0,0.2,23,exact,28.925116
n40_graph1,40,0.0,0.2,24,asym,28.932655
n40_graph1,40,0.0,0.2,24,exact,28.925116
n40_graph1,40,0.0,0.2,25,asym,28.932655
n40_graph1,40,0.0,0.2,25,exact,28.925116
n40_graph1,40,0.0,0.2,26,asym,28.932655
n40_graph1,40,0.0,0.2,26,exact,28.925116
n40_graph1,40,0.0,0.2,27,asym,28.932655
n40_graph1,40,0.0,0.2,27,exact,28.925116
n40_graph1,40,0.0,0.2,28,asym,28.932655
n40_graph1,40,0.0,0.2,28,exact,28.925116
n40_graph1,40,0.0,0.2,29,asym,28.932655
n40_graph1,40,0.0,0.2,29,exact,28.925116
n40_graph1,40,0.0,0.2,30,asym,28.932655
n40_graph1,40,0.0,0.2,30,exact,28.925116
n40_graph1,40,0.0,0.2,31,asym,28.932655
n40_graph1,40,0.0,0.2,31,exact,28.925116
n40_graph1,40,0.0,0.2,32,asym,28.932655
n40_graph1,40,0.0,0.2,32,exact,28.925116
n40_graph1,40,0.0,0.2,33,asym,28.932655
n40_graph1,40,0.0,0.2,33,exact,28.925116
n40_graph1,40,0.0,0.2,34,asym,28.932655
n40_graph1,40,0.0,0.2,34,exact,28.925116
n40_graph1,40,0.0,0.2,35,asym,28.932655
n40_graph1,40,0.0,0.2,35,exact,28.925116
n40_graph1,40,0.0,0.2,36,asym,28.932655
n40_graph1,40,0.0,0.2,36,exact,28.925116
n40_graph1,40,0.0,0.2,37,asym,28.932655
n40_graph1,40,0.0,0.2,37,exact,28.925116
n40_graph1,40,0.0,0.2,38,asym,28.932655
n40_graph1,40,0.0,0.2,38,exact,28.925116
n40_graph1,40,0.0,0.2,39,asym,28.932655
n40_graph1,40,0.0,0.2,39,exact,28.925116
n40_graph1,40,0.0,0.2,40,asym,28.932655
n40_graph1,40,0.0,0.2,40,exact,28.925116
n40_graph1,40,0.0,0.3,3,asym,30.418895
n40_graph1,40,0.0,0.3,3,exact,30.386333
n40_graph1,40,0.0,0.3,4,asym,30.433247
n40_graph1,40,0.0,0.3,4,exact,30.415037
n40_graph1,40,0.0,0.3,5,asym,30.439953
n40_graph1,40,0.0,0.3,5,exact,30.419229
n40_graph1,40,0.0,0.3,6,asym,30.443212
n40_graph1,40,0.0,0.3,6,exact,30.422487
n40_graph1,40,0.0,0.3,7,asym,30.444839
n40_graph1,40,0.0,0.3,7,exact,30.424115
n40_graph1,40,0.0,0.3,8,asym,30.445669
n40_graph1,40,0.0,0.3,8,exact,30.424945
n40_graph1,40,0.0,0.3,9,asym,30.446099
n40_graph1,40,0.0,0.3,9,exact,30.425374
n40_graph1,40,0.0,0.3,10,asym,30.446324
n40_graph1,40,0.0,0.3,10,exact,30.425600
n40_graph1,40,0.0,0.3,11,asym,30.446444
n40_graph1,40,0.0,0.3,11,exact,30.425719
n40_graph1,40,0.0,0.3,12,asym,30.446507
n40_graph1,40,0.0,0.3,12,exact,30.425783
n40_graph1,40,0.0,0.3,13,asym,30.446542
n40_graph1,40,0.0,0.3,13,exact,30.425817
n40_graph1,40,0.0,0.3,14,asym,30.446560
n40_graph1,40,0.0,0.3,14,exact,30.425836
n40_graph1,40,0.0,0.3,15,asym,30.446570
n40_graph1,40,0.0,0.3,15,exact,30.425846
n40_graph1,40,0.0,0.3,16,asym,30.446576
n40_graph1,40,0.0,0.3,16,exact,30.425851
n40_graph1,40,0.0,0.3,17,asym,30.446579
n40_graph1,40,0.0,0.3,17,exact,30.425854
n40_graph1,40,0.0,0.3,18,asym,30.446580
n40_graph1,40,0.0,0.3,18,exact,30.425856
n40_graph1,40,0.0,0.3,19,asym,30.446581
n40_graph1,40,0.0,0.3,19,exact,30.425857
n40_graph1,40,0.0,0.3,20,asym,30.446582
n40_graph1,40,0.0,0.3,20,exact,30.425857
n40_graph1,40,0.0,0.3,21,asym,30.446582
n40_graph1,40,0.0,0.3,21,exact,30.425858
n40_graph1,40,0.0,0.3,22,asym,30.446582
n40_graph1,40,0.0,0.3,22,exact,30.425858
n40_graph1,40,0.0,0.3,23,asym,30.446582
n40_graph1,40,0.0,0.3,23,exact,30.425858
n40_graph1,40,0.0,0.3,24,asym,30.446582
n40_graph1,40,0.0,0.3,24,exact,30.425858
n40_graph1,40,0.0,0.3,25,asym,30.446582
n40_graph1,40,0.0,0.3,25,exact,30.425858
n40_graph1,40,0.0,0.3,26,asym,30.446582
n40_graph1,40,0.0,0.3,26,exact,30.425858
n40_graph1,40,0.0,0.3,27,asym,30.446582
n40_graph1,40,0.0,0.3,27,exact,30.425858
n40_graph1,40,0.0,0.3,28,asym,30.446582
n40_graph1,40,0.0,0.3,28,exact,30.425858
n40_graph1,40,0.0,0.3,29,asym,30.446582
n40_graph1,40,0.0,0.3,29,exact,30.425858
n40_graph1,40,0.0,0.3,30,asym,30.446582
n40_graph1,40,0.0,0.3,30,exact,30.425858
n40_graph1,40,0.0,0.3,31,asym,30.446582
n40_graph1,40,0.0,0.3,31,exact,30.425858
n40_graph1,40,0.0,0.3,32,asym,30.446582
n40_graph1,40,0.0,0.3,32,exact,30.425858
n40_graph1,40,0.0,0.3,33,asym,30.446582
n40_graph1,40,0.0,0.3,33,exact,30.425858
n40_graph1,40,0.0,0.3,34,asym,30.446582
n40_graph1,40,0.0,0.3,34,exact,30.425858
n40_graph1,40,0.0,0.3,35,asym,30.446582
n40_graph1,40,0.0,0.3,35,exact,30.425858
n40_graph1,40,0.0,0.3,36,asym,30.446582
n40_graph1,40,0.0,0.3,36,exact,30.425858
n40_graph1,40,0.0,0.3,37,asym,30.446582
n40_graph1,40,0.0,0.3,37,exact,30.425858
n40_graph1,40,0.0,0.3,38,asym,30.446582
n40_graph1,40,0.0,0.3,38,exact,30.425858
n40_graph1,40,0.0,0.3,39,asym,30.446582
n40_graph1,40,0.0,0.3,39,exact,30.425858
n40_graph1,40,0.0,0.3,40,asym,30.446582
n40_graph1,40,0.0,0.3,40,exact,30.425858
n40_graph1,40,0.0,0.5,3,asym,35.058244
n40_graph1,40,0.0,0.5,3,exact,34.932758
n40_graph1,40,0.0,0.5,4,asym,35.147435
n40_graph1,40,0.0,0.5,4,exact,35.111139
n40_graph1,40,0.0,0.5,5,asym,35.214173
n40_graph1,40,0.0,0.5,5,exact,35.152850
n40_graph1,40,0.0,0.5,6,asym,35.265863
n40_graph1,40,0.0,0.5,6,exact,35.204540
n40_graph1,40,0.0,0.5,7,asym,35.306918
n40_graph1,40,0.0,0.5,7,exact,35.245595
n40_graph1,40,0.0,0.5,8,asym,35.340160
n40_graph1,40,0.0,0.5,8,exact,35.278837
n40_graph1,40,0.0,0.5,9,asym,35.367485
n40_graph1,40,0.0,0.5,9,exact,35.306162
n40_graph1,40,0.0,0.5,10,asym,35.390220
n40_graph1,40,0.0,0.5,10,exact,35.328897
n40_graph1,40,0.0,0.5,11,asym,35.409325
n40_graph1,40,0.0,0.5,11,exact,35.348001
n40_graph1,40,0.0,0.5,12,asym,35.425511
n40_graph1,40,0.0,0.5,12,exact,35.364188
n40_graph1,40,0.0,0.5,13,asym,35.439321
n40_graph1,40,0.0,0.5,13,exact,35.377998
n40_graph1,40,0.0,0.5,14,asym,35.451173
n40_graph1,40,0.0,0.5,14,exact,35.389850
n40_graph1,40,0.0,0.5,15,asym,35.461396
n40_graph1,40,0.0,0.5,15,exact,35.400073
n40_graph1,40,0.0,0.5,16,asym,35.470255
n40_graph1,40,0.0,0.5,16,exact,35.408932
n40_graph1,40,0.0,0.5,17,asym,35.477961
n40_graph1,40,0.0,0.5,17,exact,35.416638
n40_graph1,40,0.0,0.5,18,asym,35.484687
n40_graph1,40,0.0,0.5,18,exact,35.423364
n40_graph1,40,0.0,0.5,19,asym,35.490576
n40_graph1,40,0.0,0.5,19,exact,35.429253
n40_graph1,40,0.0,0.5,20,asym,35.495747
n40_graph1,40,0.0,0.5,20,exact,35.434424
n40_graph1,40,0.0,0.5,21,asym,35.500299
n40_graph1,40,0.0,0.5,21,exact,35.438976
n40_graph1,40,0.0,0.5,22,asym,35.504315
n40_graph1,40,0.0,0.5,22,exact,35.442992
n40_graph1,40,0.0,0.5,23,asym,35.507865
n40_graph1,40,0.0,0.5,23,exact,35.446542
n40_graph1,40,0.0,0.5,24,asym,35.511009
n40_graph1,40,0.0,0.5,24,exact,35.449686
n40_graph1,40,0.0,0.5,25,asym,35.513799
n40_graph1,40,0.0,0.5,25,exact,35.452476
n40_graph1,40,0.0,0.5,26,asym,35.516278
n40_graph1,40,0.0,0.5,26,exact,35.454955
n40_graph1,40,0.0,0.5,27,asym,35.518485
n40_graph1,40,0.0,0.5,27,exact,35.457162
n40_graph1,40,0.0,0.5,28,asym,35.520451
n40_graph1,40,0.0,0.5,28,exact,35.459128
n40_graph1,40,0.0,0.5,29,asym,35.522206
n40_graph1,40,0.0,0.5,29,exact,35.460883
n40_graph1,40,0.0,0.5,30,asym,35.523774
n40_graph1,40,0.0,0.5,30,exact,35.462451
n40_graph1,40,0.0,0.5,31,asym,35.525177
n40_graph1,40,0.0,0.5,31,exact,35.463854
n40_graph1,40,0.0,0.5,32,asym,35.526432
n40_graph1,40,0.0,0.5,32,exact,35.465109
n40_graph1,40,0.0,0.5,33,asym,35.527557
n40_graph1,40,0.0,0.5,33,exact,35.466234
n40_graph1,40,0.0,0.5,34,asym,35.528567
n40_graph1,40,0.0,0.5,34,exact,35.467244
n40_graph1,40,0.0,0.5,35,asym,35.529473
n40_graph1,40,0.0,0.5,35,exact,35.468150
n40_graph1,40,0.0,0.5,36,asym,35.530288
n40_graph1,40,0.0,0.5,36,exact,35.468965
n40_graph1,40,0.0,0.5,37,asym,35.531020
n40_graph1,40,0.0,0.5,37,exact,35.469697
n40_graph1,40,0.0,0.5,38,asym,35.531679
n40_graph1,40,0.0,0.5,38,exact,35.470356
n40_graph1,40,0.0,0.5,39,asym,35.532272
n40_graph1,40,0.0,0.5,39,exact,35.470949
n40_graph1,40,0.0,0.5,40,asym,35.532807
n40_graph1,40,0.0,0.5,40,exact,35.471484
n40_graph1,40,0.0,0.8,3,asym,45.513518
n40_graph1,40,0.0,0.8,3,exact,45.171101
n40_graph1,40,0.0,0.8,4,asym,45.868861
n40_graph1,40,0.0,0.8,4,exact,45.881785
n40_graph1,40,0.0,0.8,5,asym,46.257436
n40_graph1,40,0.0,0.8,5,exact,46.124645
n40_graph1,40,0.0,0.8,6,asym,46.696136
n40_graph1,40,0.0,0.8,6,exact,46.563345
n40_graph1,40,0.0,0.8,7,asym,47.202366
n40_graph1,40,0.0,0.8,7,exact,47.069575
n40_graph1,40,0.0,0.8,8,asym,47.796076
n40_graph1,40,0.0,0.8,8,exact,47.663285
n40_graph1,40,0.0,0.8,9,asym,48.501308
n40_graph1,40,0.0,0.8,9,exact,48.368516
n40_graph1,40,0.0,0.8,10,asym,49.347748
n40_graph1,40,0.0,0.8,10,exact,49.214957
n40_graph1,40,0.0,0.8,11,asym,50.372522
n40_graph1,40,0.0,0.8,11,exact,50.239731
n40_graph1,40,0.0,0.8,12,asym,51.622387
n40_graph1,40,0.0,0.8,12,exact,51.489596
n40_graph1,40,0.0,0.8,13,asym,53.156497
n40_graph1,40,0.0,0.8,13,exact,53.023706
n40_graph1,40,0.0,0.8,14,asym,55.049925
n40_graph1,40,0.0,0.8,14,exact,54.917134
n40_graph1,40,0.0,0.8,15,asym,57.398172
n40_graph1,40,0.0,0.8,15,exact,57.265381
n40_graph1,40,0.0,0.8,16,asym,60.322956
n40_graph1,40,0.0,0.8,16,exact,60.190165
n40_graph1,40,0.0,0.8,17,asym,63.979672
n40_graph1,40,0.0,0.8,17,exact,63.846881
n40_graph1,40,0.0,0.8,18,asym,68.566991
n40_graph1,40,0.0,0.8,18,exact,68.434200
n40_graph1,40,0.0,0.8,19,asym,74.339251
n40_graph1,40,0.0,0.8,19,exact,74.206460
n40_graph1,40,0.0,0.8,20,asym,81.622450
n40_graph1,40,0.0,0.8,20,exact,81.489659
n40_graph1,40,0.0,0.8,21,asym,90.834903
n40_graph1,40,0.0,0.8,21,exact,90.702111
n40_graph1,40,0.0,0.8,22,asym,102.513951
n40_graph1,40,0.0,0.8,22,exact,102.381159
n40_graph1,40,0.0,0.8,23,asym,117.350516
n40_graph1,40,0.0,0.8,23,exact,117.217724
n40_graph1,40,0.0,0.8,24,asym,136.233821
n40_graph1,40,0.0,0.8,24,exact,136.101029
n40_graph1,40,0.0,0.8,25,asym,160.309321
n40_graph1,40,0.0,0.8,25,exact,160.176529
n40_graph1,40,0.0,0.8,26,asym,191.053770
n40_graph1,40,0.0,0.8,26,exact,190.920978
n40_graph1,40,0.0,0.8,27,asym,230.372561
n40_graph1,40,0.0,0.8,27,exact,230.239770
n40_graph1,40,0.0,0.8,28,asym,280.726004
n40_graph1,40,0.0,0.8,28,exact,280.593213
n40_graph1,40,0.0,0.8,29,asym,345.293225
n40_graph1,40,0.0,0.8,29,exact,345.160434
n40_graph1,40,0.0,0.8,30,asym,428.185006
n40_graph1,40,0.0,0.8,30,exact,428.052215
n40_graph1,40,0.0,0.8,31,asym,534.720297
n40_graph1,40,0.0,0.8,31,exact,534.587505
n40_graph1,40,0.0,0.8,32,asym,671.785609
n40_graph1,40,0.0,0.8,32,exact,671.652817
n40_graph1,40,0.0,0.8,33,asym,848.302337
n40_graph1,40,0.0,0.8,33,exact,848.169546
n40_graph1,40,0.0,0.8,34,asym,1075.834668
n40_graph1,40,0.0,0.8,34,exact,1075.701877
n40_graph1,40,0.0,0.8,35,asym,1369.380677
n40_graph1,40,0.0,0.8,35,exact,1369.247885
n40_graph1,40,0.0,0.8,36,asym,1748.402215
n40_graph1,40,0.0,0.8,36,exact,1748.269424
n40_graph1,40,0.0,0.8,37,asym,2238.166171
n40_graph1,40,0.0,0.8,37,exact,2238.033380
n40_graph1,40,0.0,0.8,38,asym,2871.491841
n40_graph1,40,0.0,0.8,38,exact,2871.359050
n40_graph1,40,0.0,0.8,39,asym,3691.028185
n40_graph1,40,0.0,0.8,39,exact,3690.895394
n40_graph1,40,0.0,0.8,40,asym,4752.222626
n40_graph1,40,0.0,0.8,40,exact,4752.089835
n40_graph1,40,0.0,1,3,asym,54.240542
n40_graph1,40,0.0,1,3,exact,53.752737
n40_graph1,40,0.0,1,4,asym,54.820545
n40_graph1,40,0.0,1,4,exact,54.912744
n40_graph1,40,0.0,1,5,asym,55.550496
n40_graph1,40,0.0,1,5,exact,55.368963
n40_graph1,40,0.0,1,6,asym,56.501224
n40_graph1,40,0.0,1,6,exact,56.319691
n40_graph1,40,0.0,1,7,asym,57.768037
n40_graph1,40,0.0,1,7,exact,57.586504
n40_graph1,40,0.0,1,8,asym,59.483641
n40_graph1,40,0.0,1,8,exact,59.302108
n40_graph1,40,0.0,1,9,asym,61.835607
n40_graph1,40,0.0,1,9,exact,61.654074
n40_graph1,40,0.0,1,10,asym,65.091166
n40_graph1,40,0.0,1,10,exact,64.909633
n40_graph1,40,0.0,1,11,asym,69.632981
n40_graph1,40,0.0,1,11,exact,69.451448
n40_graph1,40,0.0,1,12,asym,76.011083
n40_graph1,40,0.0,1,12,exact,75.829550
n40_graph1,40,0.0,1,13,asym,85.018512
n40_graph1,40,0.0,1,13,exact,84.836979
n40_graph1,40,0.0,1,14,asym,97.801720
n40_graph1,40,0.0,1,14,exact,97.620187
n40_graph1,40,0.0,1,15,asym,116.022015
n40_graph1,40,0.0,1,15,exact,115.840482
n40_graph1,40,0.0,1,16,asym,142.091983
n40_graph1,40,0.0,1,16,exact,141.910450
n40_graph1,40,0.0,1,17,asym,179.522186
n40_graph1,40,0.0,1,17,exact,179.340654
n40_graph1,40,0.0,1,18,asym,233.430247
n40_graph1,40,0.0,1,18,exact,233.248714
n40_graph1,40,0.0,1,19,asym,311.289244
n40_graph1,40,0.0,1,19,exact,311.107711
n40_graph1,40,0.0,1,20,asym,424.029174
n40_graph1,40,0.0,1,20,exact,423.847641
n40_graph1,40,0.0,1,21,asym,587.659758
n40_graph1,40,0.0,1,21,exact,587.478225
n40_graph1,40,0.0,1,22,asym,825.663735
n40_graph1,40,0.0,1,22,exact,825.482202
n40_graph1,40,0.0,1,23,asym,1172.529818
n40_graph1,40,0.0,1,23,exact,1172.348285
n40_graph1,40,0.0,1,24,asym,1678.972681
n40_graph1,40,0.0,1,24,exact,1678.791148
n40_graph1,40,0.0,1,25,asym,2419.652090
n40_graph1,40,0.0,1,25,exact,2419.470557
n40_graph1,40,0.0,1,26,asym,3504.596917
n40_graph1,40,0.0,1,26,exact,3504.415385
n40_graph1,40,0.0,1,27,asym,5096.125156
n40_graph1,40,0.0,1,27,exact,5095.943623
n40_graph1,40,0.0,1,28,asym,7433.922302
n40_graph1,40,0.0,1,28,exact,7433.740769
n40_graph1,40,0.0,1,29,asym,10872.237612
n40_graph1,40,0.0,1,29,exact,10872.056079
n40_graph1,40,0.0,1,30,asym,15935.090066
n40_graph1,40,0.0,1,30,exact,15934.908533
n40_graph1,40,0.0,1,31,asym,23398.255615
n40_graph1,40,0.0,1,31,exact,23398.074082
n40_graph1,40,0.0,1,32,asym,34411.101038
n40_graph1,40,0.0,1,32,exact,34410.919505
n40_graph1,40,0.0,1,33,asym,50677.734308
n40_graph1,40,0.0,1,33,exact,50677.552775
n40_graph1,40,0.0,1,34,asym,74726.498674
n40_graph1,40,0.0,1,34,exact,74726.317141
n40_graph1,40,0.0,1,35,asym,110311.105035
n40_graph1,40,0.0,1,35,exact,110310.923502
n40_graph1,40,0.0,1,36,asym,163008.004226
n40_graph1,40,0.0,1,36,exact,163007.822693
n40_graph1,40,0.0,1,37,asym,241106.432632
n40_graph1,40,0.0,1,37,exact,241106.251100
n40_graph1,40,0.0,1,38,asym,356935.136715
n40_graph1,40,0.0,1,38,exact,356934.955183
n40_graph1,40,0.0,1,39,asym,528840.902526
n40_graph1,40,0.0,1,39,exact,528840.720994
n40_graph1,40,0.0,1,40,asym,784140.376677
n40_graph1,40,0.0,1,40,exact,784140.195144
n40_graph1,40,0.0,1.3,3,asym,69.095241
n40_graph1,40,0.0,1.3,3,exact,68.435738
n40_graph1,40,0.0,1.3,4,asym,69.973564
n40_graph1,40,0.0,1.3,4,exact,70.192383
n40_graph1,40,0.0,1.3,5,asym,71.217614
n40_graph1,40,0.0,1.3,5,exact,70.969914
n40_graph1,40,0.0,1.3,6,asym,73.048032
n40_graph1,40,0.0,1.3,6,exact,72.800332
n40_graph1,40,0.0,1.3,7,asym,75.811040
n40_graph1,40,0.0,1.3,7,exact,75.563340
n40_graph1,40,0.0,1.3,8,asym,80.058612
n40_graph1,40,0.0,1.3,8,exact,79.810913
n40_graph1,40,0.0,1.3,9,asym,86.677687
n40_graph1,40,0.0,1.3,9,exact,86.429988
n40_graph1,40,0.0,1.3,10,asym,97.100679
n40_graph1,40,0.0,1.3,10,exact,96.852980
n40_graph1,40,0.0,1.3,11,asym,113.649903
n40_graph1,40,0.0,1.3,11,exact,113.402204
n40_graph1,40,0.0,1.3,12,asym,140.102616
n40_graph1,40,0.0,1.3,12,exact,139.854916
n40_graph1,40,0.0,1.3,13,asym,182.619914
n40_graph1,40,0.0,1.3,13,exact,182.372215
n40_graph1,40,0.0,1.3,14,asym,251.276616
n40_graph1,40,0.0,1.3,14,exact,251.028917
n40_graph1,40,0.0,1.3,15,asym,362.585194
n40_graph1,40,0.0,1.3,15,exact,362.337495
n40_graph1,40,0.0,1.3,16,asym,543.666204
n40_graph1,40,0.0,1.3,16,exact,543.418505
n40_graph1,40,0.0,1.3,17,asym,839.149389
n40_graph1,40,0.0,1.3,17,exact,838.901690
n40_graph1,40,0.0,1.3,18,asym,1322.609170
n40_graph1,40,0.0,1.3,18,exact,1322.361470
n40_graph1,40,0.0,1.3,19,asym,2115.538421
n40_graph1,40,0.0,1.3,19,exact,2115.290721
n40_graph1,40,0.0,1.3,20,asym,3418.868286
n40_graph1,40,0.0,1.3,20,exact,3418.620587
n40_graph1,40,0.0,1.3,21,asym,5565.390348
n40_graph1,40,0.0,1.3,21,exact,5565.142649
n40_graph1,40,0.0,1.3,22,asym,9107.037822
n40_graph1,40,0.0,1.3,22,exact,9106.790122
n40_graph1,40,0.0,1.3,23,asym,14960.356314
n40_graph1,40,0.0,1.3,23,exact,14960.108615
n40_graph1,40,0.0,1.3,24,asym,24649.196541
n40_graph1,40,0.0,1.3,24,exact,24648.948841
n40_graph1,40,0.0,1.3,25,asym,40709.982192
n40_graph1,40,0.0,1.3,25,exact,40709.734493
n40_graph1,40,0.0,1.3,26,asym,67369.057937
n40_graph1,40,0.0,1.3,26,exact,67368.810238
n40_graph1,40,0.0,1.3,27,asym,111675.733943
n40_graph1,40,0.0,1.3,27,exact,111675.486243
n40_graph1,40,0.0,1.3,28,asym,185399.122667
n40_graph1,40,0.0,1.3,28,exact,185398.874968
n40_graph1,40,0.0,1.3,29,asym,308206.069262
n40_graph1,40,0.0,1.3,29,exact,308205.821563
n40_graph1,40,0.0,1.3,30,asym,512989.281628
n40_graph1,40,0.0,1.3,30,exact,512989.033929
n40_graph1,40,0.0,1.3,31,asym,854806.698472
n40_graph1,40,0.0,1.3,31,exact,854806.450773
n40_graph1,40,0.0,1.3,32,asym,1425889.627316
n40_graph1,40,0.0,1.3,32,exact,1425889.379617
n40_graph1,40,0.0,1.3,33,asym,2380855.600807
n40_graph1,40,0.0,1.3,33,exact,2380855.353107
n40_graph1,40,0.0,1.3,34,asym,3979090.286155
n40_graph1,40,0.0,1.3,34,exact,3979090.038455
n40_graph1,40,0.0,1.3,35,asym,6656031.298547
n40_graph1,40,0.0,1.3,35,exact,6656031.050848
n40_graph1,40,0.0,1.3,36,asym,11143129.902137
n40_graph1,40,0.0,1.3,36,exact,11143129.654437
n40_graph1,40,0.0,1.3,37,asym,18669838.999201
n40_graph1,40,0.0,1.3,37,exact,18669838.751502
n40_graph1,40,0.0,1.3,38,asym,31303888.281206
n40_graph1,40,0.0,1.3,38,exact,31303888.033506
n40_graph1,40,0.0,1.3,39,asym,52524803.122267
n40_graph1,40,0.0,1.3,39,exact,52524802.874567
n40_graph1,40,0.0,1.3,40,asym,88191000.526504
n40_graph1,40,0.0,1.3,40,exact,88191000.278805
n40_graph1,40,0.0,1.8,3,asym,96.573833
n40_graph1,40,0.0,1.8,3,exact,95.754482
n40_graph1,40,0.0,1.8,4,asym,97.753411
n40_graph1,40,0.0,1.8,4,exact,98.113637
n40_graph1,40,0.0,1.8,5,asym,99.563979
n40_graph1,40,0.0,1.8,5,exact,99.245243
n40_graph1,40,0.0,1.8,6,asym,102.457576
n40_graph1,40,0.0,1.8,6,exact,102.138840
n40_graph1,40,0.0,1.8,7,asym,107.212076
n40_graph1,40,0.0,1.8,7,exact,106.893339
n40_graph1,40,0.0,1.8,8,asym,115.183557
n40_graph1,40,0.0,1.8,8,exact,114.864821
n40_graph1,40,0.0,1.8,9,asym,128.755084
n40_graph1,40,0.0,1.8,9,exact,128.436348
n40_graph1,40,0.0,1.8,10,asym,152.139860
n40_graph1,40,0.0,1.8,10,exact,151.821124
n40_graph1,40,0.0,1.8,11,asym,192.824085
n40_graph1,40,0.0,1.8,11,exact,192.505349
n40_graph1,40,0.0,1.8,12,asym,264.166929
n40_graph1,40,0.0,1.8,12,exact,263.848193
n40_graph1,40,0.0,1.8,13,asym,390.097935
n40_graph1,40,0.0,1.8,13,exact,389.779199
n40_graph1,40,0.0,1.8,14,asym,613.623839
n40_graph1,40,0.0,1.8,14,exact,613.305103
n40_graph1,40,0.0,1.8,15,asym,1012.266861
n40_graph1,40,0.0,1.8,15,exact,1011.948125
n40_graph1,40,0.0,1.8,16,asym,1726.136395
n40_graph1,40,0.0,1.8,16,exact,1725.817658
n40_graph1,40,0.0,1.8,17,asym,3009.061922
n40_graph1,40,0.0,1.8,17,exact,3008.743186
n40_graph1,40,0.0,1.8,18,asym,5321.881869
n40_graph1,40,0.0,1.8,18,exact,5321.563133
n40_graph1,40,0.0,1.8,19,asym,9502.893972
n40_graph1,40,0.0,1.8,19,exact,9502.575236
n40_graph1,40,0.0,1.8,20,asym,17079.710652
n40_graph1,40,0.0,1.8,20,exact,17079.391916
n40_graph1,40,0.0,1.8,21,asym,30840.539679
n40_graph1,40,0.0,1.8,21,exact,30840.220942
n40_graph1,40,0.0,1.8,22,asym,55881.904796
n40_graph1,40,0.0,1.8,22,exact,55881.586059
n40_graph1,40,0.0,1.8,23,asym,101532.198711
n40_graph1,40,0.0,1.8,23,exact,101531.879975
n40_graph1,40,0.0,1.8,24,asym,184886.706500
n40_graph1,40,0.0,1.8,24,exact,184886.387764
n40_graph1,40,0.0,1.8,25,asym,337310.100310
n40_graph1,40,0.0,1.8,25,exact,337309.781573
n40_graph1,40,0.0,1.8,26,asym,616407.712334
n40_graph1,40,0.0,1.8,26,exact,616407.393598
n40_graph1,40,0.0,1.8,27,asym,1128082.659609
n40_graph1,40,0.0,1.8,27,exact,1128082.340873
n40_graph1,40,0.0,1.8,28,asym,2067206.729957
n40_graph1,40,0.0,1.8,28,exact,2067206.411221
n40_graph1,40,0.0,1.8,29,asym,3792665.854756
n40_graph1,40,0.0,1.8,29,exact,3792665.536019
n40_graph1,40,0.0,1.8,30,asym,6965925.023098
n40_graph1,40,0.0,1.8,30,exact,6965924.704362
n40_graph1,40,0.0,1.8,31,asym,12807036.183579
n40_graph1,40,0.0,1.8,31,exact,12807035.864843
n40_graph1,40,0.0,1.8,32,asym,23567908.948150
n40_graph1,40,0.0,1.8,32,exact,23567908.629413
n40_graph1,40,0.0,1.8,33,asym,43407713.871230
n40_graph1,40,0.0,1.8,33,exact,43407713.552493
n40_graph1,40,0.0,1.8,34,asym,80012961.876955
n40_graph1,40,0.0,1.8,34,exact,80012961.558219
n40_graph1,40,0.0,1.8,35,asym,147597235.670345
n40_graph1,40,0.0,1.8,35,exact,147597235.351608
n40_graph1,40,0.0,1.8,36,asym,272458128.737464
n40_graph1,40,0.0,1.8,36,exact,272458128.418728
n40_graph1,40,0.0,1.8,37,asym,503276035.147397
n40_graph1,40,0.0,1.8,37,exact,503276034.828661
n40_graph1,40,0.0,1.8,38,asym,930209381.385988
n40_graph1,40,0.0,1.8,38,exact,930209381.067252
n40_graph1,40,0.0,1.8,39,asym,1720314206.502863
n40_graph1,40,0.0,1.8,39,exact,1720314206.184127
n40_graph1,40,0.0,1.8,40,asym,3183269645.781944
n40_graph1,40,0.0,1.8,40,exact,3183269645.463208
n40_graph1,40,0.0,2.5,3,asym,137.437494
n40_graph1,40,0.0,2.5,3,exact,136.539977
n40_graph1,40,0.0,2.5,4,asym,138.770610
n40_graph1,40,0.0,2.5,4,exact,139.206210
n40_graph1,40,0.0,2.5,5,asym,140.882688
n40_graph1,40,0.0,2.5,5,exact,140.526259
n40_graph1,40,0.0,2.5,6,asym,144.368213
n40_graph1,40,0.0,2.5,6,exact,144.011783
n40_graph1,40,0.0,2.5,7,asym,150.284489
n40_graph1,40,0.0,2.5,7,exact,149.928060
n40_graph1,40,0.0,2.5,8,asym,160.535608
n40_graph1,40,0.0,2.5,8,exact,160.179179
n40_graph1,40,0.0,2.5,9,asym,178.579124
n40_graph1,40,0.0,2.5,9,exact,178.222695
n40_graph1,40,0.0,2.5,10,asym,210.734518
n40_graph1,40,0.0,2.5,10,exact,210.378089
n40_graph1,40,0.0,2.5,11,asym,268.615924
n40_graph1,40,0.0,2.5,11,exact,268.259494
n40_graph1,40,0.0,2.5,12,asym,373.670803
n40_graph1,40,0.0,2.5,12,exact,373.314373
n40_graph1,40,0.0,2.5,13,asym,565.673657
n40_graph1,40,0.0,2.5,13,exact,565.317227
n40_graph1,40,0.0,2.5,14,asym,918.665321
n40_graph1,40,0.0,2.5,14,exact,918.308892
n40_graph1,40,0.0,2.5,15,asym,1570.940127
n40_graph1,40,0.0,2.5,15,exact,1570.583698
n40_graph1,40,0.0,2.5,16,asym,2781.591860
n40_graph1,40,0.0,2.5,16,exact,2781.235431
n40_graph1,40,0.0,2.5,17,asym,5037.366191
n40_graph1,40,0.0,2.5,17,exact,5037.009762
n40_graph1,40,0.0,2.5,18,asym,9254.967138
n40_graph1,40,0.0,2.5,18,exact,9254.610708
n40_graph1,40,0.0,2.5,19,asym,17164.774602
n40_graph1,40,0.0,2.5,19,exact,17164.418173
n40_graph1,40,0.0,2.5,20,asym,32039.850423
n40_graph1,40,0.0,2.5,20,exact,32039.493994
n40_graph1,40,0.0,2.5,21,asym,60083.062357
n40_graph1,40,0.0,2.5,21,exact,60082.705927
n40_graph1,40,0.0,2.5,22,asym,113070.201824
n40_graph1,40,0.0,2.5,22,exact,113069.845395
n40_graph1,40,0.0,2.5,23,asym,213393.018013
n40_graph1,40,0.0,2.5,23,exact,213392.661583
n40_graph1,40,0.0,2.5,24,asym,403693.129044
n40_graph1,40,0.0,2.5,24,exact,403692.772614
n40_graph1,40,0.0,2.5,25,asym,765287.276829
n40_graph1,40,0.0,2.5,25,exact,765286.920400
n40_graph1,40,0.0,2.5,26,asym,1453444.396093
n40_graph1,40,0.0,2.5,26,exact,1453444.039664
n40_graph1,40,0.0,2.5,27,asym,2764995.536982
n40_graph1,40,0.0,2.5,27,exact,2764995.180552
n40_graph1,40,0.0,2.5,28,asym,5268034.076804
n40_graph1,40,0.0,2.5,28,exact,5268033.720374
n40_graph1,40,0.0,2.5,29,asym,10050949.827535
n40_graph1,40,0.0,2.5,29,exact,10050949.471106
n40_graph1,40,0.0,2.5,30,asym,19200995.747865
n40_graph1,40,0.0,2.5,30,exact,19200995.391435
n40_graph1,40,0.0,2.5,31,asym,36724676.180157
n40_graph1,40,0.0,2.5,31,exact,36724675.823728
n40_graph1,40,0.0,2.5,32,asym,70319183.302760
n40_graph1,40,0.0,2.5,32,exact,70319182.946330
n40_graph1,40,0.0,2.5,33,asym,134784236.094863
n40_graph1,40,0.0,2.5,33,exact,134784235.738433
n40_graph1,40,0.0,2.5,34,asym,258597806.235792
n40_graph1,40,0.0,2.5,34,exact,258597805.879363
n40_graph1,40,0.0,2.5,35,asym,496597777.903345
n40_graph1,40,0.0,2.5,35,exact,496597777.546916
n40_graph1,40,0.0,2.5,36,asym,954454078.447630
n40_graph1,40,0.0,2.5,36,exact,954454078.091201
n40_graph1,40,0.0,2.5,37,asym,1835920418.181057
n40_graph1,40,0.0,2.5,37,exact,1835920417.824628
n40_graph1,40,0.0,2.5,38,asym,3534119853.920325
n40_graph1,40,0.0,2.5,38,exact,3534119853.563896
n40_graph1,40,0.0,2.5,39,asym,6807991443.659630
n40_graph1,40,0.0,2.5,39,exact,6807991443.303201
n40_graph1,40,0.0,2.5,40,asym,13123515593.946447
n40_graph1,40,0.0,2.5,40,exact,13123515593.590019
n40_graph1,40,0.0,5,3,asym,287.063795
n40_graph1,40,0.0,5,3,exact,286.139780
n40_graph1,40,0.0,5,4,asym,288.449726
n40_graph1,40,0.0,5,4,exact,288.911643
n40_graph1,40,0.0,5,5,asym,290.667071
n40_graph1,40,0.0,5,5,exact,290.297483
n40_graph1,40,0.0,5,6,asym,294.362403
n40_graph1,40,0.0,5,6,exact,293.992815
n40_graph1,40,0.0,5,7,asym,300.696844
n40_graph1,40,0.0,5,7,exact,300.327256
n40_graph1,40,0.0,5,8,asym,311.781388
n40_graph1,40,0.0,5,8,exact,311.411801
n40_graph1,40,0.0,5,9,asym,331.485955
n40_graph1,40,0.0,5,9,exact,331.116367
n40_graph1,40,0.0,5,10,asym,366.951851
n40_graph1,40,0.0,5,10,exact,366.582263
n40_graph1,40,0.0,5,11,asym,431.431074
n40_graph1,40,0.0,5,11,exact,431.061487
n40_graph1,40,0.0,5,12,asym,549.635239
n40_graph1,40,0.0,5,12,exact,549.265652
n40_graph1,40,0.0,5,13,asym,767.844017
n40_graph1,40,0.0,5,13,exact,767.474429
n40_graph1,40,0.0,5,14,asym,1173.062341
n40_graph1,40,0.0,5,14,exact,1172.692753
n40_graph1,40,0.0,5,15,asym,1929.420322
n40_graph1,40,0.0,5,15,exact,1929.050734
n40_graph1,40,0.0,5,16,asym,3347.498623
n40_graph1,40,0.0,5,16,exact,3347.129035
n40_graph1,40,0.0,5,17,asym,6016.647596
n40_graph1,40,0.0,5,17,exact,6016.278008
n40_graph1,40,0.0,5,18,asym,11058.043104
n40_graph1,40,0.0,5,18,exact,11057.673516
n40_graph1,40,0.0,5,19,asym,20609.535049
n40_graph1,40,0.0,5,19,exact,20609.165462
n40_graph1,40,0.0,5,20,asym,38756.180667
n40_graph1,40,0.0,5,20,exact,38755.811080
n40_graph1,40,0.0,5,21,asym,73318.955132
n40_graph1,40,0.0,5,21,exact,73318.585544
n40_graph1,40,0.0,5,22,asym,139298.110127
n40_graph1,40,0.0,5,22,exact,139297.740539
n40_graph1,40,0.0,5,23,asym,265510.831569
n40_graph1,40,0.0,5,23,exact,265510.461981
n40_graph1,40,0.0,5,24,asym,507402.696172
n40_graph1,40,0.0,5,24,exact,507402.326584
n40_graph1,40,0.0,5,25,asym,971804.642720
n40_graph1,40,0.0,5,25,exact,971804.273132
n40_graph1,40,0.0,5,26,asym,1864826.785880
n40_graph1,40,0.0,5,26,exact,1864826.416292
n40_graph1,40,0.0,5,27,asym,3584608.577441
n40_graph1,40,0.0,5,27,exact,3584608.207853
n40_graph1,40,0.0,5,28,asym,6901113.251603
n40_graph1,40,0.0,5,28,exact,6901112.882015
n40_graph1,40,0.0,5,29,asym,13304978.443702
n40_graph1,40,0.0,5,29,exact,13304978.074114
n40_graph1,40,0.0,5,30,asym,25684973.106500
n40_graph1,40,0.0,5,30,exact,25684972.736913
n40_graph1,40,0.0,5,31,asym,49644682.766674
n40_graph1,40,0.0,5,31,exact,49644682.397087
n40_graph1,40,0.0,5,32,asym,96063577.852677
n40_graph1,40,0.0,5,32,exact,96063577.483089
n40_graph1,40,0.0,5,33,asym,186082201.549628
n40_graph1,40,0.0,5,33,exact,186082201.180040
n40_graph1,40,0.0,5,34,asym,360812783.158281
n40_graph1,40,0.0,5,34,exact,360812782.788693
n40_graph1,40,0.0,5,35,asym,700267091.906558
n40_graph1,40,0.0,5,35,exact,700267091.536970
n40_graph1,40,0.0,5,36,asym,1360273875.151068
n40_graph1,40,0.0,5,36,exact,1360273874.781480
n40_graph1,40,0.0,5,37,asym,2644527218.504900
n40_graph1,40,0.0,5,37,exact,2644527218.135313
n40_graph1,40,0.0,5,38,asym,5145277700.411206
n40_graph1,40,0.0,5,38,exact,5145277700.041618
n40_graph1,40,0.0,5,39,asym,10018215623.486986
n40_graph1,40,0.0,5,39,exact,10018215623.117397
n40_graph1,40,0.0,5,40,asym,19519821720.566753
n40_graph1,40,0.0,5,40,exact,19519821720.197163
n50_graph0,50,0.0,0.1,3,asym,35.033055
n50_graph0,50,0.0,0.1,3,exact,35.032725
n50_graph0,50,0.0,0.1,4,asym,35.033252
n50_graph0,50,0.0,0.1,4,exact,35.032923
n50_graph0,50,0.0,0.1,5,asym,35.033284
n50_graph0,50,0.0,0.1,5,exact,35.032952
n50_graph0,50,0.0,0.1,6,asym,35.033289
n50_graph0,50,0.0,0.1,6,exact,35.032957
n50_graph0,50,0.0,0.1,7,asym,35.033290
n50_graph0,50,0.0,0.1,7,exact,35.032958
n50_graph0,50,0.0,0.1,8,asym,35.033290
n50_graph0,50,0.0,0.1,8,exact,35.032958
n50_graph0,50,0.0,0.1,9,asym,35.033290
n50_graph0,50,0.0,0.1,9,exact,35.032958
n50_graph0,50,0.0,0.1,10,asym,35.033290
n50_graph0,50,0.0,0.1,10,exact,35.032958
n50_graph0,50,0.0,0.1,11,asym,35.033290
n50_graph0,50,0.0,0.1,11,exact,35.032958
n50_graph0,50,0.0,0.1,12,asym,35.033290
n50_graph0,50,0.0,0.1,12,exact,35.032958
n50_graph0,50,0.0,0.1,13,asym,35.033290
n50_graph0,50,0.0,0.1,13,exact,35.032958
n50_graph0,50,0.0,0.1,14,asym,35.033290
n50_graph0,50,0.0,0.1,14,exact,35.032958
n50_graph0,50,0.0,0.1,15,asym,35.033290
n50_graph0,50,0.0,0.1,15,exact,35.032958
n50_graph0,50,0.0,0.1,16,asym,35.033290
n50_graph0,50,0.0,0.1,16,exact,35.032958
n50_graph0,50,0.0,0.1,17,asym,35.033290
n50_graph0,50,0.0,0.1,17,exact,35.032958
n50_graph0,50,0.0,0.1,18,asym,35.033290
n50_graph0,50,0.0,0.1,18,exact,35.032958
n50_graph0,50,0.0,0.1,19,asym,35.033290
n50_graph0,50,0.0,0.1,19,exact,35.032958
n50_graph0,50,0.0,0.1,20,asym,35.033290
n50_graph0,50,0.0,0.1,20,exact,35.032958
n50_graph0,50,0.0,0.1,21,asym,35.033290
n50_graph0,50,0.0,0.1,21,exact,35.032958
n50_graph0,50,0.0,0.1,22,asym,35.033290
n50_graph0,50,0.0,0.1,22,exact,35.032958
n50_graph0,50,0.0,0.1,23,asym,35.033290
n50_graph0,50,0.0,0.1,23,exact,35.032958
n50_graph0,50,0.0,0.1,24,asym,35.033290
n50_graph0,50,0.0,0.1,24,exact,35.032958
n50_graph0,50,0.0,0.1,25,asym,35.033290
n50_graph0,50,0.0,0.1,25,exact,35.032958
n50_graph0,50,0.0,0.1,26,asym,35.033290
n50_graph0,50,0.0,0.1,26,exact,35.032958
n50_graph0,50,0.0,0.1,27,asym,35.033290
n50_graph0,50,0.0,0.1,27,exact,35.032958
n50_graph0,50,0.0,0.1,28,asym,35.033290
n50_graph0,50,0.0,0.1,28,exact,35.032958
n50_graph0,50,0.0,0.1,29,asym,35.033290
n50_graph0,50,0.0,0.1,29,exact,35.032958
n50_graph0,50,0.0,0.1,30,asym,35.033290
n50_graph0,50,0.0,0.1,30,exact,35.032958
n50_graph0,50,0.0,0.1,31,asym,35.033290
n50_graph0,50,0.0,0.1,31,exact,35.032958
n50_graph0,50,0.0,0.1,32,asym,35.033290
n50_graph0,50,0.0,0.1,32,exact,35.032958
n50_graph0,50,0.0,0.1,33,asym,35.033290
n50_graph0,50,0.0,0.1,33,exact,35.032958
n50_graph0,50,0.0,0.1,34,asym,35.033290
n50_graph0,50,0.0,0.1,34,exact,35.032958
n50_graph0,50,0.0,0.1,35,asym,35.033290
n50_graph0,50,0.0,0.1,35,exact,35.032958
n50_graph0,50,0.0,0.1,36,asym,35.033290
n50_graph0,50,0.0,0.1,36,exact,35.032958
n50_graph0,50,0.0,0.1,37,asym,35.033290
n50_graph0,50,0.0,0.1,37,exact,35.032958
n50_graph0,50,0.0,0.1,38,asym,35.033290
n50_graph0,50,0.0,0.1,38,exact,35.032958
n50_graph0,50,0.0,0.1,39,asym,35.033290
n50_graph0,50,0.0,0.1,39,exact,35.032958
n50_graph0,50,0.0,0.1,40,asym,35.033290
n50_graph0,50,0.0,0.1,40,exact,35.032958
n50_graph0,50,0.0,0.1,41,asym,35.033290
n50_graph0,50,0.0,0.1,41,exact,35.032958
n50_graph0,50,0.0,0.1,42,asym,35.033290
n50_graph0,50,0.0,0.1,42,exact,35.032958
n50_graph0,50,0.0,0.1,43,asym,35.033290
n50_graph0,50,0.0,0.1,43,exact,35.032958
n50_graph0,50,0.0,0.1,44,asym,35.033290
n50_graph0,50,0.0,0.1,44,exact,35.032958
n50_graph0,50,0.0,0.1,45,asym,35.033290
n50_graph0,50,0.0,0.1,45,exact,35.032958
n50_graph0,50,0.0,0.1,46,asym,35.033290
n50_graph0,50,0.0,0.1,46,exact,35.032958
n50_graph0,50,0.0,0.1,47,asym,35.033290
n50_graph0,50,0.0,0.1,47,exact,35.032958
n50_graph0,50,0.0,0.1,48,asym,35.033290
n50_graph0,50,0.0,0.1,48,exact,35.032958
n50_graph0,50,0.0,0.1,49,asym,35.033290
n50_graph0,50,0.0,0.1,49,exact,35.032958
n50_graph0,50,0.0,0.1,50,asym,35.033290
n50_graph0,50,0.0,0.1,50,exact,35.032958
n50_graph0,50,0.0,0.2,3,asym,36.157677
n50_graph0,50,0.0,0.2,3,exact,36.155124
n50_graph0,50,0.0,0.2,4,asym,36.160710
n50_graph0,50,0.0,0.2,4,exact,36.158157
n50_graph0,50,0.0,0.2,5,asym,36.161669
n50_graph0,50,0.0,0.2,5,exact,36.159056
n50_graph0,50,0.0,0.2,6,asym,36.161984
n50_graph0,50,0.0,0.2,6,exact,36.159371
n50_graph0,50,0.0,0.2,7,asym,36.162091
n50_graph0,50,0.0,0.2,7,exact,36.159478
n50_graph0,50,0.0,0.2,8,asym,36.162128
n50_graph0,50,0.0,0.2,8,exact,36.159515
n50_graph0,50,0.0,0.2,9,asym,36.162141
n50_graph0,50,0.0,0.2,9,exact,36.159527
n50_graph0,50,0.0,0.2,10,asym,36.162145
n50_graph0,50,0.0,0.2,10,exact,36.159532
n50_graph0,50,0.0,0.2,11,asym,36.162147
n50_graph0,50,0.0,0.2,11,exact,36.159534
n50_graph0,50,0.0,0.2,12,asym,36.162147
n50_graph0,50,0.0,0.2,12,exact,36.159534
n50_graph0,50,0.0,0.2,13,asym,36.162148
n50_graph0,50,0.0,0.2,13,exact,36.159535
n50_graph0,50,0.0,0.2,14,asym,36.162148
n50_graph0,50,0.0,0.2,14,exact,36.159535
n50_graph0,50,0.0,0.2,15,asym,36.162148
n50_graph0,50,0.0,0.2,15,exact,36.159535
n50_graph0,50,0.0,0.2,16,asym,36.162148
n50_graph0,50,0.0,0.2,16,exact,36.159535
n50_graph0,50,0.0,0.2,17,asym,36.162148
n50_graph0,50,0.0,0.2,17,exact,36.159535
n50_graph0,50,0.0,0.2,18,asym,36.162148
n50_graph0,50,0.0,0.2,18,exact,36.159535
n50_graph0,50,0.0,0.2,19,asym,36.162148
n50_graph0,50,0.0,0.2,19,exact,36.159535
n50_graph0,50,0.0,0.2,20,asym,36.162148
n50_graph0,50,0.0,0.2,20,exact,36.159535
n50_graph0,50,0.0,0.2,21,asym,36.162148
n50_graph0,50,0.0,0.2,21,exact,36.159535
n50_graph0,50,0.0,0.2,22,asym,36.162148
n50_graph0,50,0.0,0.2,22,exact,36.159535
n50_graph0,50,0.0,0.2,23,asym,36.162148
n50_graph0,50,0.0,0.2,23,exact,36.159535
n50_graph0,50,0.0,0.2,24,asym,36.162148
n50_graph0,50,0.0,0.2,24,exact,36.159535
n50_graph0,50,0.0,0.2,25,asym,36.162148
n50_graph0,50,0.0,0.2,25,exact,36.159535
n50_graph0,50,0.0,0.2,26,asym,36.162148
n50_graph0,50,0.0,0.2,26,exact,36.159535
n50_graph0,50,0.0,0.2,27,asym,36.162148
n50_graph0,50,0.0,0.2,27,exact,36.159535
n50_graph0,50,0.0,0.2,28,asym,36.162148
n50_graph0,50,0.0,0.2,28,exact,36.159535
n50_graph0,50,0.0,0.2,29,asym,36.162148
n50_graph0,50,0.0,0.2,29,exact,36.159535
n50_graph0,50,0.0,0.2,30,asym,36.162148
n50_graph0,50,0.0,0.2,30,exact,36.159535
n50_graph0,50,0.0,0.2,31,asym,36.162148
n50_graph0,50,0.0,0.2,31,exact,36.159535
n50_graph0,50,0.0,0.2,32,asym,36.162148
n50_graph0,50,0.0,0.2,32,exact,36.159535
n50_graph0,50,0.0,0.2,33,asym,36.162148
n50_graph0,50,0.0,0.2,33,exact,36.159535
n50_graph0,50,0.0,0.2,34,asym,36.162148
n50_graph0,50,0.0,0.2,34,exact,36.159535
n50_graph0,50,0.0,0.2,35,asym,36.162148
n50_graph0,50,0.0,0.2,35,exact,36.159535
n50_graph0,50,0.0,0.2,36,asym,36.162148
n50_graph0,50,0.0,0.2,36,exact,36.159535
n50_graph0,50,0.0,0.2,37,asym,36.162148
n50_graph0,50,0.0,0.2,37,exact,36.159535
n50_graph0,50,0.0,0.2,38,asym,36.162148
n50_graph0,50,0.0,0.2,38,exact,36.159535
n50_graph0,50,0.0,0.2,39,asym,36.162148
n50_graph0,50,0.0,0.2,39,exact,36.159535
n50_graph0,50,0.0,0.2,40,asym,36.162148
n50_graph0,50,0.0,0.2,40,exact,36.159535
n50_graph0,50,0.0,0.2,41,asym,36.162148
n50_graph0,50,0.0,0.2,41,exact,36.159535
n50_graph0,50,0.0,0.2,42,asym,36.162148
n50_graph0,50,0.0,0.2,42,exact,36.159535
n50_graph0,50,0.0,0.2,43,asym,36.162148
n50_graph0,50,0.0,0.2,43,exact,36.159535
n50_graph0,50,0.0,0.2,44,asym,36.162148
n50_graph0,50,0.0,0.2,44,exact,36.159535
n50_graph0,50,0.0,0.2,45,asym,36.162148
n50_graph0,50,0.0,0.2,45,exact,36.159535
n50_graph0,50,0.0,0.2,46,asym,36.162148
n50_graph0,50,0.0,0.2,46,exact,36.159535
n50_graph0,50,0.0,0.2,47,asym,36.162148
n50_graph0,50,0.0,0.2,47,exact,36.159535
n50_graph0,50,0.0,0.2,48,asym,36.162148
n50_graph0,50,0.0,0.2,48,exact,36.159535
n50_graph0,50,0.0,0.2,49,asym,36.162148
n50_graph0,50,0.0,0.2,49,exact,36.159535
n50_graph0,50,0.0,0.2,50,asym,36.162148
n50_graph0,50,0.0,0.2,50,exact,36.159535
n50_graph0,50,0.0,0.3,3,asym,38.015478
n50_graph0,50,0.0,0.3,3,exact,38.007338
n50_graph0,50,0.0,0.3,4,asym,38.029830
n50_graph0,50,0.0,0.3,4,exact,38.021690
n50_graph0,50,0.0,0.3,5,asym,38.036536
n50_graph0,50,0.0,0.3,5,exact,38.027977
n50_graph0,50,0.0,0.3,6,asym,38.039795
n50_graph0,50,0.0,0.3,6,exact,38.031235
n50_graph0,50,0.0,0.3,7,asym,38.041423
n50_graph0,50,0.0,0.3,7,exact,38.032863
n50_graph0,50,0.0,0.3,8,asym,38.042252
n50_graph0,50,0.0,0.3,8,exact,38.033693
n50_graph0,50,0.0,0.3,9,asym,38.042682
n50_graph0,50,0.0,0.3,9,exact,38.034123
n50_graph0,50,0.0,0.3,10,asym,38.042908
n50_graph0,50,0.0,0.3,10,exact,38.034348
n50_graph0,50,0.0,0.3,11,asym,38.043027
n50_graph0,50,0.0,0.3,11,exact,38.034467
n50_graph0,50,0.0,0.3,12,asym,38.043091
n50_graph0,50,0.0,0.3,12,exact,38.034531
n50_graph0,50,0.0,0.3,13,asym,38.043125
n50_graph0,50,0.0,0.3,13,exact,38.034565
n50_graph0,50,0.0,0.3,14,asym,38.043143
n50_graph0,50,0.0,0.3,14,exact,38.034584
n50_graph0,50,0.0,0.3,15,asym,38.043154
n50_graph0,50,0.0,0.3,15,exact,38.034594
n50_graph0,50,0.0,0.3,16,asym,38.043159
n50_graph0,50,0.0,0.3,16,exact,38.034600
n50_graph0,50,0.0,0.3,17,asym,38.043162
n50_graph0,50,0.0,0.3,17,exact,38.034603
n50_graph0,50,0.0,0.3,18,asym,38.043164
n50_graph0,50,0.0,0.3,18,exact,38.034604
n50_graph0,50,0.0,0.3,19,asym,38.043165
n50_graph0,50,0.0,0.3,19,exact,38.034605
n50_graph0,50,0.0,0.3,20,asym,38.043165
n50_graph0,50,0.0,0.3,20,exact,38.034606
n50_graph0,50,0.0,0.3,21,asym,38.043165
n50_graph0,50,0.0,0.3,21,exact,38.034606
n50_graph0,50,0.0,0.3,22,asym,38.043166
n50_graph0,50,0.0,0.3,22,exact,38.034606
n50_graph0,50,0.0,0.3,23,asym,38.043166
n50_graph0,50,0.0,0.3,23,exact,38.034606
n50_graph0,50,0.0,0.3,24,asym,38.043166
n50_graph0,50,0.0,0.3,24,exact,38.034606
n50_graph0,50,0.0,0.3,25,asym,38.043166
n50_graph0,50,0.0,0.3,25,exact,38.034606
n50_graph0,50,0.0,0.3,26,asym,38.043166
n50_graph0,50,0.0,0.3,26,exact,38.034606
n50_graph0,50,0.0,0.3,27,asym,38.043166
n50_graph0,50,0.0,0.3,27,exact,38.034606
n50_graph0,50,0.0,0.3,28,asym,38.043166
n50_graph0,50,0.0,0.3,28,exact,38.034606
n50_graph0,50,0.0,0.3,29,asym,38.043166
n50_graph0,50,0.0,0.3,29,exact,38.034606
n50_graph0,50,0.0,0.3,30,asym,38.043166
n50_graph0,50,0.0,0.3,30,exact,38.034606
n50_graph0,50,0.0,0.3,31,asym,38.043166
n50_graph0,50,0.0,0.3,31,exact,38.034606
n50_graph0,50,0.0,0.3,32,asym,38.043166
n50_graph0,50,0.0,0.3,32,exact,38.034606
n50_graph0,50,0.0,0.3,33,asym,38.043166
n50_graph0,50,0.0,0.3,33,exact,38.034606
n50_graph0,50,0.0,0.3,34,asym,38.043166
n50_graph0,50,0.0,0.3,34,exact,38.034606
n50_graph0,50,0.0,0.3,35,asym,38.043166
n50_graph0,50,0.0,0.3,35,exact,38.034606
n50_graph0,50,0.0,0.3,36,asym,38.043166
n50_graph0,50,0.0,0.3,36,exact,38.034606
n50_graph0,50,0.0,0.3,37,asym,38.043166
n50_graph0,50,0.0,0.3,37,exact,38.034606
n50_graph0,50,0.0,0.3,38,asym,38.043166
n50_graph0,50,0.0,0.3,38,exact,38.034606
n50_graph0,50,0.0,0.3,39,asym,38.043166
n50_graph0,50,0.0,0.3,39,exact,38.034606
n50_graph0,50,0.0,0.3,40,asym,38.043166
n50_graph0,50,0.0,0.3,40,exact,38.034606
n50_graph0,50,0.0,0.3,41,asym,38.043166
n50_graph0,50,0.0,0.3,41,exact,38.034606
n50_graph0,50,0.0,0.3,42,asym,38.043166
n50_graph0,50,0.0,0.3,42,exact,38.034606
n50_graph0,50,0.0,0.3,43,asym,38.043166
n50_graph0,50,0.0,0.3,43,exact,38.034606
n50_graph0,50,0.0,0.3,44,asym,38.043166
n50_graph0,50,0.0,0.3,44,exact,38.034606
n50_graph0,50,0.0,0.3,45,asym,38.043166
n50_graph0,50,0.0,0.3,45,exact,38.034606
n50_graph0,50,0.0,0.3,46,asym,38.043166
n50_graph0,50,0.0,0.3,46,exact,38.034606
n50_graph0,50,0.0,0.3,47,asym,38.043166
n50_graph0,50,0.0,0.3,47,exact,38.034606
n50_graph0,50,0.0,0.3,48,asym,38.043166
n50_graph0,50,0.0,0.3,48,exact,38.034606
n50_graph0,50,0.0,0.3,49,asym,38.043166
n50_graph0,50,0.0,0.3,49,exact,38.034606
n50_graph0,50,0.0,0.3,50,asym,38.043166
n50_graph0,50,0.0,0.3,50,exact,38.034606
n50_graph0,50,0.0,0.5,3,asym,43.791434
n50_graph0,50,0.0,0.5,3,exact,43.760062
n50_graph0,50,0.0,0.5,4,asym,43.880624
n50_graph0,50,0.0,0.5,4,exact,43.849253
n50_graph0,50,0.0,0.5,5,asym,43.947362
n50_graph0,50,0.0,0.5,5,exact,43.911820
n50_graph0,50,0.0,0.5,6,asym,43.999052
n50_graph0,50,0.0,0.5,6,exact,43.963509
n50_graph0,50,0.0,0.5,7,asym,44.040108
n50_graph0,50,0.0,0.5,7,exact,44.004565
n50_graph0,50,0.0,0.5,8,asym,44.073350
n50_graph0,50,0.0,0.5,8,exact,44.037807
n50_graph0,50,0.0,0.5,9,asym,44.100674
n50_graph0,50,0.0,0.5,9,exact,44.065132
n50_graph0,50,0.0,0.5,10,asym,44.123409
n50_graph0,50,0.0,0.5,10,exact,44.087867
n50_graph0,50,0.0,0.5,11,asym,44.142514
n50_graph0,50,0.0,0.5,11,exact,44.106971
n50_graph0,50,0.0,0.5,12,asym,44.158700
n50_graph0,50,0.0,0.5,12,exact,44.123158
n50_graph0,50,0.0,0.5,13,asym,44.172510
n50_graph0,50,0.0,0.5,13,exact,44.136967
n50_graph0,50,0.0,0.5,14,asym,44.184362
n50_graph0,50,0.0,0.5,14,exact,44.148819
n50_graph0,50,0.0,0.5,15,asym,44.194586
n50_graph0,50,0.0,0.5,15,exact,44.159043
n50_graph0,50,0.0,0.5,16,asym,44.203444
n50_graph0,50,0.0,0.5,16,exact,44.167901
n50_graph0,50,0.0,0.5,17,asym,44.211150
n50_graph0,50,0.0,0.5,17,exact,44.175607
n50_graph0,50,0.0,0.5,18,asym,44.217876
n50_graph0,50,0.0,0.5,18,exact,44.182333
n50_graph0,50,0.0,0.5,19,asym,44.223766
n50_graph0,50,0.0,0.5,19,exact,44.188223
n50_graph0,50,0.0,0.5,20,asym,44.228937
n50_graph0,50,0.0,0.5,20,exact,44.193394
n50_graph0,50,0.0,0.5,21,asym,44.233489
n50_graph0,50,0.0,0.5,21,exact,44.197946
n50_graph0,50,0.0,0.5,22,asym,44.237504
n50_graph0,50,0.0,0.5,22,exact,44.201961
n50_graph0,50,0.0,0.5,23,asym,44.241054
n50_graph0,50,0.0,0.5,23,exact,44.205511
n50_graph0,50,0.0,0.5,24,asym,44.244199
n50_graph0,50,0.0,0.5,24,exact,44.208656
n50_graph0,50,0.0,0.5,25,asym,44.246988
n50_graph0,50,0.0,0.5,25,exact,44.211446
n50_graph0,50,0.0,0.5,26,asym,44.249468
n50_graph0,50,0.0,0.5,26,exact,44.213925
n50_graph0,50,0.0,0.5,27,asym,44.251674
n50_graph0,50,0.0,0.5,27,exact,44.216131
n50_graph0,50,0.0,0.5,28,asym,44.253641
n50_graph0,50,0.0,0.5,28,exact,44.218098
n50_graph0,50,0.0,0.5,29,asym,44.255396
n50_graph0,50,0.0,0.5,29,exact,44.219853
n50_graph0,50,0.0,0.5,30,asym,44.256964
n50_graph0,50,0.0,0.5,30,exact,44.221421
n50_graph0,50,0.0,0.5,31,asym,44.258366
n50_graph0,50,0.0,0.5,31,exact,44.222823
n50_graph0,50,0.0,0.5,32,asym,44.259622
n50_graph0,50,0.0,0.5,32,exact,44.224079
n50_graph0,50,0.0,0.5,33,asym,44.260747
n50_graph0,50,0.0,0.5,33,exact,44.225204
n50_graph0,50,0.0,0.5,34,asym,44.261756
n50_graph0,50,0.0,0.5,34,exact,44.226213
n50_graph0,50,0.0,0.5,35,asym,44.262663
n50_graph0,50,0.0,0.5,35,exact,44.227120
n50_graph0,50,0.0,0.5,36,asym,44.263477
n50_graph0,50,0.0,0.5,36,exact,44.227934
n50_graph0,50,0.0,0.5,37,asym,44.264209
n50_graph0,50,0.0,0.5,37,exact,44.228666
n50_graph0,50,0.0,0.5,38,asym,44.264868
n50_graph0,50,0.0,0.5,38,exact,44.229326
n50_graph0,50,0.0,0.5,39,asym,44.265462
n50_graph0,50,0.0,0.5,39,exact,44.229919
n50_graph0,50,0.0,0.5,40,asym,44.265997
n50_graph0,50,0.0,0.5,40,exact,44.230454
n50_graph0,50,0.0,0.5,41,asym,44.266479
n50_graph0,50,0.0,0.5,41,exact,44.230936
n50_graph0,50,0.0,0.5,42,asym,44.266914
n50_graph0,50,0.0,0.5,42,exact,44.231371
n50_graph0,50,0.0,0.5,43,asym,44.267307
n50_graph0,50,0.0,0.5,43,exact,44.231764
n50_graph0,50,0.0,0.5,44,asym,44.267661
n50_graph0,50,0.0,0.5,44,exact,44.232119
n50_graph0,50,0.0,0.5,45,asym,44.267982
n50_graph0,50,0.0,0.5,45,exact,44.232439
n50_graph0,50,0.0,0.5,46,asym,44.268272
n50_graph0,50,0.0,0.5,46,exact,44.232729
n50_graph0,50,0.0,0.5,47,asym,44.268534
n50_graph0,50,0.0,0.5,47,exact,44.232991
n50_graph0,50,0.0,0.5,48,asym,44.268771
n50_graph0,50,0.0,0.5,48,exact,44.233229
n50_graph0,50,0.0,0.5,49,asym,44.268986
n50_graph0,50,0.0,0.5,49,exact,44.233443
n50_graph0,50,0.0,0.5,50,asym,44.269181
n50_graph0,50,0.0,0.5,50,exact,44.233638
n50_graph0,50,0.0,0.8,3,asym,56.806294
n50_graph0,50,0.0,0.8,3,exact,56.720689
n50_graph0,50,0.0,0.8,4,asym,57.161636
n50_graph0,50,0.0,0.8,4,exact,57.076031
n50_graph0,50,0.0,0.8,5,asym,57.550211
n50_graph0,50,0.0,0.8,5,exact,57.440321
n50_graph0,50,0.0,0.8,6,asym,57.988911
n50_graph0,50,0.0,0.8,6,exact,57.879021
n50_graph0,50,0.0,0.8,7,asym,58.495141
n50_graph0,50,0.0,0.8,7,exact,58.385251
n50_graph0,50,0.0,0.8,8,asym,59.088852
n50_graph0,50,0.0,0.8,8,exact,58.978961
n50_graph0,50,0.0,0.8,9,asym,59.794083
n50_graph0,50,0.0,0.8,9,exact,59.684193
n50_graph0,50,0.0,0.8,10,asym,60.640524
n50_graph0,50,0.0,0.8,10,exact,60.530633
n50_graph0,50,0.0,0.8,11,asym,61.665297
n50_graph0,50,0.0,0.8,11,exact,61.555407
n50_graph0,50,0.0,0.8,12,asym,62.915162
n50_graph0,50,0.0,0.8,12,exact,62.805272
n50_graph0,50,0.0,0.8,13,asym,64.449272
n50_graph0,50,0.0,0.8,13,exact,64.339382
n50_graph0,50,0.0,0.8,14,asym,66.342701
n50_graph0,50,0.0,0.8,14,exact,66.232810
n50_graph0,50,0.0,0.8,15,asym,68.690947
n50_graph0,50,0.0,0.8,15,exact,68.581057
n50_graph0,50,0.0,0.8,16,asym,71.615732
n50_graph0,50,0.0,0.8,16,exact,71.505841
n50_graph0,50,0.0,0.8,17,asym,75.272447
n50_graph0,50,0.0,0.8,17,exact,75.162557
n50_graph0,50,0.0,0.8,18,asym,79.859766
n50_graph0,50,0.0,0.8,18,exact,79.749876
n50_graph0,50,0.0,0.8,19,asym,85.632027
n50_graph0,50,0.0,0.8,19,exact,85.522136
n50_graph0,50,0.0,0.8,20,asym,92.915225
n50_graph0,50,0.0,0.8,20,exact,92.805335
n50_graph0,50,0.0,0.8,21,asym,102.127678
n50_graph0,50,0.0,0.8,21,exact,102.017787
n50_graph0,50,0.0,0.8,22,asym,113.806726
n50_graph0,50,0.0,0.8,22,exact,113.696836
n50_graph0,50,0.0,0.8,23,asym,128.643291
n50_graph0,50,0.0,0.8,23,exact,128.533400
n50_graph0,50,0.0,0.8,24,asym,147.526596
n50_graph0,50,0.0,0.8,24,exact,147.416706
n50_graph0,50,0.0,0.8,25,asym,171.602096
n50_graph0,50,0.0,0.8,25,exact,171.492205
n50_graph0,50,0.0,0.8,26,asym,202.346545
n50_graph0,50,0.0,0.8,26,exact,202.236654
n50_graph0,50,0.0,0.8,27,asym,241.665336
n50_graph0,50,0.0,0.8,27,exact,241.555446
n50_graph0,50,0.0,0.8,28,asym,292.018779
n50_graph0,50,0.0,0.8,28,exact,291.908889
n50_graph0,50,0.0,0.8,29,asym,356.586000
n50_graph0,50,0.0,0.8,29,exact,356.476110
n50_graph0,50,0.0,0.8,30,asym,439.477781
n50_graph0,50,0.0,0.8,30,exact,439.367891
n50_graph0,50,0.0,0.8,31,asym,546.013072
n50_graph0,50,0.0,0.8,31,exact,545.903181
n50_graph0,50,0.0,0.8,32,asym,683.078384
n50_graph0,50,0.0,0.8,32,exact,682.968493
n50_graph0,50,0.0,0.8,33,asym,859.595112
n50_graph0,50,0.0,0.8,33,exact,859.485222
n50_graph0,50,0.0,0.8,34,asym,1087.127444
n50_graph0,50,0.0,0.8,34,exact,1087.017553
n50_graph0,50,0.0,0.8,35,asym,1380.673452
n50_graph0,50,0.0,0.8,35,exact,1380.563561
n50_graph0,50,0.0,0.8,36,asym,1759.694990
n50_graph0,50,0.0,0.8,36,exact,1759.585100
n50_graph0,50,0.0,0.8,37,asym,2249.458947
n50_graph0,50,0.0,0.8,37,exact,2249.349056
n50_graph0,50,0.0,0.8,38,asym,2882.784617
n50_graph0,50,0.0,0.8,38,exact,2882.674726
n50_graph0,50,0.0,0.8,39,asym,3702.320960
n50_graph0,50,0.0,0.8,39,exact,3702.211070
n50_graph0,50,0.0,0.8,40,asym,4763.515402
n50_graph0,50,0.0,0.8,40,exact,4763.405511
n50_graph0,50,0.0,0.8,41,asym,6138.485428
n50_graph0,50,0.0,0.8,41,exact,6138.375537
n50_graph0,50,0.0,0.8,42,asym,7921.069104
n50_graph0,50,0.0,0.8,42,exact,7920.959213
n50_graph0,50,0.0,0.8,43,asym,10233.415465
n50_graph0,50,0.0,0.8,43,exact,10233.305575
n50_graph0,50,0.0,0.8,44,asym,13234.586814
n50_graph0,50,0.0,0.8,44,exact,13234.476923
n50_graph0,50,0.0,0.8,45,asym,17131.790277
n50_graph0,50,0.0,0.8,45,exact,17131.680386
n50_graph0,50,0.0,0.8,46,asym,22195.046286
n50_graph0,50,0.0,0.8,46,exact,22194.936395
n50_graph0,50,0.0,0.8,47,asym,28776.350791
n50_graph0,50,0.0,0.8,47,exact,28776.240901
n50_graph0,50,0.0,0.8,48,asym,37334.714332
n50_graph0,50,0.0,0.8,48,exact,37334.604442
n50_graph0,50,0.0,0.8,49,asym,48468.888544
n50_graph0,50,0.0,0.8,49,exact,48468.778654
n50_graph0,50,0.0,0.8,50,asym,62960.150672
n50_graph0,50,0.0,0.8,50,exact,62960.040781
n50_graph0,50,0.0,1,3,asym,67.678726
n50_graph0,50,0.0,1,3,exact,67.556775
n50_graph0,50,0.0,1,4,asym,68.258730
n50_graph0,50,0.0,1,4,exact,68.136778
n50_graph0,50,0.0,1,5,asym,68.988680
n50_graph0,50,0.0,1,5,exact,68.821107
n50_graph0,50,0.0,1,6,asym,69.939408
n50_graph0,50,0.0,1,6,exact,69.771835
n50_graph0,50,0.0,1,7,asym,71.206221
n50_graph0,50,0.0,1,7,exact,71.038648
n50_graph0,50,0.0,1,8,asym,72.921825
n50_graph0,50,0.0,1,8,exact,72.754252
n50_graph0,50,0.0,1,9,asym,75.273792
n50_graph0,50,0.0,1,9,exact,75.106218
n50_graph0,50,0.0,1,10,asym,78.529350
n50_graph0,50,0.0,1,10,exact,78.361777
n50_graph0,50,0.0,1,11,asym,83.071165
n50_graph0,50,0.0,1,11,exact,82.903592
n50_graph0,50,0.0,1,12,asym,89.449267
n50_graph0,50,0.0,1,12,exact,89.281694
n50_graph0,50,0.0,1,13,asym,98.456696
n50_graph0,50,0.0,1,13,exact,98.289123
n50_graph0,50,0.0,1,14,asym,111.239904
n50_graph0,50,0.0,1,14,exact,111.072331
n50_graph0,50,0.0,1,15,asym,129.460199
n50_graph0,50,0.0,1,15,exact,129.292626
n50_graph0,50,0.0,1,16,asym,155.530167
n50_graph0,50,0.0,1,16,exact,155.362594
n50_graph0,50,0.0,1,17,asym,192.960371
n50_graph0,50,0.0,1,17,exact,192.792798
n50_graph0,50,0.0,1,18,asym,246.868431
n50_graph0,50,0.0,1,18,exact,246.700858
n50_graph0,50,0.0,1,19,asym,324.727428
n50_graph0,50,0.0,1,19,exact,324.559855
n50_graph0,50,0.0,1,20,asym,437.467358
n50_graph0,50,0.0,1,20,exact,437.299785
n50_graph0,50,0.0,1,21,asym,601.097942
n50_graph0,50,0.0,1,21,exact,600.930369
n50_graph0,50,0.0,1,22,asym,839.101919
n50_graph0,50,0.0,1,22,exact,838.934346
n50_graph0,50,0.0,1,23,asym,1185.968002
n50_graph0,50,0.0,1,23,exact,1185.800429
n50_graph0,50,0.0,1,24,asym,1692.410865
n50_graph0,50,0.0,1,24,exact,1692.243292
n50_graph0,50,0.0,1,25,asym,2433.090274
n50_graph0,50,0.0,1,25,exact,2432.922701
n50_graph0,50,0.0,1,26,asym,3518.035102
n50_graph0,50,0.0,1,26,exact,3517.867529
n50_graph0,50,0.0,1,27,asym,5109.563340
n50_graph0,50,0.0,1,27,exact,5109.395767
n50_graph0,50,0.0,1,28,asym,7447.360486
n50_graph0,50,0.0,1,28,exact,7447.192913
n50_graph0,50,0.0,1,29,asym,10885.675796
n50_graph0,50,0.0,1,29,exact,10885.508223
n50_graph0,50,0.0,1,30,asym,15948.528250
n50_graph0,50,0.0,1,30,exact,15948.360677
n50_graph0,50,0.0,1,31,asym,23411.693799
n50_graph0,50,0.0,1,31,exact,23411.526226
n50_graph0,50,0.0,1,32,asym,34424.539222
n50_graph0,50,0.0,1,32,exact,34424.371649
n50_graph0,50,0.0,1,33,asym,50691.172492
n50_graph0,50,0.0,1,33,exact,50691.004919
n50_graph0,50,0.0,1,34,asym,74739.936858
n50_graph0,50,0.0,1,34,exact,74739.769285
n50_graph0,50,0.0,1,35,asym,110324.543219
n50_graph0,50,0.0,1,35,exact,110324.375646
n50_graph0,50,0.0,1,36,asym,163021.442410
n50_graph0,50,0.0,1,36,exact,163021.274837
n50_graph0,50,0.0,1,37,asym,241119.870817
n50_graph0,50,0.0,1,37,exact,241119.703244
n50_graph0,50,0.0,1,38,asym,356948.574900
n50_graph0,50,0.0,1,38,exact,356948.407327
n50_graph0,50,0.0,1,39,asym,528854.340711
n50_graph0,50,0.0,1,39,exact,528854.173138
n50_graph0,50,0.0,1,40,asym,784153.814861
n50_graph0,50,0.0,1,40,exact,784153.647288
n50_graph0,50,0.0,1,41,asym,1163539.215948
n50_graph0,50,0.0,1,41,exact,1163539.048375
n50_graph0,50,0.0,1,42,asym,1727656.637597
n50_graph0,50,0.0,1,42,exact,1727656.470024
n50_graph0,50,0.0,1,43,asym,2566932.056300
n50_graph0,50,0.0,1,43,exact,2566931.888727
n50_graph0,50,0.0,1,44,asym,3816253.820452
n50_graph0,50,0.0,1,44,exact,3816253.652879
n50_graph0,50,0.0,1,45,asym,5676919.686427
n50_graph0,50,0.0,1,45,exact,5676919.518854
n50_graph0,50,0.0,1,46,asym,8449453.921893
n50_graph0,50,0.0,1,46,exact,8449453.754320
n50_graph0,50,0.0,1,47,asym,12582694.433867
n50_graph0,50,0.0,1,47,exact,12582694.266293
n50_graph0,50,0.0,1,48,asym,18747239.608161
n50_graph0,50,0.0,1,48,exact,18747239.440588
n50_graph0,50,0.0,1,49,asym,27945377.251608
n50_graph0,50,0.0,1,49,exact,27945377.084034
n50_graph0,50,0.0,1,50,asym,41675665.707193
n50_graph0,50,0.0,1,50,exact,41675665.539620
n50_graph0,50,0.0,1.3,3,asym,86.204176
n50_graph0,50,0.0,1.3,3,exact,86.039300
n50_graph0,50,0.0,1.3,4,asym,87.082498
n50_graph0,50,0.0,1.3,4,exact,86.917622
n50_graph0,50,0.0,1.3,5,asym,88.326548
n50_graph0,50,0.0,1.3,5,exact,88.083919
n50_graph0,50,0.0,1.3,6,asym,90.156966
n50_graph0,50,0.0,1.3,6,exact,89.914337
n50_graph0,50,0.0,1.3,7,asym,92.919974
n50_graph0,50,0.0,1.3,7,exact,92.677345
n50_graph0,50,0.0,1.3,8,asym,97.167546
n50_graph0,50,0.0,1.3,8,exact,96.924918
n50_graph0,50,0.0,1.3,9,asym,103.786622
n50_graph0,50,0.0,1.3,9,exact,103.543993
n50_graph0,50,0.0,1.3,10,asym,114.209614
n50_graph0,50,0.0,1.3,10,exact,113.966985
n50_graph0,50,0.0,1.3,11,asym,130.758837
n50_graph0,50,0.0,1.3,11,exact,130.516208
n50_graph0,50,0.0,1.3,12,asym,157.211550
n50_graph0,50,0.0,1.3,12,exact,156.968921
n50_graph0,50,0.0,1.3,13,asym,199.728849
n50_graph0,50,0.0,1.3,13,exact,199.486220
n50_graph0,50,0.0,1.3,14,asym,268.385551
n50_graph0,50,0.0,1.3,14,exact,268.142922
n50_graph0,50,0.0,1.3,15,asym,379.694129
n50_graph0,50,0.0,1.3,15,exact,379.451500
n50_graph0,50,0.0,1.3,16,asym,560.775139
n50_graph0,50,0.0,1.3,16,exact,560.532510
n50_graph0,50,0.0,1.3,17,asym,856.258324
n50_graph0,50,0.0,1.3,17,exact,856.015695
n50_graph0,50,0.0,1.3,18,asym,1339.718104
n50_graph0,50,0.0,1.3,18,exact,1339.475475
n50_graph0,50,0.0,1.3,19,asym,2132.647355
n50_graph0,50,0.0,1.3,19,exact,2132.404726
n50_graph0,50,0.0,1.3,20,asym,3435.977221
n50_graph0,50,0.0,1.3,20,exact,3435.734592
n50_graph0,50,0.0,1.3,21,asym,5582.499283
n50_graph0,50,0.0,1.3,21,exact,5582.256654
n50_graph0,50,0.0,1.3,22,asym,9124.146756
n50_graph0,50,0.0,1.3,22,exact,9123.904127
n50_graph0,50,0.0,1.3,23,asym,14977.465249
n50_graph0,50,0.0,1.3,23,exact,14977.222620
n50_graph0,50,0.0,1.3,24,asym,24666.305475
n50_graph0,50,0.0,1.3,24,exact,24666.062846
n50_graph0,50,0.0,1.3,25,asym,40727.091126
n50_graph0,50,0.0,1.3,25,exact,40726.848498
n50_graph0,50,0.0,1.3,26,asym,67386.166872
n50_graph0,50,0.0,1.3,26,exact,67385.924243
n50_graph0,50,0.0,1.3,27,asym,111692.842877
n50_graph0,50,0.0,1.3,27,exact,111692.600248
n50_graph0,50,0.0,1.3,28,asym,185416.231602
n50_graph0,50,0.0,1.3,28,exact,185415.988973
n50_graph0,50,0.0,1.3,29,asym,308223.178197
n50_graph0,50,0.0,1.3,29,exact,308222.935568
n50_graph0,50,0.0,1.3,30,asym,513006.390563
n50_graph0,50,0.0,1.3,30,exact,513006.147934
n50_graph0,50,0.0,1.3,31,asym,854823.807407
n50_graph0,50,0.0,1.3,31,exact,854823.564778
n50_graph0,50,0.0,1.3,32,asym,1425906.736251
n50_graph0,50,0.0,1.3,32,exact,1425906.493622
n50_graph0,50,0.0,1.3,33,asym,2380872.709741
n50_graph0,50,0.0,1.3,33,exact,2380872.467112
n50_graph0,50,0.0,1.3,34,asym,3979107.395089
n50_graph0,50,0.0,1.3,34,exact,3979107.152460
n50_graph0,50,0.0,1.3,35,asym,6656048.407482
n50_graph0,50,0.0,1.3,35,exact,6656048.164853
n50_graph0,50,0.0,1.3,36,asym,11143147.011071
n50_graph0,50,0.0,1.3,36,exact,11143146.768442
n50_graph0,50,0.0,1.3,37,asym,18669856.108136
n50_graph0,50,0.0,1.3,37,exact,18669855.865507
n50_graph0,50,0.0,1.3,38,asym,31303905.390140
n50_graph0,50,0.0,1.3,38,exact,31303905.147511
n50_graph0,50,0.0,1.3,39,asym,52524820.231201
n50_graph0,50,0.0,1.3,39,exact,52524819.988572
n50_graph0,50,0.0,1.3,40,asym,88191017.635439
n50_graph0,50,0.0,1.3,40,exact,88191017.392810
n50_graph0,50,0.0,1.3,41,asym,148171308.690320
n50_graph0,50,0.0,1.3,41,exact,148171308.447691
n50_graph0,50,0.0,1.3,42,asym,249098459.271390
n50_graph0,50,0.0,1.3,42,exact,249098459.028762
n50_graph0,50,0.0,1.3,43,asym,419018442.818022
n50_graph0,50,0.0,1.3,43,exact,419018442.575393
n50_graph0,50,0.0,1.3,44,asym,705243636.405335
n50_graph0,50,0.0,1.3,44,exact,705243636.162706
n50_graph0,50,0.0,1.3,45,asym,1187623038.523749
n50_graph0,50,0.0,1.3,45,exact,1187623038.281120
n50_graph0,50,0.0,1.3,46,asym,2000974469.006081
n50_graph0,50,0.0,1.3,46,exact,2000974468.763452
n50_graph0,50,0.0,1.3,47,asym,3373017996.000412
n50_graph0,50,0.0,1.3,47,exact,3373017995.757783
n50_graph0,50,0.0,1.3,48,asym,5688544624.902815
n50_graph0,50,0.0,1.3,48,exact,5688544624.660187
n50_graph0,50,0.0,1.3,49,asym,9598001308.899433
n50_graph0,50,0.0,1.3,49,exact,9598001308.656805
n50_graph0,50,0.0,1.3,50,asym,16201295906.837173
n50_graph0,50,0.0,1.3,50,exact,16201295906.594545
n50_graph0,50,0.0,1.8,3,asym,120.512453
n50_graph0,50,0.0,1.8,3,exact,120.307616
n50_graph0,50,0.0,1.8,4,asym,121.692031
n50_graph0,50,0.0,1.8,4,exact,121.487193
n50_graph0,50,0.0,1.8,5,asym,123.502599
n50_graph0,50,0.0,1.8,5,exact,123.184601
n50_graph0,50,0.0,1.8,6,asym,126.396196
n50_graph0,50,0.0,1.8,6,exact,126.078198
n50_graph0,50,0.0,1.8,7,asym,131.150696
n50_graph0,50,0.0,1.8,7,exact,130.832698
n50_graph0,50,0.0,1.8,8,asym,139.122177
n50_graph0,50,0.0,1.8,8,exact,138.804179
n50_graph0,50,0.0,1.8,9,asym,152.693705
n50_graph0,50,0.0,1.8,9,exact,152.375706
n50_graph0,50,0.0,1.8,10,asym,176.078481
n50_graph0,50,0.0,1.8,10,exact,175.760483
n50_graph0,50,0.0,1.8,11,asym,216.762705
n50_graph0,50,0.0,1.8,11,exact,216.444707
n50_graph0,50,0.0,1.8,12,asym,288.105549
n50_graph0,50,0.0,1.8,12,exact,287.787551
n50_graph0,50,0.0,1.8,13,asym,414.036556
n50_graph0,50,0.0,1.8,13,exact,413.718557
n50_graph0,50,0.0,1.8,14,asym,637.562459
n50_graph0,50,0.0,1.8,14,exact,637.244461
n50_graph0,50,0.0,1.8,15,asym,1036.205481
n50_graph0,50,0.0,1.8,15,exact,1035.887483
n50_graph0,50,0.0,1.8,16,asym,1750.075015
n50_graph0,50,0.0,1.8,16,exact,1749.757017
n50_graph0,50,0.0,1.8,17,asym,3033.000542
n50_graph0,50,0.0,1.8,17,exact,3032.682544
n50_graph0,50,0.0,1.8,18,asym,5345.820490
n50_graph0,50,0.0,1.8,18,exact,5345.502492
n50_graph0,50,0.0,1.8,19,asym,9526.832593
n50_graph0,50,0.0,1.8,19,exact,9526.514595
n50_graph0,50,0.0,1.8,20,asym,17103.649272
n50_graph0,50,0.0,1.8,20,exact,17103.331274
n50_graph0,50,0.0,1.8,21,asym,30864.478299
n50_graph0,50,0.0,1.8,21,exact,30864.160301
n50_graph0,50,0.0,1.8,22,asym,55905.843416
n50_graph0,50,0.0,1.8,22,exact,55905.525418
n50_graph0,50,0.0,1.8,23,asym,101556.137332
n50_graph0,50,0.0,1.8,23,exact,101555.819334
n50_graph0,50,0.0,1.8,24,asym,184910.645121
n50_graph0,50,0.0,1.8,24,exact,184910.327122
n50_graph0,50,0.0,1.8,25,asym,337334.038930
n50_graph0,50,0.0,1.8,25,exact,337333.720932
n50_graph0,50,0.0,1.8,26,asym,616431.650955
n50_graph0,50,0.0,1.8,26,exact,616431.332956
n50_graph0,50,0.0,1.8,27,asym,1128106.598229
n50_graph0,50,0.0,1.8,27,exact,1128106.280231
n50_graph0,50,0.0,1.8,28,asym,2067230.668577
n50_graph0,50,0.0,1.8,28,exact,2067230.350579
n50_graph0,50,0.0,1.8,29,asym,3792689.793376
n50_graph0,50,0.0,1.8,29,exact,3792689.475378
n50_graph0,50,0.0,1.8,30,asym,6965948.961719
n50_graph0,50,0.0,1.8,30,exact,6965948.643721
n50_graph0,50,0.0,1.8,31,asym,12807060.122200
n50_graph0,50,0.0,1.8,31,exact,12807059.804202
n50_graph0,50,0.0,1.8,32,asym,23567932.886770
n50_graph0,50,0.0,1.8,32,exact,23567932.568772
n50_graph0,50,0.0,1.8,33,asym,43407737.809850
n50_graph0,50,0.0,1.8,33,exact,43407737.491852
n50_graph0,50,0.0,1.8,34,asym,80012985.815576
n50_graph0,50,0.0,1.8,34,exact,80012985.497577
n50_graph0,50,0.0,1.8,35,asym,147597259.608965
n50_graph0,50,0.0,1.8,35,exact,147597259.290967
n50_graph0,50,0.0,1.8,36,asym,272458152.676084
n50_graph0,50,0.0,1.8,36,exact,272458152.358086
n50_graph0,50,0.0,1.8,37,asym,503276059.086018
n50_graph0,50,0.0,1.8,37,exact,503276058.768020
n50_graph0,50,0.0,1.8,38,asym,930209405.324609
n50_graph0,50,0.0,1.8,38,exact,930209405.006611
n50_graph0,50,0.0,1.8,39,asym,1720314230.441483
n50_graph0,50,0.0,1.8,39,exact,1720314230.123485
n50_graph0,50,0.0,1.8,40,asym,3183269669.720564
n50_graph0,50,0.0,1.8,40,exact,3183269669.402566
n50_graph0,50,0.0,1.8,41,asym,5893386098.287486
n50_graph0,50,0.0,1.8,41,exact,5893386097.969487
n50_graph0,50,0.0,1.8,42,asym,10916174785.683262
n50_graph0,50,0.0,1.8,42,exact,10916174785.365263
n50_graph0,50,0.0,1.8,43,asym,20229235632.631638
n50_graph0,50,0.0,1.8,43,exact,20229235632.313641
n50_graph0,50,0.0,1.8,44,asym,37504382842.648262
n50_graph0,50,0.0,1.8,44,exact,37504382842.330261
n50_graph0,50,0.0,1.8,45,asym,69561519913.840500
n50_graph0,50,0.0,1.8,45,exact,69561519913.522507
n50_graph0,50,0.0,1.8,46,asym,129072054619.069046
n50_graph0,50,0.0,1.8,46,exact,129072054618.751053
n50_graph0,50,0.0,1.8,47,asym,239587285811.270935
n50_graph0,50,0.0,1.8,47,exact,239587285810.952942
n50_graph0,50,0.0,1.8,48,asym,444893977330.654358
n50_graph0,50,0.0,1.8,48,exact,444893977330.336365
n50_graph0,50,0.0,1.8,49,asym,826425759629.363525
n50_graph0,50,0.0,1.8,49,exact,826425759629.045532
n50_graph0,50,0.0,1.8,50,asym,1535675782248.713135
n50_graph0,50,0.0,1.8,50,exact,1535675782248.395020
n50_graph0,50,0.0,2.5,3,asym,171.572488
n50_graph0,50,0.0,2.5,3,exact,171.348109
n50_graph0,50,0.0,2.5,4,asym,172.905604
n50_graph0,50,0.0,2.5,4,exact,172.681225
n50_graph0,50,0.0,2.5,5,asym,175.017682
n50_graph0,50,0.0,2.5,5,exact,174.661298
n50_graph0,50,0.0,2.5,6,asym,178.503207
n50_graph0,50,0.0,2.5,6,exact,178.146823
n50_graph0,50,0.0,2.5,7,asym,184.419484
n50_graph0,50,0.0,2.5,7,exact,184.063100
n50_graph0,50,0.0,2.5,8,asym,194.670602
n50_graph0,50,0.0,2.5,8,exact,194.314218
n50_graph0,50,0.0,2.5,9,asym,212.714119
n50_graph0,50,0.0,2.5,9,exact,212.357735
n50_graph0,50,0.0,2.5,10,asym,244.869513
n50_graph0,50,0.0,2.5,10,exact,244.513129
n50_graph0,50,0.0,2.5,11,asym,302.750918
n50_graph0,50,0.0,2.5,11,exact,302.394534
n50_graph0,50,0.0,2.5,12,asym,407.805797
n50_graph0,50,0.0,2.5,12,exact,407.449413
n50_graph0,50,0.0,2.5,13,asym,599.808651
n50_graph0,50,0.0,2.5,13,exact,599.452267
n50_graph0,50,0.0,2.5,14,asym,952.800316
n50_graph0,50,0.0,2.5,14,exact,952.443932
n50_graph0,50,0.0,2.5,15,asym,1605.075122
n50_graph0,50,0.0,2.5,15,exact,1604.718738
n50_graph0,50,0.0,2.5,16,asym,2815.726854
n50_graph0,50,0.0,2.5,16,exact,2815.370470
n50_graph0,50,0.0,2.5,17,asym,5071.501186
n50_graph0,50,0.0,2.5,17,exact,5071.144802
n50_graph0,50,0.0,2.5,18,asym,9289.102132
n50_graph0,50,0.0,2.5,18,exact,9288.745748
n50_graph0,50,0.0,2.5,19,asym,17198.909596
n50_graph0,50,0.0,2.5,19,exact,17198.553212
n50_graph0,50,0.0,2.5,20,asym,32073.985417
n50_graph0,50,0.0,2.5,20,exact,32073.629034
n50_graph0,50,0.0,2.5,21,asym,60117.197351
n50_graph0,50,0.0,2.5,21,exact,60116.840967
n50_graph0,50,0.0,2.5,22,asym,113104.336818
n50_graph0,50,0.0,2.5,22,exact,113103.980434
n50_graph0,50,0.0,2.5,23,asym,213427.153007
n50_graph0,50,0.0,2.5,23,exact,213426.796623
n50_graph0,50,0.0,2.5,24,asym,403727.264038
n50_graph0,50,0.0,2.5,24,exact,403726.907654
n50_graph0,50,0.0,2.5,25,asym,765321.411823
n50_graph0,50,0.0,2.5,25,exact,765321.055439
n50_graph0,50,0.0,2.5,26,asym,1453478.531087
n50_graph0,50,0.0,2.5,26,exact,1453478.174703
n50_graph0,50,0.0,2.5,27,asym,2765029.671976
n50_graph0,50,0.0,2.5,27,exact,2765029.315592
n50_graph0,50,0.0,2.5,28,asym,5268068.211798
n50_graph0,50,0.0,2.5,28,exact,5268067.855414
n50_graph0,50,0.0,2.5,29,asym,10050983.962529
n50_graph0,50,0.0,2.5,29,exact,10050983.606145
n50_graph0,50,0.0,2.5,30,asym,19201029.882859
n50_graph0,50,0.0,2.5,30,exact,19201029.526475
n50_graph0,50,0.0,2.5,31,asym,36724710.315151
n50_graph0,50,0.0,2.5,31,exact,36724709.958767
n50_graph0,50,0.0,2.5,32,asym,70319217.437754
n50_graph0,50,0.0,2.5,32,exact,70319217.081370
n50_graph0,50,0.0,2.5,33,asym,134784270.229857
n50_graph0,50,0.0,2.5,33,exact,134784269.873473
n50_graph0,50,0.0,2.5,34,asym,258597840.370786
n50_graph0,50,0.0,2.5,34,exact,258597840.014402
n50_graph0,50,0.0,2.5,35,asym,496597812.038340
n50_graph0,50,0.0,2.5,35,exact,496597811.681956
n50_graph0,50,0.0,2.5,36,asym,954454112.582624
n50_graph0,50,0.0,2.5,36,exact,954454112.226240
n50_graph0,50,0.0,2.5,37,asym,1835920452.316051
n50_graph0,50,0.0,2.5,37,exact,1835920451.959668
n50_graph0,50,0.0,2.5,38,asym,3534119888.055320
n50_graph0,50,0.0,2.5,38,exact,3534119887.698936
n50_graph0,50,0.0,2.5,39,asym,6807991477.794624
n50_graph0,50,0.0,2.5,39,exact,6807991477.438240
n50_graph0,50,0.0,2.5,40,asym,13123515628.081442
n50_graph0,50,0.0,2.5,40,exact,13123515627.725058
n50_graph0,50,0.0,2.5,41,asym,25313914589.965759
n50_graph0,50,0.0,2.5,41,exact,25313914589.609375
n50_graph0,50,0.0,2.5,42,asym,48857584961.483521
n50_graph0,50,0.0,2.5,42,exact,48857584961.127136
n50_graph0,50,0.0,2.5,43,asym,94352833648.771500
n50_graph0,50,0.0,2.5,43,exact,94352833648.415115
n50_graph0,50,0.0,2.5,44,asym,182312237509.670349
n50_graph0,50,0.0,2.5,44,exact,182312237509.313965
n50_graph0,50,0.0,2.5,45,asym,352454564692.655579
n50_graph0,50,0.0,2.5,45,exact,352454564692.299255
n50_graph0,50,0.0,2.5,46,asym,681720280190.963013
n50_graph0,50,0.0,2.5,46,exact,681720280190.606689
n50_graph0,50,0.0,2.5,47,asym,1319213456550.495850
n50_graph0,50,0.0,2.5,47,exact,1319213456550.139648
n50_graph0,50,0.0,2.5,48,asym,2553997099082.527832
n50_graph0,50,0.0,2.5,48,exact,2553997099082.171875
n50_graph0,50,0.0,2.5,49,asym,4946676133479.975586
n50_graph0,50,0.0,2.5,49,exact,4946676133479.620117
n50_graph0,50,0.0,2.5,50,asym,9584868022375.917969
n50_graph0,50,0.0,2.5,50,exact,9584868022375.562500
n50_graph0,50,0.0,5,3,asym,358.598740
n50_graph0,50,0.0,5,3,exact,358.367736
n50_graph0,50,0.0,5,4,asym,359.984671
n50_graph0,50,0.0,5,4,exact,359.753668
n50_graph0,50,0.0,5,5,asym,362.202016
n50_graph0,50,0.0,5,5,exact,361.832428
n50_graph0,50,0.0,5,6,asym,365.897348
n50_graph0,50,0.0,5,6,exact,365.527761
n50_graph0,50,0.0,5,7,asym,372.231789
n50_graph0,50,0.0,5,7,exact,371.862201
n50_graph0,50,0.0,5,8,asym,383.316334
n50_graph0,50,0.0,5,8,exact,382.946746
n50_graph0,50,0.0,5,9,asym,403.020900
n50_graph0,50,0.0,5,9,exact,402.651312
n50_graph0,50,0.0,5,10,asym,438.486796
n50_graph0,50,0.0,5,10,exact,438.117208
n50_graph0,50,0.0,5,11,asym,502.966019
n50_graph0,50,0.0,5,11,exact,502.596432
n50_graph0,50,0.0,5,12,asym,621.170185
n50_graph0,50,0.0,5,12,exact,620.800597
n50_graph0,50,0.0,5,13,asym,839.378962
n50_graph0,50,0.0,5,13,exact,839.009374
n50_graph0,50,0.0,5,14,asym,1244.597286
n50_graph0,50,0.0,5,14,exact,1244.227698
n50_graph0,50,0.0,5,15,asym,2000.955267
n50_graph0,50,0.0,5,15,exact,2000.585679
n50_graph0,50,0.0,5,16,asym,3419.033568
n50_graph0,50,0.0,5,16,exact,3418.663981
n50_graph0,50,0.0,5,17,asym,6088.182541
n50_graph0,50,0.0,5,17,exact,6087.812953
n50_graph0,50,0.0,5,18,asym,11129.578049
n50_graph0,50,0.0,5,18,exact,11129.208461
n50_graph0,50,0.0,5,19,asym,20681.069994
n50_graph0,50,0.0,5,19,exact,20680.700407
n50_graph0,50,0.0,5,20,asym,38827.715613
n50_graph0,50,0.0,5,20,exact,38827.346025
n50_graph0,50,0.0,5,21,asym,73390.490077
n50_graph0,50,0.0,5,21,exact,73390.120489
n50_graph0,50,0.0,5,22,asym,139369.645072
n50_graph0,50,0.0,5,22,exact,139369.275484
n50_graph0,50,0.0,5,23,asym,265582.366514
n50_graph0,50,0.0,5,23,exact,265581.996926
n50_graph0,50,0.0,5,24,asym,507474.231117
n50_graph0,50,0.0,5,24,exact,507473.861529
n50_graph0,50,0.0,5,25,asym,971876.177665
n50_graph0,50,0.0,5,25,exact,971875.808077
n50_graph0,50,0.0,5,26,asym,1864898.320825
n50_graph0,50,0.0,5,26,exact,1864897.951238
n50_graph0,50,0.0,5,27,asym,3584680.112386
n50_graph0,50,0.0,5,27,exact,3584679.742798
n50_graph0,50,0.0,5,28,asym,6901184.786548
n50_graph0,50,0.0,5,28,exact,6901184.416960
n50_graph0,50,0.0,5,29,asym,13305049.978647
n50_graph0,50,0.0,5,29,exact,13305049.609060
n50_graph0,50,0.0,5,30,asym,25685044.641445
n50_graph0,50,0.0,5,30,exact,25685044.271858
n50_graph0,50,0.0,5,31,asym,49644754.301619
n50_graph0,50,0.0,5,31,exact,49644753.932032
n50_graph0,50,0.0,5,32,asym,96063649.387622
n50_graph0,50,0.0,5,32,exact,96063649.018035
n50_graph0,50,0.0,5,33,asym,186082273.084573
n50_graph0,50,0.0,5,33,exact,186082272.714985
n50_graph0,50,0.0,5,34,asym,360812854.693226
n50_graph0,50,0.0,5,34,exact,360812854.323638
n50_graph0,50,0.0,5,35,asym,700267163.441503
n50_graph0,50,0.0,5,35,exact,700267163.071915
n50_graph0,50,0.0,5,36,asym,1360273946.686013
n50_graph0,50,0.0,5,36,exact,1360273946.316425
n50_graph0,50,0.0,5,37,asym,2644527290.039845
n50_graph0,50,0.0,5,37,exact,2644527289.670258
n50_graph0,50,0.0,5,38,asym,5145277771.946152
n50_graph0,50,0.0,5,38,exact,5145277771.576564
n50_graph0,50,0.0,5,39,asym,10018215695.021931
n50_graph0,50,0.0,5,39,exact,10018215694.652342
n50_graph0,50,0.0,5,40,asym,19519821792.101696
n50_graph0,50,0.0,5,40,exact,19519821791.732105
n50_graph0,50,0.0,5,41,asym,38058325738.423538
n50_graph0,50,0.0,5,41,exact,38058325738.053955
n50_graph0,50,0.0,5,42,asym,74250175171.674225
n50_graph0,50,0.0,5,42,exact,74250175171.304642
n50_graph0,50,0.0,5,43,asym,144945897652.007965
n50_graph0,50,0.0,5,43,exact,144945897651.638367
n50_graph0,50,0.0,5,44,asym,283114842651.128845
n50_graph0,50,0.0,5,44,exact,283114842650.759216
n50_graph0,50,0.0,5,45,asym,553294177973.082520
n50_graph0,50,0.0,5,45,exact,553294177972.712891
n50_graph0,50,0.0,5,46,asym,1081871267334.527954
n50_graph0,50,0.0,5,46,exact,1081871267334.158325
n50_graph0,50,0.0,5,47,asym,2116464974347.176270
n50_graph0,50,0.0,5,47,exact,2116464974346.806641
n50_graph0,50,0.0,5,48,asym,4142411490304.512695
n50_graph0,50,0.0,5,48,exact,4142411490304.143066
n50_graph0,50,0.0,5,49,asym,8111352607153.311523
n50_graph0,50,0.0,5,49,exact,8111352607152.942383
n50_graph0,50,0.0,5,50,asym,15889967187130.841797
n50_graph0,50,0.0,5,50,exact,15889967187130.474609
n50_graph1,50,0.0,0.1,3,asym,35.033055
n50_graph1,50,0.0,0.1,3,exact,35.034704
n50_graph1,50,0.0,0.1,4,asym,35.033252
n50_graph1,50,0.0,0.1,4,exact,35.034803
n50_graph1,50,0.0,0.1,5,asym,35.033284
n50_graph1,50,0.0,0.1,5,exact,35.034852
n50_graph1,50,0.0,0.1,6,asym,35.033289
n50_graph1,50,0.0,0.1,6,exact,35.034858
n50_graph1,50,0.0,0.1,7,asym,35.033290
n50_graph1,50,0.0,0.1,7,exact,35.034858
n50_graph1,50,0.0,0.1,8,asym,35.033290
n50_graph1,50,0.0,0.1,8,exact,35.034859
n50_graph1,50,0.0,0.1,9,asym,35.033290
n50_graph1,50,0.0,0.1,9,exact,35.034859
n50_graph1,50,0.0,0.1,10,asym,35.033290
n50_graph1,50,0.0,0.1,10,exact,35.034859
n50_graph1,50,0.0,0.1,11,asym,35.033290
n50_graph1,50,0.0,0.1,11,exact,35.034859
n50_graph1,50,0.0,0.1,12,asym,35.033290
n50_graph1,50,0.0,0.1,12,exact,35.034859
n50_graph1,50,0.0,0.1,13,asym,35.033290
n50_graph1,50,0.0,0.1,13,exact,35.034859
n50_graph1,50,0.0,0.1,14,asym,35.033290
n50_graph1,50,0.0,0.1,14,exact,35.034859
n50_graph1,50,0.0,0.1,15,asym,35.033290
n50_graph1,50,0.0,0.1,15,exact,35.034859
n50_graph1,50,0.0,0.1,16,asym,35.033290
n50_graph1,50,0.0,0.1,16,exact,35.034859
n50_graph1,50,0.0,0.1,17,asym,35.033290
n50_graph1,50,0.0,0.1,17,exact,35.034859
n50_graph1,50,0.0,0.1,18,asym,35.033290
n50_graph1,50,0.0,0.1,18,exact,35.034859
n50_graph1,50,0.0,0.1,19,asym,35.033290
n50_graph1,50,0.0,0.1,19,exact,35.034859
n50_graph1,50,0.0,0.1,20,asym,35.033290
n50_graph1,50,0.0,0.1,20,exact,35.034859
n50_graph1,50,0.0,0.1,21,asym,35.033290
n50_graph1,50,0.0,0.1,21,exact,35.034859
n50_graph1,50,0.0,0.1,22,asym,35.033290
n50_graph1,50,0.0,0.1,22,exact,35.034859
n50_graph1,50,0.0,0.1,23,asym,35.033290
n50_graph1,50,0.0,0.1,23,exact,35.034859
n50_graph1,50,0.0,0.1,24,asym,35.033290
n50_graph1,50,0.0,0.1,24,exact,35.034859
n50_graph1,50,0.0,0.1,25,asym,35.033290
n50_graph1,50,0.0,0.1,25,exact,35.034859
n50_graph1,50,0.0,0.1,26,asym,35.033290
n50_graph1,50,0.0,0.1,26,exact,35.034859
n50_graph1,50,0.0,0.1,27,asym,35.033290
n50_graph1,50,0.0,0.1,27,exact,35.034859
n50_graph1,50,0.0,0.1,28,asym,35.033290
n50_graph1,50,0.0,0.1,28,exact,35.034859
n50_graph1,50,0.0,0.1,29,asym,35.033290
n50_graph1,50,0.0,0.1,29,exact,35.034859
n50_graph1,50,0.0,0.1,30,asym,35.033290
n50_graph1,50,0.0,0.1,30,exact,35.034859
n50_graph1,50,0.0,0.1,31,asym,35.033290
n50_graph1,50,0.0,0.1,31,exact,35.034859
n50_graph1,50,0.0,0.1,32,asym,35.033290
n50_graph1,50,0.0,0.1,32,exact,35.034859
n50_graph1,50,0.0,0.1,33,asym,35.033290
n50_graph1,50,0.0,0.1,33,exact,35.034859
n50_graph1,50,0.0,0.1,34,asym,35.033290
n50_graph1,50,0.0,0.1,34,exact,35.034859
n50_graph1,50,0.0,0.1,35,asym,35.033290
n50_graph1,50,0.0,0.1,35,exact,35.034859
n50_graph1,50,0.0,0.1,36,asym,35.033290
n50_graph1,50,0.0,0.1,36,exact,35.034859
n50_graph1,50,0.0,0.1,37,asym,35.033290
n50_graph1,50,0.0,0.1,37,exact,35.034859
n50_graph1,50,0.0,0.1,38,asym,35.033290
n50_graph1,50,0.0,0.1,38,exact,35.034859
n50_graph1,50,0.0,0.1,39,asym,35.033290
n50_graph1,50,0.0,0.1,39,exact,35.034859
n50_graph1,50,0.0,0.1,40,asym,35.033290
n50_graph1,50,0.0,0.1,40,exact,35.034859
n50_graph1,50,0.0,0.1,41,asym,35.033290
n50_graph1,50,0.0,0.1,41,exact,35.034859
n50_graph1,50,0.0,0.1,42,asym,35.033290
n50_graph1,50,0.0,0.1,42,exact,35.034859
n50_graph1,50,0.0,0.1,43,asym,35.033290
n50_graph1,50,0.0,0.1,43,exact,35.034859
n50_graph1,50,0.0,0.1,44,asym,35.033290
n50_graph1,50,0.0,0.1,44,exact,35.034859
n50_graph1,50,0.0,0.1,45,asym,35.033290
n50_graph1,50,0.0,0.1,45,exact,35.034859
n50_graph1,50,0.0,0.1,46,asym,35.033290
n50_graph1,50,0.0,0.1,46,exact,35.034859
n50_graph1,50,0.0,0.1,47,asym,35.033290
n50_graph1,50,0.0,0.1,47,exact,35.034859
n50_graph1,50,0.0,0.1,48,asym,35.033290
n50_graph1,50,0.0,0.1,48,exact,35.034859
n50_graph1,50,0.0,0.1,49,asym,35.033290
n50_graph1,50,0.0,0.1,49,exact,35.034859
n50_graph1,50,0.0,0.1,50,asym,35.033290
n50_graph1,50,0.0,0.1,50,exact,35.034859
n50_graph1,50,0.0,0.2,3,asym,36.157677
n50_graph1,50,0.0,0.2,3,exact,36.170444
n50_graph1,50,0.0,0.2,4,asym,36.160710
n50_graph1,50,0.0,0.2,4,exact,36.171960
n50_graph1,50,0.0,0.2,5,asym,36.161669
n50_graph1,50,0.0,0.2,5,exact,36.173458
n50_graph1,50,0.0,0.2,6,asym,36.161984
n50_graph1,50,0.0,0.2,6,exact,36.173773
n50_graph1,50,0.0,0.2,7,asym,36.162091
n50_graph1,50,0.0,0.2,7,exact,36.173880
n50_graph1,50,0.0,0.2,8,asym,36.162128
n50_graph1,50,0.0,0.2,8,exact,36.173917
n50_graph1,50,0.0,0.2,9,asym,36.162141
n50_graph1,50,0.0,0.2,9,exact,36.173929
n50_graph1,50,0.0,0.2,10,asym,36.162145
n50_graph1,50,0.0,0.2,10,exact,36.173934
n50_graph1,50,0.0,0.2,11,asym,36.162147
n50_graph1,50,0.0,0.2,11,exact,36.173936
n50_graph1,50,0.0,0.2,12,asym,36.162147
n50_graph1,50,0.0,0.2,12,exact,36.173936
n50_graph1,50,0.0,0.2,13,asym,36.162148
n50_graph1,50,0.0,0.2,13,exact,36.173936
n50_graph1,50,0.0,0.2,14,asym,36.162148
n50_graph1,50,0.0,0.2,14,exact,36.173937
n50_graph1,50,0.0,0.2,15,asym,36.162148
n50_graph1,50,0.0,0.2,15,exact,36.173937
n50_graph1,50,0.0,0.2,16,asym,36.162148
n50_graph1,50,0.0,0.2,16,exact,36.173937
n50_graph1,50,0.0,0.2,17,asym,36.162148
n50_graph1,50,0.0,0.2,17,exact,36.173937
n50_graph1,50,0.0,0.2,18,asym,36.162148
n50_graph1,50,0.0,0.2,18,exact,36.173937
n50_graph1,50,0.0,0.2,19,asym,36.162148
n50_graph1,50,0.0,0.2,19,exact,36.173937
n50_graph1,50,0.0,0.2,20,asym,36.162148
n50_graph1,50,0.0,0.2,20,exact,36.173937
n50_graph1,50,0.0,0.2,21,asym,36.162148
n50_graph1,50,0.0,0.2,21,exact,36.173937
n50_graph1,50,0.0,0.2,22,asym,36.162148
n50_graph1,50,0.0,0.2,22,exact,36.173937
n50_graph1,50,0.0,0.2,23,asym,36.162148
n50_graph1,50,0.0,0.2,23,exact,36.173937
n50_graph1,50,0.0,0.2,24,asym,36.162148
n50_graph1,50,0.0,0.2,24,exact,36.173937
n50_graph1,50,0.0,0.2,25,asym,36.162148
n50_graph1,50,0.0,0.2,25,exact,36.173937
n50_graph1,50,0.0,0.2,26,asym,36.162148
n50_graph1,50,0.0,0.2,26,exact,36.173937
n50_graph1,50,0.0,0.2,27,asym,36.162148
n50_graph1,50,0.0,0.2,27,exact,36.173937
n50_graph1,50,0.0,0.2,28,asym,36.162148
n50_graph1,50,0.0,0.2,28,exact,36.173937
n50_graph1,50,0.0,0.2,29,asym,36.162148
n50_graph1,50,0.0,0.2,29,exact,36.173937
n50_graph1,50,0.0,0.2,30,asym,36.162148
n50_graph1,50,0.0,0.2,30,exact,36.173937
n50_graph1,50,0.0,0.2,31,asym,36.162148
n50_graph1,50,0.0,0.2,31,exact,36.173937
n50_graph1,50,0.0,0.2,32,asym,36.162148
n50_graph1,50,0.0,0.2,32,exact,36.173937
n50_graph1,50,0.0,0.2,33,asym,36.162148
n50_graph1,50,0.0,0.2,33,exact,36.173937
n50_graph1,50,0.0,0.2,34,asym,36.162148
n50_graph1,50,0.0,0.2,34,exact,36.173937
n50_graph1,50,0.0,0.2,35,asym,36.162148
n50_graph1,50,0.0,0.2,35,exact,36.173937
n50_graph1,50,0.0,0.2,36,asym,36.162148
n50_graph1,50,0.0,0.2,36,exact,36.173937
n50_graph1,50,0.0,0.2,37,asym,36.162148
n50_graph1,50,0.0,0.2,37,exact,36.173937
n50_graph1,50,0.0,0.2,38,asym,36.162148
n50_graph1,50,0.0,0.2,38,exact,36.173937
n50_graph1,50,0.0,0.2,39,asym,36.162148
n50_graph1,50,0.0,0.2,39,exact,36.173937
n50_graph1,50,0.0,0.2,40,asym,36.162148
n50_graph1,50,0.0,0.2,40,exact,36.173937
n50_graph1,50,0.0,0.2,41,asym,36.162148
n50_graph1,50,0.0,0.2,41,exact,36.173937
n50_graph1,50,0.0,0.2,42,asym,36.162148
n50_graph1,50,0.0,0.2,42,exact,36.173937
n50_graph1,50,0.0,0.2,43,asym,36.162148
n50_graph1,50,0.0,0.2,43,exact,36.173937
n50_graph1,50,0.0,0.2,44,asym,36.162148
n50_graph1,50,0.0,0.2,44,exact,36.173937
n50_graph1,50,0.0,0.2,45,asym,36.162148
n50_graph1,50,0.0,0.2,45,exact,36.173937
n50_graph1,50,0.0,0.2,46,asym,36.162148
n50_graph1,50,0.0,0.2,46,exact,36.173937
n50_graph1,50,0.0,0.2,47,asym,36.162148
n50_graph1,50,0.0,0.2,47,exact,36.173937
n50_graph1,50,0.0,0.2,48,asym,36.162148
n50_graph1,50,0.0,0.2,48,exact,36.173937
n50_graph1,50,0.0,0.2,49,asym,36.162148
n50_graph1,50,0.0,0.2,49,exact,36.173937
n50_graph1,50,0.0,0.2,50,asym,36.162148
n50_graph1,50,0.0,0.2,50,exact,36.173937
n50_graph1,50,0.0,0.3,3,asym,38.015478
n50_graph1,50,0.0,0.3,3,exact,38.056180
n50_graph1,50,0.0,0.3,4,asym,38.029830
n50_graph1,50,0.0,0.3,4,exact,38.063356
n50_graph1,50,0.0,0.3,5,asym,38.036536
n50_graph1,50,0.0,0.3,5,exact,38.073835
n50_graph1,50,0.0,0.3,6,asym,38.039795
n50_graph1,50,0.0,0.3,6,exact,38.077093
n50_graph1,50,0.0,0.3,7,asym,38.041423
n50_graph1,50,0.0,0.3,7,exact,38.078721
n50_graph1,50,0.0,0.3,8,asym,38.042252
n50_graph1,50,0.0,0.3,8,exact,38.079551
n50_graph1,50,0.0,0.3,9,asym,38.042682
n50_graph1,50,0.0,0.3,9,exact,38.079980
n50_graph1,50,0.0,0.3,10,asym,38.042908
n50_graph1,50,0.0,0.3,10,exact,38.080206
n50_graph1,50,0.0,0.3,11,asym,38.043027
n50_graph1,50,0.0,0.3,11,exact,38.080325
n50_graph1,50,0.0,0.3,12,asym,38.043091
n50_graph1,50,0.0,0.3,12,exact,38.080389
n50_graph1,50,0.0,0.3,13,asym,38.043125
n50_graph1,50,0.0,0.3,13,exact,38.080423
n50_graph1,50,0.0,0.3,14,asym,38.043143
n50_graph1,50,0.0,0.3,14,exact,38.080442
n50_graph1,50,0.0,0.3,15,asym,38.043154
n50_graph1,50,0.0,0.3,15,exact,38.080452
n50_graph1,50,0.0,0.3,16,asym,38.043159
n50_graph1,50,0.0,0.3,16,exact,38.080457
n50_graph1,50,0.0,0.3,17,asym,38.043162
n50_graph1,50,0.0,0.3,17,exact,38.080460
n50_graph1,50,0.0,0.3,18,asym,38.043164
n50_graph1,50,0.0,0.3,18,exact,38.080462
n50_graph1,50,0.0,0.3,19,asym,38.043165
n50_graph1,50,0.0,0.3,19,exact,38.080463
n50_graph1,50,0.0,0.3,20,asym,38.043165
n50_graph1,50,0.0,0.3,20,exact,38.080463
n50_graph1,50,0.0,0.3,21,asym,38.043165
n50_graph1,50,0.0,0.3,21,exact,38.080464
n50_graph1,50,0.0,0.3,22,asym,38.043166
n50_graph1,50,0.0,0.3,22,exact,38.080464
n50_graph1,50,0.0,0.3,23,asym,38.043166
n50_graph1,50,0.0,0.3,23,exact,38.080464
n50_graph1,50,0.0,0.3,24,asym,38.043166
n50_graph1,50,0.0,0.3,24,exact,38.080464
n50_graph1,50,0.0,0.3,25,asym,38.043166
n50_graph1,50,0.0,0.3,25,exact,38.080464
n50_graph1,50,0.0,0.3,26,asym,38.043166
n50_graph1,50,0.0,0.3,26,exact,38.080464
n50_graph1,50,0.0,0.3,27,asym,38.043166
n50_graph1,50,0.0,0.3,27,exact,38.080464
n50_graph1,50,0.0,0.3,28,asym,38.043166
n50_graph1,50,0.0,0.3,28,exact,38.080464
n50_graph1,50,0.0,0.3,29,asym,38.043166
n50_graph1,50,0.0,0.3,29,exact,38.080464
n50_graph1,50,0.0,0.3,30,asym,38.043166
n50_graph1,50,0.0,0.3,30,exact,38.080464
n50_graph1,50,0.0,0.3,31,asym,38.043166
n50_graph1,50,0.0,0.3,31,exact,38.080464
n50_graph1,50,0.0,0.3,32,asym,38.043166
n50_graph1,50,0.0,0.3,32,exact,38.080464
n50_graph1,50,0.0,0.3,33,asym,38.043166
n50_graph1,50,0.0,0.3,33,exact,38.080464
n50_graph1,50,0.0,0.3,34,asym,38.043166
n50_graph1,50,0.0,0.3,34,exact,38.080464
n50_graph1,50,0.0,0.3,35,asym,38.043166
n50_graph1,50,0.0,0.3,35,exact,38.080464
n50_graph1,50,0.0,0.3,36,asym,38.043166
n50_graph1,50,0.0,0.3,36,exact,38.080464
n50_graph1,50,0.0,0.3,37,asym,38.043166
n50_graph1,50,0.0,0.3,37,exact,38.080464
n50_graph1,50,0.0,0.3,38,asym,38.043166
n50_graph1,50,0.0,0.3,38,exact,38.080464
n50_graph1,50,0.0,0.3,39,asym,38.043166
n50_graph1,50,0.0,0.3,39,exact,38.080464
n50_graph1,50,0.0,0.3,40,asym,38.043166
n50_graph1,50,0.0,0.3,40,exact,38.080464
n50_graph1,50,0.0,0.3,41,asym,38.043166
n50_graph1,50,0.0,0.3,41,exact,38.080464
n50_graph1,50,0.0,0.3,42,asym,38.043166
n50_graph1,50,0.0,0.3,42,exact,38.080464
n50_graph1,50,0.0,0.3,43,asym,38.043166
n50_graph1,50,0.0,0.3,43,exact,38.080464
n50_graph1,50,0.0,0.3,44,asym,38.043166
n50_graph1,50,0.0,0.3,44,exact,38.080464
n50_graph1,50,0.0,0.3,45,asym,38.043166
n50_graph1,50,0.0,0.3,45,exact,38.080464
n50_graph1,50,0.0,0.3,46,asym,38.043166
n50_graph1,50,0.0,0.3,46,exact,38.080464
n50_graph1,50,0.0,0.3,47,asym,38.043166
n50_graph1,50,0.0,0.3,47,exact,38.080464
n50_graph1,50,0.0,0.3,48,asym,38.043166
n50_graph1,50,0.0,0.3,48,exact,38.080464
n50_graph1,50,0.0,0.3,49,asym,38.043166
n50_graph1,50,0.0,0.3,49,exact,38.080464
n50_graph1,50,0.0,0.3,50,asym,38.043166
n50_graph1,50,0.0,0.3,50,exact,38.080464
n50_graph1,50,0.0,0.5,3,asym,43.791434
n50_graph1,50,0.0,0.5,3,exact,43.948292
n50_graph1,50,0.0,0.5,4,asym,43.880624
n50_graph1,50,0.0,0.5,4,exact,43.992888
n50_graph1,50,0.0,0.5,5,asym,43.947362
n50_graph1,50,0.0,0.5,5,exact,44.097166
n50_graph1,50,0.0,0.5,6,asym,43.999052
n50_graph1,50,0.0,0.5,6,exact,44.148856
n50_graph1,50,0.0,0.5,7,asym,44.040108
n50_graph1,50,0.0,0.5,7,exact,44.189911
n50_graph1,50,0.0,0.5,8,asym,44.073350
n50_graph1,50,0.0,0.5,8,exact,44.223153
n50_graph1,50,0.0,0.5,9,asym,44.100674
n50_graph1,50,0.0,0.5,9,exact,44.250478
n50_graph1,50,0.0,0.5,10,asym,44.123409
n50_graph1,50,0.0,0.5,10,exact,44.273213
n50_graph1,50,0.0,0.5,11,asym,44.142514
n50_graph1,50,0.0,0.5,11,exact,44.292317
n50_graph1,50,0.0,0.5,12,asym,44.158700
n50_graph1,50,0.0,0.5,12,exact,44.308504
n50_graph1,50,0.0,0.5,13,asym,44.172510
n50_graph1,50,0.0,0.5,13,exact,44.322314
n50_graph1,50,0.0,0.5,14,asym,44.184362
n50_graph1,50,0.0,0.5,14,exact,44.334165
n50_graph1,50,0.0,0.5,15,asym,44.194586
n50_graph1,50,0.0,0.5,15,exact,44.344389
n50_graph1,50,0.0,0.5,16,asym,44.203444
n50_graph1,50,0.0,0.5,16,exact,44.353248
n50_graph1,50,0.0,0.5,17,asym,44.211150
n50_graph1,50,0.0,0.5,17,exact,44.360953
n50_graph1,50,0.0,0.5,18,asym,44.217876
n50_graph1,50,0.0,0.5,18,exact,44.367680
n50_graph1,50,0.0,0.5,19,asym,44.223766
n50_graph1,50,0.0,0.5,19,exact,44.373569
n50_graph1,50,0.0,0.5,20,asym,44.228937
n50_graph1,50,0.0,0.5,20,exact,44.378740
n50_graph1,50,0.0,0.5,21,asym,44.233489
n50_graph1,50,0.0,0.5,21,exact,44.383292
n50_graph1,50,0.0,0.5,22,asym,44.237504
n50_graph1,50,0.0,0.5,22,exact,44.387308
n50_graph1,50,0.0,0.5,23,asym,44.241054
n50_graph1,50,0.0,0.5,23,exact,44.390858
n50_graph1,50,0.0,0.5,24,asym,44.244199
n50_graph1,50,0.0,0.5,24,exact,44.394002
n50_graph1,50,0.0,0.5,25,asym,44.246988
n50_graph1,50,0.0,0.5,25,exact,44.396792
n50_graph1,50,0.0,0.5,26,asym,44.249468
n50_graph1,50,0.0,0.5,26,exact,44.399271
n50_graph1,50,0.0,0.5,27,asym,44.251674
n50_graph1,50,0.0,0.5,27,exact,44.401478
n50_graph1,50,0.0,0.5,28,asym,44.253641
n50_graph1,50,0.0,0.5,28,exact,44.403444
n50_graph1,50,0.0,0.5,29,asym,44.255396
n50_graph1,50,0.0,0.5,29,exact,44.405199
n50_graph1,50,0.0,0.5,30,asym,44.256964
n50_graph1,50,0.0,0.5,30,exact,44.406767
n50_graph1,50,0.0,0.5,31,asym,44.258366
n50_graph1,50,0.0,0.5,31,exact,44.408169
n50_graph1,50,0.0,0.5,32,asym,44.259622
n50_graph1,50,0.0,0.5,32,exact,44.409425
n50_graph1,50,0.0,0.5,33,asym,44.260747
n50_graph1,50,0.0,0.5,33,exact,44.410550
n50_graph1,50,0.0,0.5,34,asym,44.261756
n50_graph1,50,0.0,0.5,34,exact,44.411560
n50_graph1,50,0.0,0.5,35,asym,44.262663
n50_graph1,50,0.0,0.5,35,exact,44.412466
n50_graph1,50,0.0,0.5,36,asym,44.263477
n50_graph1,50,0.0,0.5,36,exact,44.413280
n50_graph1,50,0.0,0.5,37,asym,44.264209
n50_graph1,50,0.0,0.5,37,exact,44.414013
n50_graph1,50,0.0,0.5,38,asym,44.264868
n50_graph1,50,0.0,0.5,38,exact,44.414672
n50_graph1,50,0.0,0.5,39,asym,44.265462
n50_graph1,50,0.0,0.5,39,exact,44.415265
n50_graph1,50,0.0,0.5,40,asym,44.265997
n50_graph1,50,0.0,0.5,40,exact,44.415800
n50_graph1,50,0.0,0.5,41,asym,44.266479
n50_graph1,50,0.0,0.5,41,exact,44.416282
n50_graph1,50,0.0,0.5,42,asym,44.266914
n50_graph1,50,0.0,0.5,42,exact,44.416717
n50_graph1,50,0.0,0.5,43,asym,44.267307
n50_graph1,50,0.0,0.5,43,exact,44.417110
n50_graph1,50,0.0,0.5,44,asym,44.267661
n50_graph1,50,0.0,0.5,44,exact,44.417465
n50_graph1,50,0.0,0.5,45,asym,44.267982
n50_graph1,50,0.0,0.5,45,exact,44.417785
n50_graph1,50,0.0,0.5,46,asym,44.268272
n50_graph1,50,0.0,0.5,46,exact,44.418075
n50_graph1,50,0.0,0.5,47,asym,44.268534
n50_graph1,50,0.0,0.5,47,exact,44.418337
n50_graph1,50,0.0,0.5,48,asym,44.268771
n50_graph1,50,0.0,0.5,48,exact,44.418575
n50_graph1,50,0.0,0.5,49,asym,44.268986
n50_graph1,50,0.0,0.5,49,exact,44.418790
n50_graph1,50,0.0,0.5,50,asym,44.269181
n50_graph1,50,0.0,0.5,50,exact,44.418984
n50_graph1,50,0.0,0.8,3,asym,56.806294
n50_graph1,50,0.0,0.8,3,exact,57.234316
n50_graph1,50,0.0,0.8,4,asym,57.161636
n50_graph1,50,0.0,0.8,4,exact,57.411987
n50_graph1,50,0.0,0.8,5,asym,57.550211
n50_graph1,50,0.0,0.8,5,exact,58.019136
n50_graph1,50,0.0,0.8,6,asym,57.988911
n50_graph1,50,0.0,0.8,6,exact,58.457836
n50_graph1,50,0.0,0.8,7,asym,58.495141
n50_graph1,50,0.0,0.8,7,exact,58.964066
n50_graph1,50,0.0,0.8,8,asym,59.088852
n50_graph1,50,0.0,0.8,8,exact,59.557776
n50_graph1,50,0.0,0.8,9,asym,59.794083
n50_graph1,50,0.0,0.8,9,exact,60.263008
n50_graph1,50,0.0,0.8,10,asym,60.640524
n50_graph1,50,0.0,0.8,10,exact,61.109448
n50_graph1,50,0.0,0.8,11,asym,61.665297
n50_graph1,50,0.0,0.8,11,exact,62.134222
n50_graph1,50,0.0,0.8,12,asym,62.915162
n50_graph1,50,0.0,0.8,12,exact,63.384087
n50_graph1,50,0.0,0.8,13,asym,64.449272
n50_graph1,50,0.0,0.8,13,exact,64.918197
n50_graph1,50,0.0,0.8,14,asym,66.342701
n50_graph1,50,0.0,0.8,14,exact,66.811625
n50_graph1,50,0.0,0.8,15,asym,68.690947
n50_graph1,50,0.0,0.8,15,exact,69.159872
n50_graph1,50,0.0,0.8,16,asym,71.615732
n50_graph1,50,0.0,0.8,16,exact,72.084656
n50_graph1,50,0.0,0.8,17,asym,75.272447
n50_graph1,50,0.0,0.8,17,exact,75.741372
n50_graph1,50,0.0,0.8,18,asym,79.859766
n50_graph1,50,0.0,0.8,18,exact,80.328691
n50_graph1,50,0.0,0.8,19,asym,85.632027
n50_graph1,50,0.0,0.8,19,exact,86.100951
n50_graph1,50,0.0,0.8,20,asym,92.915225
n50_graph1,50,0.0,0.8,20,exact,93.384150
n50_graph1,50,0.0,0.8,21,asym,102.127678
n50_graph1,50,0.0,0.8,21,exact,102.596603
n50_graph1,50,0.0,0.8,22,asym,113.806726
n50_graph1,50,0.0,0.8,22,exact,114.275651
n50_graph1,50,0.0,0.8,23,asym,128.643291
n50_graph1,50,0.0,0.8,23,exact,129.112216
n50_graph1,50,0.0,0.8,24,asym,147.526596
n50_graph1,50,0.0,0.8,24,exact,147.995521
n50_graph1,50,0.0,0.8,25,asym,171.602096
n50_graph1,50,0.0,0.8,25,exact,172.071021
n50_graph1,50,0.0,0.8,26,asym,202.346545
n50_graph1,50,0.0,0.8,26,exact,202.815470
n50_graph1,50,0.0,0.8,27,asym,241.665336
n50_graph1,50,0.0,0.8,27,exact,242.134261
n50_graph1,50,0.0,0.8,28,asym,292.018779
n50_graph1,50,0.0,0.8,28,exact,292.487704
n50_graph1,50,0.0,0.8,29,asym,356.586000
n50_graph1,50,0.0,0.8,29,exact,357.054925
n50_graph1,50,0.0,0.8,30,asym,439.477781
n50_graph1,50,0.0,0.8,30,exact,439.946706
n50_graph1,50,0.0,0.8,31,asym,546.013072
n50_graph1,50,0.0,0.8,31,exact,546.481997
n50_graph1,50,0.0,0.8,32,asym,683.078384
n50_graph1,50,0.0,0.8,32,exact,683.547308
n50_graph1,50,0.0,0.8,33,asym,859.595112
n50_graph1,50,0.0,0.8,33,exact,860.064037
n50_graph1,50,0.0,0.8,34,asym,1087.127444
n50_graph1,50,0.0,0.8,34,exact,1087.596368
n50_graph1,50,0.0,0.8,35,asym,1380.673452
n50_graph1,50,0.0,0.8,35,exact,1381.142377
n50_graph1,50,0.0,0.8,36,asym,1759.694990
n50_graph1,50,0.0,0.8,36,exact,1760.163915
n50_graph1,50,0.0,0.8,37,asym,2249.458947
n50_graph1,50,0.0,0.8,37,exact,2249.927871
n50_graph1,50,0.0,0.8,38,asym,2882.784617
n50_graph1,50,0.0,0.8,38,exact,2883.253541
n50_graph1,50,0.0,0.8,39,asym,3702.320960
n50_graph1,50,0.0,0.8,39,exact,3702.789885
n50_graph1,50,0.0,0.8,40,asym,4763.515402
n50_graph1,50,0.0,0.8,40,exact,4763.984326
n50_graph1,50,0.0,0.8,41,asym,6138.485428
n50_graph1,50,0.0,0.8,41,exact,6138.954353
n50_graph1,50,0.0,0.8,42,asym,7921.069104
n50_graph1,50,0.0,0.8,42,exact,7921.538029
n50_graph1,50,0.0,0.8,43,asym,10233.415465
n50_graph1,50,0.0,0.8,43,exact,10233.884390
n50_graph1,50,0.0,0.8,44,asym,13234.586814
n50_graph1,50,0.0,0.8,44,exact,13235.055739
n50_graph1,50,0.0,0.8,45,asym,17131.790277
n50_graph1,50,0.0,0.8,45,exact,17132.259201
n50_graph1,50,0.0,0.8,46,asym,22195.046286
n50_graph1,50,0.0,0.8,46,exact,22195.515211
n50_graph1,50,0.0,0.8,47,asym,28776.350791
n50_graph1,50,0.0,0.8,47,exact,28776.819716
n50_graph1,50,0.0,0.8,48,asym,37334.714332
n50_graph1,50,0.0,0.8,48,exact,37335.183257
n50_graph1,50,0.0,0.8,49,asym,48468.888544
n50_graph1,50,0.0,0.8,49,exact,48469.357469
n50_graph1,50,0.0,0.8,50,asym,62960.150672
n50_graph1,50,0.0,0.8,50,exact,62960.619596
n50_graph1,50,0.0,1,3,asym,67.678726
n50_graph1,50,0.0,1,3,exact,68.288482
n50_graph1,50,0.0,1,4,asym,68.258730
n50_graph1,50,0.0,1,4,exact,68.578484
n50_graph1,50,0.0,1,5,asym,68.988680
n50_graph1,50,0.0,1,5,exact,69.719032
n50_graph1,50,0.0,1,6,asym,69.939408
n50_graph1,50,0.0,1,6,exact,70.669760
n50_graph1,50,0.0,1,7,asym,71.206221
n50_graph1,50,0.0,1,7,exact,71.936573
n50_graph1,50,0.0,1,8,asym,72.921825
n50_graph1,50,0.0,1,8,exact,73.652177
n50_graph1,50,0.0,1,9,asym,75.273792
n50_graph1,50,0.0,1,9,exact,76.004143
n50_graph1,50,0.0,1,10,asym,78.529350
n50_graph1,50,0.0,1,10,exact,79.259701
n50_graph1,50,0.0,1,11,asym,83.071165
n50_graph1,50,0.0,1,11,exact,83.801516
n50_graph1,50,0.0,1,12,asym,89.449267
n50_graph1,50,0.0,1,12,exact,90.179619
n50_graph1,50,0.0,1,13,asym,98.456696
n50_graph1,50,0.0,1,13,exact,99.187048
n50_graph1,50,0.0,1,14,asym,111.239904
n50_graph1,50,0.0,1,14,exact,111.970255
n50_graph1,50,0.0,1,15,asym,129.460199
n50_graph1,50,0.0,1,15,exact,130.190551
n50_graph1,50,0.0,1,16,asym,155.530167
n50_graph1,50,0.0,1,16,exact,156.260519
n50_graph1,50,0.0,1,17,asym,192.960371
n50_graph1,50,0.0,1,17,exact,193.690722
n50_graph1,50,0.0,1,18,asym,246.868431
n50_graph1,50,0.0,1,18,exact,247.598783
n50_graph1,50,0.0,1,19,asym,324.727428
n50_graph1,50,0.0,1,19,exact,325.457779
n50_graph1,50,0.0,1,20,asym,437.467358
n50_graph1,50,0.0,1,20,exact,438.197710
n50_graph1,50,0.0,1,21,asym,601.097942
n50_graph1,50,0.0,1,21,exact,601.828294
n50_graph1,50,0.0,1,22,asym,839.101919
n50_graph1,50,0.0,1,22,exact,839.832270
n50_graph1,50,0.0,1,23,asym,1185.968002
n50_graph1,50,0.0,1,23,exact,1186.698354
n50_graph1,50,0.0,1,24,asym,1692.410865
n50_graph1,50,0.0,1,24,exact,1693.141216
n50_graph1,50,0.0,1,25,asym,2433.090274
n50_graph1,50,0.0,1,25,exact,2433.820626
n50_graph1,50,0.0,1,26,asym,3518.035102
n50_graph1,50,0.0,1,26,exact,3518.765453
n50_graph1,50,0.0,1,27,asym,5109.563340
n50_graph1,50,0.0,1,27,exact,5110.293692
n50_graph1,50,0.0,1,28,asym,7447.360486
n50_graph1,50,0.0,1,28,exact,7448.090838
n50_graph1,50,0.0,1,29,asym,10885.675796
n50_graph1,50,0.0,1,29,exact,10886.406148
n50_graph1,50,0.0,1,30,asym,15948.528250
n50_graph1,50,0.0,1,30,exact,15949.258601
n50_graph1,50,0.0,1,31,asym,23411.693799
n50_graph1,50,0.0,1,31,exact,23412.424151
n50_graph1,50,0.0,1,32,asym,34424.539222
n50_graph1,50,0.0,1,32,exact,34425.269573
n50_graph1,50,0.0,1,33,asym,50691.172492
n50_graph1,50,0.0,1,33,exact,50691.902843
n50_graph1,50,0.0,1,34,asym,74739.936858
n50_graph1,50,0.0,1,34,exact,74740.667210
n50_graph1,50,0.0,1,35,asym,110324.543219
n50_graph1,50,0.0,1,35,exact,110325.273570
n50_graph1,50,0.0,1,36,asym,163021.442410
n50_graph1,50,0.0,1,36,exact,163022.172762
n50_graph1,50,0.0,1,37,asym,241119.870817
n50_graph1,50,0.0,1,37,exact,241120.601168
n50_graph1,50,0.0,1,38,asym,356948.574900
n50_graph1,50,0.0,1,38,exact,356949.305251
n50_graph1,50,0.0,1,39,asym,528854.340711
n50_graph1,50,0.0,1,39,exact,528855.071062
n50_graph1,50,0.0,1,40,asym,784153.814861
n50_graph1,50,0.0,1,40,exact,784154.545213
n50_graph1,50,0.0,1,41,asym,1163539.215948
n50_graph1,50,0.0,1,41,exact,1163539.946300
n50_graph1,50,0.0,1,42,asym,1727656.637597
n50_graph1,50,0.0,1,42,exact,1727657.367949
n50_graph1,50,0.0,1,43,asym,2566932.056300
n50_graph1,50,0.0,1,43,exact,2566932.786651
n50_graph1,50,0.0,1,44,asym,3816253.820452
n50_graph1,50,0.0,1,44,exact,3816254.550803
n50_graph1,50,0.0,1,45,asym,5676919.686427
n50_graph1,50,0.0,1,45,exact,5676920.416779
n50_graph1,50,0.0,1,46,asym,8449453.921893
n50_graph1,50,0.0,1,46,exact,8449454.652245
n50_graph1,50,0.0,1,47,asym,12582694.433867
n50_graph1,50,0.0,1,47,exact,12582695.164218
n50_graph1,50,0.0,1,48,asym,18747239.608161
n50_graph1,50,0.0,1,48,exact,18747240.338513
n50_graph1,50,0.0,1,49,asym,27945377.251608
n50_graph1,50,0.0,1,49,exact,27945377.981959
n50_graph1,50,0.0,1,50,asym,41675665.707193
n50_graph1,50,0.0,1,50,exact,41675666.437544
n50_graph1,50,0.0,1.3,3,asym,86.204176
n50_graph1,50,0.0,1.3,3,exact,87.028554
n50_graph1,50,0.0,1.3,4,asym,87.082498
n50_graph1,50,0.0,1.3,4,exact,87.467716
n50_graph1,50,0.0,1.3,5,asym,88.326548
n50_graph1,50,0.0,1.3,5,exact,89.411544
n50_graph1,50,0.0,1.3,6,asym,90.156966
n50_graph1,50,0.0,1.3,6,exact,91.241962
n50_graph1,50,0.0,1.3,7,asym,92.919974
n50_graph1,50,0.0,1.3,7,exact,94.004970
n50_graph1,50,0.0,1.3,8,asym,97.167546
n50_graph1,50,0.0,1.3,8,exact,98.252542
n50_graph1,50,0.0,1.3,9,asym,103.786622
n50_graph1,50,0.0,1.3,9,exact,104.871618
n50_graph1,50,0.0,1.3,10,asym,114.209614
n50_graph1,50,0.0,1.3,10,exact,115.294610
n50_graph1,50,0.0,1.3,11,asym,130.758837
n50_graph1,50,0.0,1.3,11,exact,131.843833
n50_graph1,50,0.0,1.3,12,asym,157.211550
n50_graph1,50,0.0,1.3,12,exact,158.296546
n50_graph1,50,0.0,1.3,13,asym,199.728849
n50_graph1,50,0.0,1.3,13,exact,200.813845
n50_graph1,50,0.0,1.3,14,asym,268.385551
n50_graph1,50,0.0,1.3,14,exact,269.470546
n50_graph1,50,0.0,1.3,15,asym,379.694129
n50_graph1,50,0.0,1.3,15,exact,380.779125
n50_graph1,50,0.0,1.3,16,asym,560.775139
n50_graph1,50,0.0,1.3,16,exact,561.860135
n50_graph1,50,0.0,1.3,17,asym,856.258324
n50_graph1,50,0.0,1.3,17,exact,857.343320
n50_graph1,50,0.0,1.3,18,asym,1339.718104
n50_graph1,50,0.0,1.3,18,exact,1340.803100
n50_graph1,50,0.0,1.3,19,asym,2132.647355
n50_graph1,50,0.0,1.3,19,exact,2133.732351
n50_graph1,50,0.0,1.3,20,asym,3435.977221
n50_graph1,50,0.0,1.3,20,exact,3437.062217
n50_graph1,50,0.0,1.3,21,asym,5582.499283
n50_graph1,50,0.0,1.3,21,exact,5583.584278
n50_graph1,50,0.0,1.3,22,asym,9124.146756
n50_graph1,50,0.0,1.3,22,exact,9125.231752
n50_graph1,50,0.0,1.3,23,asym,14977.465249
n50_graph1,50,0.0,1.3,23,exact,14978.550245
n50_graph1,50,0.0,1.3,24,asym,24666.305475
n50_graph1,50,0.0,1.3,24,exact,24667.390471
n50_graph1,50,0.0,1.3,25,asym,40727.091126
n50_graph1,50,0.0,1.3,25,exact,40728.176122
n50_graph1,50,0.0,1.3,26,asym,67386.166872
n50_graph1,50,0.0,1.3,26,exact,67387.251867
n50_graph1,50,0.0,1.3,27,asym,111692.842877
n50_graph1,50,0.0,1.3,27,exact,111693.927873
n50_graph1,50,0.0,1.3,28,asym,185416.231602
n50_graph1,50,0.0,1.3,28,exact,185417.316598
n50_graph1,50,0.0,1.3,29,asym,308223.178197
n50_graph1,50,0.0,1.3,29,exact,308224.263192
n50_graph1,50,0.0,1.3,30,asym,513006.390563
n50_graph1,50,0.0,1.3,30,exact,513007.475558
n50_graph1,50,0.0,1.3,31,asym,854823.807407
n50_graph1,50,0.0,1.3,31,exact,854824.892403
n50_graph1,50,0.0,1.3,32,asym,1425906.736251
n50_graph1,50,0.0,1.3,32,exact,1425907.821247
n50_graph1,50,0.0,1.3,33,asym,2380872.709741
n50_graph1,50,0.0,1.3,33,exact,2380873.794737
n50_graph1,50,0.0,1.3,34,asym,3979107.395089
n50_graph1,50,0.0,1.3,34,exact,3979108.480085
n50_graph1,50,0.0,1.3,35,asym,6656048.407482
n50_graph1,50,0.0,1.3,35,exact,6656049.492477
n50_graph1,50,0.0,1.3,36,asym,11143147.011071
n50_graph1,50,0.0,1.3,36,exact,11143148.096067
n50_graph1,50,0.0,1.3,37,asym,18669856.108136
n50_graph1,50,0.0,1.3,37,exact,18669857.193132
n50_graph1,50,0.0,1.3,38,asym,31303905.390140
n50_graph1,50,0.0,1.3,38,exact,31303906.475136
n50_graph1,50,0.0,1.3,39,asym,52524820.231201
n50_graph1,50,0.0,1.3,39,exact,52524821.316197
n50_graph1,50,0.0,1.3,40,asym,88191017.635439
n50_graph1,50,0.0,1.3,40,exact,88191018.720435
n50_graph1,50,0.0,1.3,41,asym,148171308.690320
n50_graph1,50,0.0,1.3,41,exact,148171309.775316
n50_graph1,50,0.0,1.3,42,asym,249098459.271390
n50_graph1,50,0.0,1.3,42,exact,249098460.356386
n50_graph1,50,0.0,1.3,43,asym,419018442.818022
n50_graph1,50,0.0,1.3,43,exact,419018443.903018
n50_graph1,50,0.0,1.3,44,asym,705243636.405335
n50_graph1,50,0.0,1.3,44,exact,705243637.490330
n50_graph1,50,0.0,1.3,45,asym,1187623038.523749
n50_graph1,50,0.0,1.3,45,exact,1187623039.608745
n50_graph1,50,0.0,1.3,46,asym,2000974469.006081
n50_graph1,50,0.0,1.3,46,exact,2000974470.091077
n50_graph1,50,0.0,1.3,47,asym,3373017996.000412
n50_graph1,50,0.0,1.3,47,exact,3373017997.085408
n50_graph1,50,0.0,1.3,48,asym,5688544624.902815
n50_graph1,50,0.0,1.3,48,exact,5688544625.987811
n50_graph1,50,0.0,1.3,49,asym,9598001308.899433
n50_graph1,50,0.0,1.3,49,exact,9598001309.984430
n50_graph1,50,0.0,1.3,50,asym,16201295906.837173
n50_graph1,50,0.0,1.3,50,exact,16201295907.922171
n50_graph1,50,0.0,1.8,3,asym,120.512453
n50_graph1,50,0.0,1.8,3,exact,121.536642
n50_graph1,50,0.0,1.8,4,asym,121.692031
n50_graph1,50,0.0,1.8,4,exact,122.126431
n50_graph1,50,0.0,1.8,5,asym,123.502599
n50_graph1,50,0.0,1.8,5,exact,124.955444
n50_graph1,50,0.0,1.8,6,asym,126.396196
n50_graph1,50,0.0,1.8,6,exact,127.849041
n50_graph1,50,0.0,1.8,7,asym,131.150696
n50_graph1,50,0.0,1.8,7,exact,132.603541
n50_graph1,50,0.0,1.8,8,asym,139.122177
n50_graph1,50,0.0,1.8,8,exact,140.575022
n50_graph1,50,0.0,1.8,9,asym,152.693705
n50_graph1,50,0.0,1.8,9,exact,154.146549
n50_graph1,50,0.0,1.8,10,asym,176.078481
n50_graph1,50,0.0,1.8,10,exact,177.531325
n50_graph1,50,0.0,1.8,11,asym,216.762705
n50_graph1,50,0.0,1.8,11,exact,218.215550
n50_graph1,50,0.0,1.8,12,asym,288.105549
n50_graph1,50,0.0,1.8,12,exact,289.558394
n50_graph1,50,0.0,1.8,13,asym,414.036556
n50_graph1,50,0.0,1.8,13,exact,415.489400
n50_graph1,50,0.0,1.8,14,asym,637.562459
n50_graph1,50,0.0,1.8,14,exact,639.015304
n50_graph1,50,0.0,1.8,15,asym,1036.205481
n50_graph1,50,0.0,1.8,15,exact,1037.658326
n50_graph1,50,0.0,1.8,16,asym,1750.075015
n50_graph1,50,0.0,1.8,16,exact,1751.527859
n50_graph1,50,0.0,1.8,17,asym,3033.000542
n50_graph1,50,0.0,1.8,17,exact,3034.453387
n50_graph1,50,0.0,1.8,18,asym,5345.820490
n50_graph1,50,0.0,1.8,18,exact,5347.273334
n50_graph1,50,0.0,1.8,19,asym,9526.832593
n50_graph1,50,0.0,1.8,19,exact,9528.285437
n50_graph1,50,0.0,1.8,20,asym,17103.649272
n50_graph1,50,0.0,1.8,20,exact,17105.102117
n50_graph1,50,0.0,1.8,21,asym,30864.478299
n50_graph1,50,0.0,1.8,21,exact,30865.931144
n50_graph1,50,0.0,1.8,22,asym,55905.843416
n50_graph1,50,0.0,1.8,22,exact,55907.296261
n50_graph1,50,0.0,1.8,23,asym,101556.137332
n50_graph1,50,0.0,1.8,23,exact,101557.590176
n50_graph1,50,0.0,1.8,24,asym,184910.645121
n50_graph1,50,0.0,1.8,24,exact,184912.097965
n50_graph1,50,0.0,1.8,25,asym,337334.038930
n50_graph1,50,0.0,1.8,25,exact,337335.491775
n50_graph1,50,0.0,1.8,26,asym,616431.650955
n50_graph1,50,0.0,1.8,26,exact,616433.103799
n50_graph1,50,0.0,1.8,27,asym,1128106.598229
n50_graph1,50,0.0,1.8,27,exact,1128108.051074
n50_graph1,50,0.0,1.8,28,asym,2067230.668577
n50_graph1,50,0.0,1.8,28,exact,2067232.121422
n50_graph1,50,0.0,1.8,29,asym,3792689.793376
n50_graph1,50,0.0,1.8,29,exact,3792691.246221
n50_graph1,50,0.0,1.8,30,asym,6965948.961719
n50_graph1,50,0.0,1.8,30,exact,6965950.414563
n50_graph1,50,0.0,1.8,31,asym,12807060.122200
n50_graph1,50,0.0,1.8,31,exact,12807061.575044
n50_graph1,50,0.0,1.8,32,asym,23567932.886770
n50_graph1,50,0.0,1.8,32,exact,23567934.339614
n50_graph1,50,0.0,1.8,33,asym,43407737.809850
n50_graph1,50,0.0,1.8,33,exact,43407739.262695
n50_graph1,50,0.0,1.8,34,asym,80012985.815576
n50_graph1,50,0.0,1.8,34,exact,80012987.268420
n50_graph1,50,0.0,1.8,35,asym,147597259.608965
n50_graph1,50,0.0,1.8,35,exact,147597261.061810
n50_graph1,50,0.0,1.8,36,asym,272458152.676084
n50_graph1,50,0.0,1.8,36,exact,272458154.128929
n50_graph1,50,0.0,1.8,37,asym,503276059.086018
n50_graph1,50,0.0,1.8,37,exact,503276060.538862
n50_graph1,50,0.0,1.8,38,asym,930209405.324609
n50_graph1,50,0.0,1.8,38,exact,930209406.777453
n50_graph1,50,0.0,1.8,39,asym,1720314230.441483
n50_graph1,50,0.0,1.8,39,exact,1720314231.894327
n50_graph1,50,0.0,1.8,40,asym,3183269669.720564
n50_graph1,50,0.0,1.8,40,exact,3183269671.173409
n50_graph1,50,0.0,1.8,41,asym,5893386098.287486
n50_graph1,50,0.0,1.8,41,exact,5893386099.740330
n50_graph1,50,0.0,1.8,42,asym,10916174785.683262
n50_graph1,50,0.0,1.8,42,exact,10916174787.136106
n50_graph1,50,0.0,1.8,43,asym,20229235632.631638
n50_graph1,50,0.0,1.8,43,exact,20229235634.084484
n50_graph1,50,0.0,1.8,44,asym,37504382842.648262
n50_graph1,50,0.0,1.8,44,exact,37504382844.101105
n50_graph1,50,0.0,1.8,45,asym,69561519913.840500
n50_graph1,50,0.0,1.8,45,exact,69561519915.293350
n50_graph1,50,0.0,1.8,46,asym,129072054619.069046
n50_graph1,50,0.0,1.8,46,exact,129072054620.521896
n50_graph1,50,0.0,1.8,47,asym,239587285811.270935
n50_graph1,50,0.0,1.8,47,exact,239587285812.723755
n50_graph1,50,0.0,1.8,48,asym,444893977330.654358
n50_graph1,50,0.0,1.8,48,exact,444893977332.107178
n50_graph1,50,0.0,1.8,49,asym,826425759629.363525
n50_graph1,50,0.0,1.8,49,exact,826425759630.816406
n50_graph1,50,0.0,1.8,50,asym,1535675782248.713135
n50_graph1,50,0.0,1.8,50,exact,1535675782250.165771
n50_graph1,50,0.0,2.5,3,asym,171.572488
n50_graph1,50,0.0,2.5,3,exact,172.694384
n50_graph1,50,0.0,2.5,4,asym,172.905604
n50_graph1,50,0.0,2.5,4,exact,173.360942
n50_graph1,50,0.0,2.5,5,asym,175.017682
n50_graph1,50,0.0,2.5,5,exact,176.661063
n50_graph1,50,0.0,2.5,6,asym,178.503207
n50_graph1,50,0.0,2.5,6,exact,180.146588
n50_graph1,50,0.0,2.5,7,asym,184.419484
n50_graph1,50,0.0,2.5,7,exact,186.062865
n50_graph1,50,0.0,2.5,8,asym,194.670602
n50_graph1,50,0.0,2.5,8,exact,196.313984
n50_graph1,50,0.0,2.5,9,asym,212.714119
n50_graph1,50,0.0,2.5,9,exact,214.357500
n50_graph1,50,0.0,2.5,10,asym,244.869513
n50_graph1,50,0.0,2.5,10,exact,246.512894
n50_graph1,50,0.0,2.5,11,asym,302.750918
n50_graph1,50,0.0,2.5,11,exact,304.394299
n50_graph1,50,0.0,2.5,12,asym,407.805797
n50_graph1,50,0.0,2.5,12,exact,409.449178
n50_graph1,50,0.0,2.5,13,asym,599.808651
n50_graph1,50,0.0,2.5,13,exact,601.452032
n50_graph1,50,0.0,2.5,14,asym,952.800316
n50_graph1,50,0.0,2.5,14,exact,954.443697
n50_graph1,50,0.0,2.5,15,asym,1605.075122
n50_graph1,50,0.0,2.5,15,exact,1606.718503
n50_graph1,50,0.0,2.5,16,asym,2815.726854
n50_graph1,50,0.0,2.5,16,exact,2817.370236
n50_graph1,50,0.0,2.5,17,asym,5071.501186
n50_graph1,50,0.0,2.5,17,exact,5073.144567
n50_graph1,50,0.0,2.5,18,asym,9289.102132
n50_graph1,50,0.0,2.5,18,exact,9290.745513
n50_graph1,50,0.0,2.5,19,asym,17198.909596
n50_graph1,50,0.0,2.5,19,exact,17200.552977
n50_graph1,50,0.0,2.5,20,asym,32073.985417
n50_graph1,50,0.0,2.5,20,exact,32075.628799
n50_graph1,50,0.0,2.5,21,asym,60117.197351
n50_graph1,50,0.0,2.5,21,exact,60118.840732
n50_graph1,50,0.0,2.5,22,asym,113104.336818
n50_graph1,50,0.0,2.5,22,exact,113105.980200
n50_graph1,50,0.0,2.5,23,asym,213427.153007
n50_graph1,50,0.0,2.5,23,exact,213428.796388
n50_graph1,50,0.0,2.5,24,asym,403727.264038
n50_graph1,50,0.0,2.5,24,exact,403728.907419
n50_graph1,50,0.0,2.5,25,asym,765321.411823
n50_graph1,50,0.0,2.5,25,exact,765323.055204
n50_graph1,50,0.0,2.5,26,asym,1453478.531087
n50_graph1,50,0.0,2.5,26,exact,1453480.174469
n50_graph1,50,0.0,2.5,27,asym,2765029.671976
n50_graph1,50,0.0,2.5,27,exact,2765031.315357
n50_graph1,50,0.0,2.5,28,asym,5268068.211798
n50_graph1,50,0.0,2.5,28,exact,5268069.855179
n50_graph1,50,0.0,2.5,29,asym,10050983.962529
n50_graph1,50,0.0,2.5,29,exact,10050985.605911
n50_graph1,50,0.0,2.5,30,asym,19201029.882859
n50_graph1,50,0.0,2.5,30,exact,19201031.526240
n50_graph1,50,0.0,2.5,31,asym,36724710.315151
n50_graph1,50,0.0,2.5,31,exact,36724711.958533
n50_graph1,50,0.0,2.5,32,asym,70319217.437754
n50_graph1,50,0.0,2.5,32,exact,70319219.081135
n50_graph1,50,0.0,2.5,33,asym,134784270.229857
n50_graph1,50,0.0,2.5,33,exact,134784271.873238
n50_graph1,50,0.0,2.5,34,asym,258597840.370786
n50_graph1,50,0.0,2.5,34,exact,258597842.014168
n50_graph1,50,0.0,2.5,35,asym,496597812.038340
n50_graph1,50,0.0,2.5,35,exact,496597813.681721
n50_graph1,50,0.0,2.5,36,asym,954454112.582624
n50_graph1,50,0.0,2.5,36,exact,954454114.226006
n50_graph1,50,0.0,2.5,37,asym,1835920452.316051
n50_graph1,50,0.0,2.5,37,exact,1835920453.959433
n50_graph1,50,0.0,2.5,38,asym,3534119888.055320
n50_graph1,50,0.0,2.5,38,exact,3534119889.698701
n50_graph1,50,0.0,2.5,39,asym,6807991477.794624
n50_graph1,50,0.0,2.5,39,exact,6807991479.438005
n50_graph1,50,0.0,2.5,40,asym,13123515628.081442
n50_graph1,50,0.0,2.5,40,exact,13123515629.724823
n50_graph1,50,0.0,2.5,41,asym,25313914589.965759
n50_graph1,50,0.0,2.5,41,exact,25313914591.609138
n50_graph1,50,0.0,2.5,42,asym,48857584961.483521
n50_graph1,50,0.0,2.5,42,exact,48857584963.126907
n50_graph1,50,0.0,2.5,43,asym,94352833648.771500
n50_graph1,50,0.0,2.5,43,exact,94352833650.414871
n50_graph1,50,0.0,2.5,44,asym,182312237509.670349
n50_graph1,50,0.0,2.5,44,exact,182312237511.313721
n50_graph1,50,0.0,2.5,45,asym,352454564692.655579
n50_graph1,50,0.0,2.5,45,exact,352454564694.299011
n50_graph1,50,0.0,2.5,46,asym,681720280190.963013
n50_graph1,50,0.0,2.5,46,exact,681720280192.606445
n50_graph1,50,0.0,2.5,47,asym,1319213456550.495850
n50_graph1,50,0.0,2.5,47,exact,1319213456552.139404
n50_graph1,50,0.0,2.5,48,asym,2553997099082.527832
n50_graph1,50,0.0,2.5,48,exact,2553997099084.171387
n50_graph1,50,0.0,2.5,49,asym,4946676133479.975586
n50_graph1,50,0.0,2.5,49,exact,4946676133481.620117
n50_graph1,50,0.0,2.5,50,asym,9584868022375.917969
n50_graph1,50,0.0,2.5,50,exact,9584868022377.562500
n50_graph1,50,0.0,5,3,asym,358.598740
n50_graph1,50,0.0,5,3,exact,359.753758
n50_graph1,50,0.0,5,4,asym,359.984671
n50_graph1,50,0.0,5,4,exact,360.446724
n50_graph1,50,0.0,5,5,asym,362.202016
n50_graph1,50,0.0,5,5,exact,363.911325
n50_graph1,50,0.0,5,6,asym,365.897348
n50_graph1,50,0.0,5,6,exact,367.606657
n50_graph1,50,0.0,5,7,asym,372.231789
n50_graph1,50,0.0,5,7,exact,373.941098
n50_graph1,50,0.0,5,8,asym,383.316334
n50_graph1,50,0.0,5,8,exact,385.025643
n50_graph1,50,0.0,5,9,asym,403.020900
n50_graph1,50,0.0,5,9,exact,404.730209
n50_graph1,50,0.0,5,10,asym,438.486796
n50_graph1,50,0.0,5,10,exact,440.196105
n50_graph1,50,0.0,5,11,asym,502.966019
n50_graph1,50,0.0,5,11,exact,504.675329
n50_graph1,50,0.0,5,12,asym,621.170185
n50_graph1,50,0.0,5,12,exact,622.879494
n50_graph1,50,0.0,5,13,asym,839.378962
n50_graph1,50,0.0,5,13,exact,841.088271
n50_graph1,50,0.0,5,14,asym,1244.597286
n50_graph1,50,0.0,5,14,exact,1246.306595
n50_graph1,50,0.0,5,15,asym,2000.955267
n50_graph1,50,0.0,5,15,exact,2002.664576
n50_graph1,50,0.0,5,16,asym,3419.033568
n50_graph1,50,0.0,5,16,exact,3420.742877
n50_graph1,50,0.0,5,17,asym,6088.182541
n50_graph1,50,0.0,5,17,exact,6089.891850
n50_graph1,50,0.0,5,18,asym,11129.578049
n50_graph1,50,0.0,5,18,exact,11131.287358
n50_graph1,50,0.0,5,19,asym,20681.069994
n50_graph1,50,0.0,5,19,exact,20682.779304
n50_graph1,50,0.0,5,20,asym,38827.715613
n50_graph1,50,0.0,5,20,exact,38829.424922
n50_graph1,50,0.0,5,21,asym,73390.490077
n50_graph1,50,0.0,5,21,exact,73392.199386
n50_graph1,50,0.0,5,22,asym,139369.645072
n50_graph1,50,0.0,5,22,exact,139371.354381
n50_graph1,50,0.0,5,23,asym,265582.366514
n50_graph1,50,0.0,5,23,exact,265584.075823
n50_graph1,50,0.0,5,24,asym,507474.231117
n50_graph1,50,0.0,5,24,exact,507475.940426
n50_graph1,50,0.0,5,25,asym,971876.177665
n50_graph1,50,0.0,5,25,exact,971877.886974
n50_graph1,50,0.0,5,26,asym,1864898.320825
n50_graph1,50,0.0,5,26,exact,1864900.030134
n50_graph1,50,0.0,5,27,asym,3584680.112386
n50_graph1,50,0.0,5,27,exact,3584681.821695
n50_graph1,50,0.0,5,28,asym,6901184.786548
n50_graph1,50,0.0,5,28,exact,6901186.495857
n50_graph1,50,0.0,5,29,asym,13305049.978647
n50_graph1,50,0.0,5,29,exact,13305051.687956
n50_graph1,50,0.0,5,30,asym,25685044.641445
n50_graph1,50,0.0,5,30,exact,25685046.350754
n50_graph1,50,0.0,5,31,asym,49644754.301619
n50_graph1,50,0.0,5,31,exact,49644756.010928
n50_graph1,50,0.0,5,32,asym,96063649.387622
n50_graph1,50,0.0,5,32,exact,96063651.096931
n50_graph1,50,0.0,5,33,asym,186082273.084573
n50_graph1,50,0.0,5,33,exact,186082274.793882
n50_graph1,50,0.0,5,34,asym,360812854.693226
n50_graph1,50,0.0,5,34,exact,360812856.402535
n50_graph1,50,0.0,5,35,asym,700267163.441503
n50_graph1,50,0.0,5,35,exact,700267165.150812
n50_graph1,50,0.0,5,36,asym,1360273946.686013
n50_graph1,50,0.0,5,36,exact,1360273948.395322
n50_graph1,50,0.0,5,37,asym,2644527290.039845
n50_graph1,50,0.0,5,37,exact,2644527291.749154
n50_graph1,50,0.0,5,38,asym,5145277771.946152
n50_graph1,50,0.0,5,38,exact,5145277773.655460
n50_graph1,50,0.0,5,39,asym,10018215695.021931
n50_graph1,50,0.0,5,39,exact,10018215696.731239
n50_graph1,50,0.0,5,40,asym,19519821792.101696
n50_graph1,50,0.0,5,40,exact,19519821793.811001
n50_graph1,50,0.0,5,41,asym,38058325738.423538
n50_graph1,50,0.0,5,41,exact,38058325740.132843
n50_graph1,50,0.0,5,42,asym,74250175171.674225
n50_graph1,50,0.0,5,42,exact,74250175173.383530
n50_graph1,50,0.0,5,43,asym,144945897652.007965
n50_graph1,50,0.0,5,43,exact,144945897653.717255
n50_graph1,50,0.0,5,44,asym,283114842651.128845
n50_graph1,50,0.0,5,44,exact,283114842652.838074
n50_graph1,50,0.0,5,45,asym,553294177973.082520
n50_graph1,50,0.0,5,45,exact,553294177974.791748
n50_graph1,50,0.0,5,46,asym,1081871267334.527954
n50_graph1,50,0.0,5,46,exact,1081871267336.237183
n50_graph1,50,0.0,5,47,asym,2116464974347.176270
n50_graph1,50,0.0,5,47,exact,2116464974348.885254
n50_graph1,50,0.0,5,48,asym,4142411490304.512695
n50_graph1,50,0.0,5,48,exact,4142411490306.221680
n50_graph1,50,0.0,5,49,asym,8111352607153.311523
n50_graph1,50,0.0,5,49,exact,8111352607155.020508
n50_graph1,50,0.0,5,50,asym,15889967187130.841797
n50_graph1,50,0.0,5,50,exact,15889967187132.552734
n60_graph0,60,0.0,0.1,3,asym,42.039402
n60_graph0,60,0.0,0.1,3,exact,42.039072
n60_graph0,60,0.0,0.1,4,asym,42.039600
n60_graph0,60,0.0,0.1,4,exact,42.039368
n60_graph0,60,0.0,0.1,5,asym,42.039631
n60_graph0,60,0.0,0.1,5,exact,42.039378
n60_graph0,60,0.0,0.1,6,asym,42.039636
n60_graph0,60,0.0,0.1,6,exact,42.039383
n60_graph0,60,0.0,0.1,7,asym,42.039637
n60_graph0,60,0.0,0.1,7,exact,42.039384
n60_graph0,60,0.0,0.1,8,asym,42.039637
n60_graph0,60,0.0,0.1,8,exact,42.039385
n60_graph0,60,0.0,0.1,9,asym,42.039637
n60_graph0,60,0.0,0.1,9,exact,42.039385
n60_graph0,60,0.0,0.1,10,asym,42.039637
n60_graph0,60,0.0,0.1,10,exact,42.039385
n60_graph0,60,0.0,0.1,11,asym,42.039637
n60_graph0,60,0.0,0.1,11,exact,42.039385
n60_graph0,60,0.0,0.1,12,asym,42.039637
n60_graph0,60,0.0,0.1,12,exact,42.039385
n60_graph0,60,0.0,0.1,13,asym,42.039637
n60_graph0,60,0.0,0.1,13,exact,42.039385
n60_graph0,60,0.0,0.1,14,asym,42.039637
n60_graph0,60,0.0,0.1,14,exact,42.039385
n60_graph0,60,0.0,0.1,15,asym,42.039637
n60_graph0,60,0.0,0.1,15,exact,42.039385
n60_graph0,60,0.0,0.1,16,asym,42.039637
n60_graph0,60,0.0,0.1,16,exact,42.039385
n60_graph0,60,0.0,0.1,17,asym,42.039637
n60_graph0,60,0.0,0.1,17,exact,42.039385
n60_graph0,60,0.0,0.1,18,asym,42.039637
n60_graph0,60,0.0,0.1,18,exact,42.039385
n60_graph0,60,0.0,0.1,19,asym,42.039637
n60_graph0,60,0.0,0.1,19,exact,42.039385
n60_graph0,60,0.0,0.1,20,asym,42.039637
n60_graph0,60,0.0,0.1,20,exact,42.039385
n60_graph0,60,0.0,0.1,21,asym,42.039637
n60_graph0,60,0.0,0.1,21,exact,42.039385
n60_graph0,60,0.0,0.1,22,asym,42.039637
n60_graph0,60,0.0,0.1,22,exact,42.039385
n60_graph0,60,0.0,0.1,23,asym,42.039637
n60_graph0,60,0.0,0.1,23,exact,42.039385
n60_graph0,60,0.0,0.1,24,asym,42.039637
n60_graph0,60,0.0,0.1,24,exact,42.039385
n60_graph0,60,0.0,0.1,25,asym,42.039637
n60_graph0,60,0.0,0.1,25,exact,42.039385
n60_graph0,60,0.0,0.1,26,asym,42.039637
n60_graph0,60,0.0,0.1,26,exact,42.039385
n60_graph0,60,0.0,0.1,27,asym,42.039637
n60_graph0,60,0.0,0.1,27,exact,42.039385
n60_graph0,60,0.0,0.1,28,asym,42.039637
n60_graph0,60,0.0,0.1,28,exact,42.039385
n60_graph0,60,0.0,0.1,29,asym,42.039637
n60_graph0,60,0.0,0.1,29,exact,42.039385
n60_graph0,60,0.0,0.1,30,asym,42.039637
n60_graph0,60,0.0,0.1,30,exact,42.039385
n60_graph0,60,0.0,0.1,31,asym,42.039637
n60_graph0,60,0.0,0.1,31,exact,42.039385
n60_graph0,60,0.0,0.1,32,asym,42.039637
n60_graph0,60,0.0,0.1,32,exact,42.039385
n60_graph0,60,0.0,0.1,33,asym,42.039637
n60_graph0,60,0.0,0.1,33,exact,42.039385
n60_graph0,60,0.0,0.1,34,asym,42.039637
n60_graph0,60,0.0,0.1,34,exact,42.039385
n60_graph0,60,0.0,0.1,35,asym,42.039637
n60_graph0,60,0.0,0.1,35,exact,42.039385
n60_graph0,60,0.0,0.1,36,asym,42.039637
n60_graph0,60,0.0,0.1,36,exact,42.039385
n60_graph0,60,0.0,0.1,37,asym,42.039637
n60_graph0,60,0.0,0.1,37,exact,42.039385
n60_graph0,60,0.0,0.1,38,asym,42.039637
n60_graph0,60,0.0,0.1,38,exact,42.039385
n60_graph0,60,0.0,0.1,39,asym,42.039637
n60_graph0,60,0.0,0.1,39,exact,42.039385
n60_graph0,60,0.0,0.1,40,asym,42.039637
n60_graph0,60,0.0,0.1,40,exact,42.039385
n60_graph0,60,0.0,0.1,41,asym,42.039637
n60_graph0,60,0.0,0.1,41,exact,42.039385
n60_graph0,60,0.0,0.1,42,asym,42.039637
n60_graph0,60,0.0,0.1,42,exact,42.039385
n60_graph0,60,0.0,0.1,43,asym,42.039637
n60_graph0,60,0.0,0.1,43,exact,42.039385
n60_graph0,60,0.0,0.1,44,asym,42.039637
n60_graph0,60,0.0,0.1,44,exact,42.039385
n60_graph0,60,0.0,0.1,45,asym,42.039637
n60_graph0,60,0.0,0.1,45,exact,42.039385
n60_graph0,60,0.0,0.1,46,asym,42.039637
n60_graph0,60,0.0,0.1,46,exact,42.039385
n60_graph0,60,0.0,0.1,47,asym,42.039637
n60_graph0,60,0.0,0.1,47,exact,42.039385
n60_graph0,60,0.0,0.1,48,asym,42.039637
n60_graph0,60,0.0,0.1,48,exact,42.039385
n60_graph0,60,0.0,0.1,49,asym,42.039637
n60_graph0,60,0.0,0.1,49,exact,42.039385
n60_graph0,60,0.0,0.1,50,asym,42.039637
n60_graph0,60,0.0,0.1,50,exact,42.039385
n60_graph0,60,0.0,0.1,51,asym,42.039637
n60_graph0,60,0.0,0.1,51,exact,42.039385
n60_graph0,60,0.0,0.1,52,asym,42.039637
n60_graph0,60,0.0,0.1,52,exact,42.039385
n60_graph0,60,0.0,0.1,53,asym,42.039637
n60_graph0,60,0.0,0.1,53,exact,42.039385
n60_graph0,60,0.0,0.1,54,asym,42.039637
n60_graph0,60,0.0,0.1,54,exact,42.039385
n60_graph0,60,0.0,0.1,55,asym,42.039637
n60_graph0,60,0.0,0.1,55,exact,42.039385
n60_graph0,60,0.0,0.1,56,asym,42.039637
n60_graph0,60,0.0,0.1,56,exact,42.039385
n60_graph0,60,0.0,0.1,57,asym,42.039637
n60_graph0,60,0.0,0.1,57,exact,42.039385
n60_graph0,60,0.0,0.1,58,asym,42.039637
n60_graph0,60,0.0,0.1,58,exact,42.039385
n60_graph0,60,0.0,0.1,59,asym,42.039637
n60_graph0,60,0.0,0.1,59,exact,42.039385
n60_graph0,60,0.0,0.1,60,asym,42.039637
n60_graph0,60,0.0,0.1,60,exact,42.039385
n60_graph0,60,0.0,0.2,3,asym,43.387170
n60_graph0,60,0.0,0.2,3,exact,43.384617
n60_graph0,60,0.0,0.2,4,asym,43.390203
n60_graph0,60,0.0,0.2,4,exact,43.389167
n60_graph0,60,0.0,0.2,5,asym,43.391162
n60_graph0,60,0.0,0.2,5,exact,43.389466
n60_graph0,60,0.0,0.2,6,asym,43.391477
n60_graph0,60,0.0,0.2,6,exact,43.389781
n60_graph0,60,0.0,0.2,7,asym,43.391584
n60_graph0,60,0.0,0.2,7,exact,43.389888
n60_graph0,60,0.0,0.2,8,asym,43.391621
n60_graph0,60,0.0,0.2,8,exact,43.389925
n60_graph0,60,0.0,0.2,9,asym,43.391633
n60_graph0,60,0.0,0.2,9,exact,43.389938
n60_graph0,60,0.0,0.2,10,asym,43.391638
n60_graph0,60,0.0,0.2,10,exact,43.389942
n60_graph0,60,0.0,0.2,11,asym,43.391640
n60_graph0,60,0.0,0.2,11,exact,43.389944
n60_graph0,60,0.0,0.2,12,asym,43.391640
n60_graph0,60,0.0,0.2,12,exact,43.389945
n60_graph0,60,0.0,0.2,13,asym,43.391641
n60_graph0,60,0.0,0.2,13,exact,43.389945
n60_graph0,60,0.0,0.2,14,asym,43.391641
n60_graph0,60,0.0,0.2,14,exact,43.389945
n60_graph0,60,0.0,0.2,15,asym,43.391641
n60_graph0,60,0.0,0.2,15,exact,43.389945
n60_graph0,60,0.0,0.2,16,asym,43.391641
n60_graph0,60,0.0,0.2,16,exact,43.389945
n60_graph0,60,0.0,0.2,17,asym,43.391641
n60_graph0,60,0.0,0.2,17,exact,43.389945
n60_graph0,60,0.0,0.2,18,asym,43.391641
n60_graph0,60,0.0,0.2,18,exact,43.389945
n60_graph0,60,0.0,0.2,19,asym,43.391641
n60_graph0,60,0.0,0.2,19,exact,43.389945
n60_graph0,60,0.0,0.2,20,asym,43.391641
n60_graph0,60,0.0,0.2,20,exact,43.389945
n60_graph0,60,0.0,0.2,21,asym,43.391641
n60_graph0,60,0.0,0.2,21,exact,43.389945
n60_graph0,60,0.0,0.2,22,asym,43.391641
n60_graph0,60,0.0,0.2,22,exact,43.389945
n60_graph0,60,0.0,0.2,23,asym,43.391641
n60_graph0,60,0.0,0.2,23,exact,43.389945
n60_graph0,60,0.0,0.2,24,asym,43.391641
n60_graph0,60,0.0,0.2,24,exact,43.389945
n60_graph0,60,0.0,0.2,25,asym,43.391641
n60_graph0,60,0.0,0.2,25,exact,43.389945
n60_graph0,60,0.0,0.2,26,asym,43.391641
n60_graph0,60,0.0,0.2,26,exact,43.389945
n60_graph0,60,0.0,0.2,27,asym,43.391641
n60_graph0,60,0.0,0.2,27,exact,43.389945
n60_graph0,60,0.0,0.2,28,asym,43.391641
n60_graph0,60,0.0,0.2,28,exact,43.389945
n60_graph0,60,0.0,0.2,29,asym,43.391641
n60_graph0,60,0.0,0.2,29,exact,43.389945
n60_graph0,60,0.0,0.2,30,asym,43.391641
n60_graph0,60,0.0,0.2,30,exact,43.389945
n60_graph0,60,0.0,0.2,31,asym,43.391641
n60_graph0,60,0.0,0.2,31,exact,43.389945
n60_graph0,60,0.0,0.2,32,asym,43.391641
n60_graph0,60,0.0,0.2,32,exact,43.389945
n60_graph0,60,0.0,0.2,33,asym,43.391641
n60_graph0,60,0.0,0.2,33,exact,43.389945
n60_graph0,60,0.0,0.2,34,asym,43.391641
n60_graph0,60,0.0,0.2,34,exact,43.389945
n60_graph0,60,0.0,0.2,35,asym,43.391641
n60_graph0,60,0.0,0.2,35,exact,43.389945
n60_graph0,60,0.0,0.2,36,asym,43.391641
n60_graph0,60,0.0,0.2,36,exact,43.389945
n60_graph0,60,0.0,0.2,37,asym,43.391641
n60_graph0,60,0.0,0.2,37,exact,43.389945
n60_graph0,60,0.0,0.2,38,asym,43.391641
n60_graph0,60,0.0,0.2,38,exact,43.389945
n60_graph0,60,0.0,0.2,39,asym,43.391641
n60_graph0,60,0.0,0.2,39,exact,43.389945
n60_graph0,60,0.0,0.2,40,asym,43.391641
n60_graph0,60,0.0,0.2,40,exact,43.389945
n60_graph0,60,0.0,0.2,41,asym,43.391641
n60_graph0,60,0.0,0.2,41,exact,43.389945
n60_graph0,60,0.0,0.2,42,asym,43.391641
n60_graph0,60,0.0,0.2,42,exact,43.389945
n60_graph0,60,0.0,0.2,43,asym,43.391641
n60_graph0,60,0.0,0.2,43,exact,43.389945
n60_graph0,60,0.0,0.2,44,asym,43.391641
n60_graph0,60,0.0,0.2,44,exact,43.389945
n60_graph0,60,0.0,0.2,45,asym,43.391641
n60_graph0,60,0.0,0.2,45,exact,43.389945
n60_graph0,60,0.0,0.2,46,asym,43.391641
n60_graph0,60,0.0,0.2,46,exact,43.389945
n60_graph0,60,0.0,0.2,47,asym,43.391641
n60_graph0,60,0.0,0.2,47,exact,43.389945
n60_graph0,60,0.0,0.2,48,asym,43.391641
n60_graph0,60,0.0,0.2,48,exact,43.389945
n60_graph0,60,0.0,0.2,49,asym,43.391641
n60_graph0,60,0.0,0.2,49,exact,43.389945
n60_graph0,60,0.0,0.2,50,asym,43.391641
n60_graph0,60,0.0,0.2,50,exact,43.389945
n60_graph0,60,0.0,0.2,51,asym,43.391641
n60_graph0,60,0.0,0.2,51,exact,43.389945
n60_graph0,60,0.0,0.2,52,asym,43.391641
n60_graph0,60,0.0,0.2,52,exact,43.389945
n60_graph0,60,0.0,0.2,53,asym,43.391641
n60_graph0,60,0.0,0.2,53,exact,43.389945
n60_graph0,60,0.0,0.2,54,asym,43.391641
n60_graph0,60,0.0,0.2,54,exact,43.389945
n60_graph0,60,0.0,0.2,55,asym,43.391641
n60_graph0,60,0.0,0.2,55,exact,43.389945
n60_graph0,60,0.0,0.2,56,asym,43.391641
n60_graph0,60,0.0,0.2,56,exact,43.389945
n60_graph0,60,0.0,0.2,57,asym,43.391641
n60_graph0,60,0.0,0.2,57,exact,43.389945
n60_graph0,60,0.0,0.2,58,asym,43.391641
n60_graph0,60,0.0,0.2,58,exact,43.389945
n60_graph0,60,0.0,0.2,59,asym,43.391641
n60_graph0,60,0.0,0.2,59,exact,43.389945
n60_graph0,60,0.0,0.2,60,asym,43.391641
n60_graph0,60,0.0,0.2,60,exact,43.389945
n60_graph0,60,0.0,0.3,3,asym,45.612062
n60_graph0,60,0.0,0.3,3,exact,45.603921
n60_graph0,60,0.0,0.3,4,asym,45.626413
n60_graph0,60,0.0,0.3,4,exact,45.625449
n60_graph0,60,0.0,0.3,5,asym,45.633120
n60_graph0,60,0.0,0.3,5,exact,45.627545
n60_graph0,60,0.0,0.3,6,asym,45.636378
n60_graph0,60,0.0,0.3,6,exact,45.630803
n60_graph0,60,0.0,0.3,7,asym,45.638006
n60_graph0,60,0.0,0.3,7,exact,45.632431
n60_graph0,60,0.0,0.3,8,asym,45.638836
n60_graph0,60,0.0,0.3,8,exact,45.633261
n60_graph0,60,0.0,0.3,9,asym,45.639266
n60_graph0,60,0.0,0.3,9,exact,45.633690
n60_graph0,60,0.0,0.3,10,asym,45.639491
n60_graph0,60,0.0,0.3,10,exact,45.633916
n60_graph0,60,0.0,0.3,11,asym,45.639610
n60_graph0,60,0.0,0.3,11,exact,45.634035
n60_graph0,60,0.0,0.3,12,asym,45.639674
n60_graph0,60,0.0,0.3,12,exact,45.634099
n60_graph0,60,0.0,0.3,13,asym,45.639708
n60_graph0,60,0.0,0.3,13,exact,45.634133
n60_graph0,60,0.0,0.3,14,asym,45.639727
n60_graph0,60,0.0,0.3,14,exact,45.634152
n60_graph0,60,0.0,0.3,15,asym,45.639737
n60_graph0,60,0.0,0.3,15,exact,45.634162
n60_graph0,60,0.0,0.3,16,asym,45.639742
n60_graph0,60,0.0,0.3,16,exact,45.634167
n60_graph0,60,0.0,0.3,17,asym,45.639745
n60_graph0,60,0.0,0.3,17,exact,45.634170
n60_graph0,60,0.0,0.3,18,asym,45.639747
n60_graph0,60,0.0,0.3,18,exact,45.634172
n60_graph0,60,0.0,0.3,19,asym,45.639748
n60_graph0,60,0.0,0.3,19,exact,45.634173
n60_graph0,60,0.0,0.3,20,asym,45.639749
n60_graph0,60,0.0,0.3,20,exact,45.634173
n60_graph0,60,0.0,0.3,21,asym,45.639749
n60_graph0,60,0.0,0.3,21,exact,45.634174
n60_graph0,60,0.0,0.3,22,asym,45.639749
n60_graph0,60,0.0,0.3,22,exact,45.634174
n60_graph0,60,0.0,0.3,23,asym,45.639749
n60_graph0,60,0.0,0.3,23,exact,45.634174
n60_graph0,60,0.0,0.3,24,asym,45.639749
n60_graph0,60,0.0,0.3,24,exact,45.634174
n60_graph0,60,0.0,0.3,25,asym,45.639749
n60_graph0,60,0.0,0.3,25,exact,45.634174
n60_graph0,60,0.0,0.3,26,asym,45.639749
n60_graph0,60,0.0,0.3,26,exact,45.634174
n60_graph0,60,0.0,0.3,27,asym,45.639749
n60_graph0,60,0.0,0.3,27,exact,45.634174
n60_graph0,60,0.0,0.3,28,asym,45.639749
n60_graph0,60,0.0,0.3,28,exact,45.634174
n60_graph0,60,0.0,0.3,29,asym,45.639749
n60_graph0,60,0.0,0.3,29,exact,45.634174
n60_graph0,60,0.0,0.3,30,asym,45.639749
n60_graph0,60,0.0,0.3,30,exact,45.634174
n60_graph0,60,0.0,0.3,31,asym,45.639749
n60_graph0,60,0.0,0.3,31,exact,45.634174
n60_graph0,60,0.0,0.3,32,asym,45.639749
n60_graph0,60,0.0,0.3,32,exact,45.634174
n60_graph0,60,0.0,0.3,33,asym,45.639749
n60_graph0,60,0.0,0.3,33,exact,45.634174
n60_graph0,60,0.0,0.3,34,asym,45.639749
n60_graph0,60,0.0,0.3,34,exact,45.634174
n60_graph0,60,0.0,0.3,35,asym,45.639749
n60_graph0,60,0.0,0.3,35,exact,45.634174
n60_graph0,60,0.0,0.3,36,asym,45.639749
n60_graph0,60,0.0,0.3,36,exact,45.634174
n60_graph0,60,0.0,0.3,37,asym,45.639749
n60_graph0,60,0.0,0.3,37,exact,45.634174
n60_graph0,60,0.0,0.3,38,asym,45.639749
n60_graph0,60,0.0,0.3,38,exact,45.634174
n60_graph0,60,0.0,0.3,39,asym,45.639749
n60_graph0,60,0.0,0.3,39,exact,45.634174
n60_graph0,60,0.0,0.3,40,asym,45.639749
n60_graph0,60,0.0,0.3,40,exact,45.634174
n60_graph0,60,0.0,0.3,41,asym,45.639749
n60_graph0,60,0.0,0.3,41,exact,45.634174
n60_graph0,60,0.0,0.3,42,asym,45.639749
n60_graph0,60,0.0,0.3,42,exact,45.634174
n60_graph0,60,0.0,0.3,43,asym,45.639749
n60_graph0,60,0.0,0.3,43,exact,45.634174
n60_graph0,60,0.0,0.3,44,asym,45.639749
n60_graph0,60,0.0,0.3,44,exact,45.634174
n60_graph0,60,0.0,0.3,45,asym,45.639749
n60_graph0,60,0.0,0.3,45,exact,45.634174
n60_graph0,60,0.0,0.3,46,asym,45.639749
n60_graph0,60,0.0,0.3,46,exact,45.634174
n60_graph0,60,0.0,0.3,47,asym,45.639749
n60_graph0,60,0.0,0.3,47,exact,45.634174
n60_graph0,60,0.0,0.3,48,asym,45.639749
n60_graph0,60,0.0,0.3,48,exact,45.634174
n60_graph0,60,0.0,0.3,49,asym,45.639749
n60_graph0,60,0.0,0.3,49,exact,45.634174
n60_graph0,60,0.0,0.3,50,asym,45.639749
n60_graph0,60,0.0,0.3,50,exact,45.634174
n60_graph0,60,0.0,0.3,51,asym,45.639749
n60_graph0,60,0.0,0.3,51,exact,45.634174
n60_graph0,60,0.0,0.3,52,asym,45.639749
n60_graph0,60,0.0,0.3,52,exact,45.634174
n60_graph0,60,0.0,0.3,53,asym,45.639749
n60_graph0,60,0.0,0.3,53,exact,45.634174
n60_graph0,60,0.0,0.3,54,asym,45.639749
n60_graph0,60,0.0,0.3,54,exact,45.634174
n60_graph0,60,0.0,0.3,55,asym,45.639749
n60_graph0,60,0.0,0.3,55,exact,45.634174
n60_graph0,60,0.0,0.3,56,asym,45.639749
n60_graph0,60,0.0,0.3,56,exact,45.634174
n60_graph0,60,0.0,0.3,57,asym,45.639749
n60_graph0,60,0.0,0.3,57,exact,45.634174
n60_graph0,60,0.0,0.3,58,asym,45.639749
n60_graph0,60,0.0,0.3,58,exact,45.634174
n60_graph0,60,0.0,0.3,59,asym,45.639749
n60_graph0,60,0.0,0.3,59,exact,45.634174
n60_graph0,60,0.0,0.3,60,asym,45.639749
n60_graph0,60,0.0,0.3,60,exact,45.634174
n60_graph0,60,0.0,0.5,3,asym,52.524623
n60_graph0,60,0.0,0.5,3,exact,52.493252
n60_graph0,60,0.0,0.5,4,asym,52.613814
n60_graph0,60,0.0,0.5,4,exact,52.627037
n60_graph0,60,0.0,0.5,5,asym,52.680552
n60_graph0,60,0.0,0.5,5,exact,52.647893
n60_graph0,60,0.0,0.5,6,asym,52.732242
n60_graph0,60,0.0,0.5,6,exact,52.699583
n60_graph0,60,0.0,0.5,7,asym,52.773297
n60_graph0,60,0.0,0.5,7,exact,52.740638
n60_graph0,60,0.0,0.5,8,asym,52.806539
n60_graph0,60,0.0,0.5,8,exact,52.773880
n60_graph0,60,0.0,0.5,9,asym,52.833864
n60_graph0,60,0.0,0.5,9,exact,52.801205
n60_graph0,60,0.0,0.5,10,asym,52.856599
n60_graph0,60,0.0,0.5,10,exact,52.823940
n60_graph0,60,0.0,0.5,11,asym,52.875703
n60_graph0,60,0.0,0.5,11,exact,52.843044
n60_graph0,60,0.0,0.5,12,asym,52.891890
n60_graph0,60,0.0,0.5,12,exact,52.859231
n60_graph0,60,0.0,0.5,13,asym,52.905700
n60_graph0,60,0.0,0.5,13,exact,52.873041
n60_graph0,60,0.0,0.5,14,asym,52.917551
n60_graph0,60,0.0,0.5,14,exact,52.884893
n60_graph0,60,0.0,0.5,15,asym,52.927775
n60_graph0,60,0.0,0.5,15,exact,52.895116
n60_graph0,60,0.0,0.5,16,asym,52.936634
n60_graph0,60,0.0,0.5,16,exact,52.903975
n60_graph0,60,0.0,0.5,17,asym,52.944339
n60_graph0,60,0.0,0.5,17,exact,52.911681
n60_graph0,60,0.0,0.5,18,asym,52.951066
n60_graph0,60,0.0,0.5,18,exact,52.918407
n60_graph0,60,0.0,0.5,19,asym,52.956955
n60_graph0,60,0.0,0.5,19,exact,52.924296
n60_graph0,60,0.0,0.5,20,asym,52.962126
n60_graph0,60,0.0,0.5,20,exact,52.929467
n60_graph0,60,0.0,0.5,21,asym,52.966678
n60_graph0,60,0.0,0.5,21,exact,52.934019
n60_graph0,60,0.0,0.5,22,asym,52.970694
n60_graph0,60,0.0,0.5,22,exact,52.938035
n60_graph0,60,0.0,0.5,23,asym,52.974244
n60_graph0,60,0.0,0.5,23,exact,52.941585
n60_graph0,60,0.0,0.5,24,asym,52.977388
n60_graph0,60,0.0,0.5,24,exact,52.944729
n60_graph0,60,0.0,0.5,25,asym,52.980178
n60_graph0,60,0.0,0.5,25,exact,52.947519
n60_graph0,60,0.0,0.5,26,asym,52.982657
n60_graph0,60,0.0,0.5,26,exact,52.949998
n60_graph0,60,0.0,0.5,27,asym,52.984864
n60_graph0,60,0.0,0.5,27,exact,52.952205
n60_graph0,60,0.0,0.5,28,asym,52.986830
n60_graph0,60,0.0,0.5,28,exact,52.954171
n60_graph0,60,0.0,0.5,29,asym,52.988585
n60_graph0,60,0.0,0.5,29,exact,52.955926
n60_graph0,60,0.0,0.5,30,asym,52.990153
n60_graph0,60,0.0,0.5,30,exact,52.957494
n60_graph0,60,0.0,0.5,31,asym,52.991555
n60_graph0,60,0.0,0.5,31,exact,52.958897
n60_graph0,60,0.0,0.5,32,asym,52.992811
n60_graph0,60,0.0,0.5,32,exact,52.960152
n60_graph0,60,0.0,0.5,33,asym,52.993936
n60_graph0,60,0.0,0.5,33,exact,52.961277
n60_graph0,60,0.0,0.5,34,asym,52.994946
n60_graph0,60,0.0,0.5,34,exact,52.962287
n60_graph0,60,0.0,0.5,35,asym,52.995852
n60_graph0,60,0.0,0.5,35,exact,52.963193
n60_graph0,60,0.0,0.5,36,asym,52.996666
n60_graph0,60,0.0,0.5,36,exact,52.964008
n60_graph0,60,0.0,0.5,37,asym,52.997399
n60_graph0,60,0.0,0.5,37,exact,52.964740
n60_graph0,60,0.0,0.5,38,asym,52.998058
n60_graph0,60,0.0,0.5,38,exact,52.965399
n60_graph0,60,0.0,0.5,39,asym,52.998651
n60_graph0,60,0.0,0.5,39,exact,52.965992
n60_graph0,60,0.0,0.5,40,asym,52.999186
n60_graph0,60,0.0,0.5,40,exact,52.966527
n60_graph0,60,0.0,0.5,41,asym,52.999668
n60_graph0,60,0.0,0.5,41,exact,52.967009
n60_graph0,60,0.0,0.5,42,asym,53.000103
n60_graph0,60,0.0,0.5,42,exact,52.967444
n60_graph0,60,0.0,0.5,43,asym,53.000496
n60_graph0,60,0.0,0.5,43,exact,52.967837
n60_graph0,60,0.0,0.5,44,asym,53.000851
n60_graph0,60,0.0,0.5,44,exact,52.968192
n60_graph0,60,0.0,0.5,45,asym,53.001171
n60_graph0,60,0.0,0.5,45,exact,52.968513
n60_graph0,60,0.0,0.5,46,asym,53.001461
n60_graph0,60,0.0,0.5,46,exact,52.968802
n60_graph0,60,0.0,0.5,47,asym,53.001724
n60_graph0,60,0.0,0.5,47,exact,52.969065
n60_graph0,60,0.0,0.5,48,asym,53.001961
n60_graph0,60,0.0,0.5,48,exact,52.969302
n60_graph0,60,0.0,0.5,49,asym,53.002176
n60_graph0,60,0.0,0.5,49,exact,52.969517
n60_graph0,60,0.0,0.5,50,asym,53.002370
n60_graph0,60,0.0,0.5,50,exact,52.969711
n60_graph0,60,0.0,0.5,51,asym,53.002547
n60_graph0,60,0.0,0.5,51,exact,52.969888
n60_graph0,60,0.0,0.5,52,asym,53.002706
n60_graph0,60,0.0,0.5,52,exact,52.970047
n60_graph0,60,0.0,0.5,53,asym,53.002851
n60_graph0,60,0.0,0.5,53,exact,52.970192
n60_graph0,60,0.0,0.5,54,asym,53.002983
n60_graph0,60,0.0,0.5,54,exact,52.970324
n60_graph0,60,0.0,0.5,55,asym,53.003102
n60_graph0,60,0.0,0.5,55,exact,52.970443
n60_graph0,60,0.0,0.5,56,asym,53.003210
n60_graph0,60,0.0,0.5,56,exact,52.970551
n60_graph0,60,0.0,0.5,57,asym,53.003309
n60_graph0,60,0.0,0.5,57,exact,52.970650
n60_graph0,60,0.0,0.5,58,asym,53.003398
n60_graph0,60,0.0,0.5,58,exact,52.970739
n60_graph0,60,0.0,0.5,59,asym,53.003479
n60_graph0,60,0.0,0.5,59,exact,52.970820
n60_graph0,60,0.0,0.5,60,asym,53.003553
n60_graph0,60,0.0,0.5,60,exact,52.970894
n60_graph0,60,0.0,0.8,3,asym,68.099069
n60_graph0,60,0.0,0.8,3,exact,68.013464
n60_graph0,60,0.0,0.8,4,asym,68.454411
n60_graph0,60,0.0,0.8,4,exact,68.546478
n60_graph0,60,0.0,0.8,5,asym,68.842987
n60_graph0,60,0.0,0.8,5,exact,68.667907
n60_graph0,60,0.0,0.8,6,asym,69.281686
n60_graph0,60,0.0,0.8,6,exact,69.106607
n60_graph0,60,0.0,0.8,7,asym,69.787917
n60_graph0,60,0.0,0.8,7,exact,69.612838
n60_graph0,60,0.0,0.8,8,asym,70.381627
n60_graph0,60,0.0,0.8,8,exact,70.206548
n60_graph0,60,0.0,0.8,9,asym,71.086858
n60_graph0,60,0.0,0.8,9,exact,70.911779
n60_graph0,60,0.0,0.8,10,asym,71.933299
n60_graph0,60,0.0,0.8,10,exact,71.758220
n60_graph0,60,0.0,0.8,11,asym,72.958073
n60_graph0,60,0.0,0.8,11,exact,72.782994
n60_graph0,60,0.0,0.8,12,asym,74.207937
n60_graph0,60,0.0,0.8,12,exact,74.032858
n60_graph0,60,0.0,0.8,13,asym,75.742048
n60_graph0,60,0.0,0.8,13,exact,75.566968
n60_graph0,60,0.0,0.8,14,asym,77.635476
n60_graph0,60,0.0,0.8,14,exact,77.460397
n60_graph0,60,0.0,0.8,15,asym,79.983722
n60_graph0,60,0.0,0.8,15,exact,79.808643
n60_graph0,60,0.0,0.8,16,asym,82.908507
n60_graph0,60,0.0,0.8,16,exact,82.733428
n60_graph0,60,0.0,0.8,17,asym,86.565223
n60_graph0,60,0.0,0.8,17,exact,86.390143
n60_graph0,60,0.0,0.8,18,asym,91.152541
n60_graph0,60,0.0,0.8,18,exact,90.977462
n60_graph0,60,0.0,0.8,19,asym,96.924802
n60_graph0,60,0.0,0.8,19,exact,96.749723
n60_graph0,60,0.0,0.8,20,asym,104.208001
n60_graph0,60,0.0,0.8,20,exact,104.032921
n60_graph0,60,0.0,0.8,21,asym,113.420453
n60_graph0,60,0.0,0.8,21,exact,113.245374
n60_graph0,60,0.0,0.8,22,asym,125.099501
n60_graph0,60,0.0,0.8,22,exact,124.924422
n60_graph0,60,0.0,0.8,23,asym,139.936066
n60_graph0,60,0.0,0.8,23,exact,139.760987
n60_graph0,60,0.0,0.8,24,asym,158.819371
n60_graph0,60,0.0,0.8,24,exact,158.644292
n60_graph0,60,0.0,0.8,25,asym,182.894871
n60_graph0,60,0.0,0.8,25,exact,182.719792
n60_graph0,60,0.0,0.8,26,asym,213.639320
n60_graph0,60,0.0,0.8,26,exact,213.464241
n60_graph0,60,0.0,0.8,27,asym,252.958111
n60_graph0,60,0.0,0.8,27,exact,252.783032
n60_graph0,60,0.0,0.8,28,asym,303.311554
n60_graph0,60,0.0,0.8,28,exact,303.136475
n60_graph0,60,0.0,0.8,29,asym,367.878775
n60_graph0,60,0.0,0.8,29,exact,367.703696
n60_graph0,60,0.0,0.8,30,asym,450.770557
n60_graph0,60,0.0,0.8,30,exact,450.595477
n60_graph0,60,0.0,0.8,31,asym,557.305847
n60_graph0,60,0.0,0.8,31,exact,557.130768
n60_graph0,60,0.0,0.8,32,asym,694.371159
n60_graph0,60,0.0,0.8,32,exact,694.196080
n60_graph0,60,0.0,0.8,33,asym,870.887888
n60_graph0,60,0.0,0.8,33,exact,870.712808
n60_graph0,60,0.0,0.8,34,asym,1098.420219
n60_graph0,60,0.0,0.8,34,exact,1098.245140
n60_graph0,60,0.0,0.8,35,asym,1391.966227
n60_graph0,60,0.0,0.8,35,exact,1391.791148
n60_graph0,60,0.0,0.8,36,asym,1770.987766
n60_graph0,60,0.0,0.8,36,exact,1770.812687
n60_graph0,60,0.0,0.8,37,asym,2260.751722
n60_graph0,60,0.0,0.8,37,exact,2260.576643
n60_graph0,60,0.0,0.8,38,asym,2894.077392
n60_graph0,60,0.0,0.8,38,exact,2893.902313
n60_graph0,60,0.0,0.8,39,asym,3713.613736
n60_graph0,60,0.0,0.8,39,exact,3713.438657
n60_graph0,60,0.0,0.8,40,asym,4774.808177
n60_graph0,60,0.0,0.8,40,exact,4774.633098
n60_graph0,60,0.0,0.8,41,asym,6149.778203
n60_graph0,60,0.0,0.8,41,exact,6149.603124
n60_graph0,60,0.0,0.8,42,asym,7932.361879
n60_graph0,60,0.0,0.8,42,exact,7932.186800
n60_graph0,60,0.0,0.8,43,asym,10244.708241
n60_graph0,60,0.0,0.8,43,exact,10244.533161
n60_graph0,60,0.0,0.8,44,asym,13245.879589
n60_graph0,60,0.0,0.8,44,exact,13245.704510
n60_graph0,60,0.0,0.8,45,asym,17143.083052
n60_graph0,60,0.0,0.8,45,exact,17142.907973
n60_graph0,60,0.0,0.8,46,asym,22206.339061
n60_graph0,60,0.0,0.8,46,exact,22206.163982
n60_graph0,60,0.0,0.8,47,asym,28787.643566
n60_graph0,60,0.0,0.8,47,exact,28787.468487
n60_graph0,60,0.0,0.8,48,asym,37346.007107
n60_graph0,60,0.0,0.8,48,exact,37345.832028
n60_graph0,60,0.0,0.8,49,asym,48480.181319
n60_graph0,60,0.0,0.8,49,exact,48480.006240
n60_graph0,60,0.0,0.8,50,asym,62971.443447
n60_graph0,60,0.0,0.8,50,exact,62971.268368
n60_graph0,60,0.0,0.8,51,asym,81839.543256
n60_graph0,60,0.0,0.8,51,exact,81839.368177
n60_graph0,60,0.0,0.8,52,asym,106415.878450
n60_graph0,60,0.0,0.8,52,exact,106415.703371
n60_graph0,60,0.0,0.8,53,asym,138439.225354
n60_graph0,60,0.0,0.8,53,exact,138439.050275
n60_graph0,60,0.0,0.8,54,asym,180181.004324
n60_graph0,60,0.0,0.8,54,exact,180180.829245
n60_graph0,60,0.0,0.8,55,asym,234609.226472
n60_graph0,60,0.0,0.8,55,exact,234609.051393
n60_graph0,60,0.0,0.8,56,asym,305603.110279
n60_graph0,60,0.0,0.8,56,exact,305602.935200
n60_graph0,60,0.0,0.8,57,asym,398234.084368
n60_graph0,60,0.0,0.8,57,exact,398233.909289
n60_graph0,60,0.0,0.8,58,asym,519133.782751
n60_graph0,60,0.0,0.8,58,exact,519133.607671
n60_graph0,60,0.0,0.8,59,asym,676976.054750
n60_graph0,60,0.0,0.8,59,exact,676975.879671
n60_graph0,60,0.0,0.8,60,asym,883108.430688
n60_graph0,60,0.0,0.8,60,exact,883108.255609
n60_graph0,60,0.0,1,3,asym,81.116910
n60_graph0,60,0.0,1,3,exact,80.994959
n60_graph0,60,0.0,1,4,asym,81.696914
n60_graph0,60,0.0,1,4,exact,81.864964
n60_graph0,60,0.0,1,5,asym,82.426864
n60_graph0,60,0.0,1,5,exact,82.093074
n60_graph0,60,0.0,1,6,asym,83.377593
n60_graph0,60,0.0,1,6,exact,83.043802
n60_graph0,60,0.0,1,7,asym,84.644405
n60_graph0,60,0.0,1,7,exact,84.310615
n60_graph0,60,0.0,1,8,asym,86.360010
n60_graph0,60,0.0,1,8,exact,86.026219
n60_graph0,60,0.0,1,9,asym,88.711976
n60_graph0,60,0.0,1,9,exact,88.378185
n60_graph0,60,0.0,1,10,asym,91.967534
n60_graph0,60,0.0,1,10,exact,91.633744
n60_graph0,60,0.0,1,11,asym,96.509349
n60_graph0,60,0.0,1,11,exact,96.175559
n60_graph0,60,0.0,1,12,asym,102.887452
n60_graph0,60,0.0,1,12,exact,102.553661
n60_graph0,60,0.0,1,13,asym,111.894880
n60_graph0,60,0.0,1,13,exact,111.561090
n60_graph0,60,0.0,1,14,asym,124.678088
n60_graph0,60,0.0,1,14,exact,124.344298
n60_graph0,60,0.0,1,15,asym,142.898384
n60_graph0,60,0.0,1,15,exact,142.564593
n60_graph0,60,0.0,1,16,asym,168.968352
n60_graph0,60,0.0,1,16,exact,168.634561
n60_graph0,60,0.0,1,17,asym,206.398555
n60_graph0,60,0.0,1,17,exact,206.064764
n60_graph0,60,0.0,1,18,asym,260.306616
n60_graph0,60,0.0,1,18,exact,259.972825
n60_graph0,60,0.0,1,19,asym,338.165612
n60_graph0,60,0.0,1,19,exact,337.831822
n60_graph0,60,0.0,1,20,asym,450.905543
n60_graph0,60,0.0,1,20,exact,450.571752
n60_graph0,60,0.0,1,21,asym,614.536127
n60_graph0,60,0.0,1,21,exact,614.202336
n60_graph0,60,0.0,1,22,asym,852.540103
n60_graph0,60,0.0,1,22,exact,852.206313
n60_graph0,60,0.0,1,23,asym,1199.406187
n60_graph0,60,0.0,1,23,exact,1199.072396
n60_graph0,60,0.0,1,24,asym,1705.849049
n60_graph0,60,0.0,1,24,exact,1705.515259
n60_graph0,60,0.0,1,25,asym,2446.528459
n60_graph0,60,0.0,1,25,exact,2446.194668
n60_graph0,60,0.0,1,26,asym,3531.473286
n60_graph0,60,0.0,1,26,exact,3531.139495
n60_graph0,60,0.0,1,27,asym,5123.001525
n60_graph0,60,0.0,1,27,exact,5122.667734
n60_graph0,60,0.0,1,28,asym,7460.798670
n60_graph0,60,0.0,1,28,exact,7460.464880
n60_graph0,60,0.0,1,29,asym,10899.113981
n60_graph0,60,0.0,1,29,exact,10898.780190
n60_graph0,60,0.0,1,30,asym,15961.966434
n60_graph0,60,0.0,1,30,exact,15961.632644
n60_graph0,60,0.0,1,31,asym,23425.131984
n60_graph0,60,0.0,1,31,exact,23424.798193
n60_graph0,60,0.0,1,32,asym,34437.977406
n60_graph0,60,0.0,1,32,exact,34437.643616
n60_graph0,60,0.0,1,33,asym,50704.610676
n60_graph0,60,0.0,1,33,exact,50704.276886
n60_graph0,60,0.0,1,34,asym,74753.375043
n60_graph0,60,0.0,1,34,exact,74753.041252
n60_graph0,60,0.0,1,35,asym,110337.981403
n60_graph0,60,0.0,1,35,exact,110337.647613
n60_graph0,60,0.0,1,36,asym,163034.880594
n60_graph0,60,0.0,1,36,exact,163034.546804
n60_graph0,60,0.0,1,37,asym,241133.309001
n60_graph0,60,0.0,1,37,exact,241132.975210
n60_graph0,60,0.0,1,38,asym,356962.013084
n60_graph0,60,0.0,1,38,exact,356961.679293
n60_graph0,60,0.0,1,39,asym,528867.778895
n60_graph0,60,0.0,1,39,exact,528867.445104
n60_graph0,60,0.0,1,40,asym,784167.253045
n60_graph0,60,0.0,1,40,exact,784166.919255
n60_graph0,60,0.0,1,41,asym,1163552.654133
n60_graph0,60,0.0,1,41,exact,1163552.320342
n60_graph0,60,0.0,1,42,asym,1727670.075782
n60_graph0,60,0.0,1,42,exact,1727669.741991
n60_graph0,60,0.0,1,43,asym,2566945.494484
n60_graph0,60,0.0,1,43,exact,2566945.160694
n60_graph0,60,0.0,1,44,asym,3816267.258636
n60_graph0,60,0.0,1,44,exact,3816266.924846
n60_graph0,60,0.0,1,45,asym,5676933.124611
n60_graph0,60,0.0,1,45,exact,5676932.790821
n60_graph0,60,0.0,1,46,asym,8449467.360078
n60_graph0,60,0.0,1,46,exact,8449467.026287
n60_graph0,60,0.0,1,47,asym,12582707.872051
n60_graph0,60,0.0,1,47,exact,12582707.538260
n60_graph0,60,0.0,1,48,asym,18747253.046346
n60_graph0,60,0.0,1,48,exact,18747252.712555
n60_graph0,60,0.0,1,49,asym,27945390.689792
n60_graph0,60,0.0,1,49,exact,27945390.356001
n60_graph0,60,0.0,1,50,asym,41675679.145377
n60_graph0,60,0.0,1,50,exact,41675678.811586
n60_graph0,60,0.0,1,51,asym,62179422.218814
n60_graph0,60,0.0,1,51,exact,62179421.885023
n60_graph0,60,0.0,1,52,asym,92809890.067531
n60_graph0,60,0.0,1,52,exact,92809889.733740
n60_graph0,60,0.0,1,53,asym,138585563.210366
n60_graph0,60,0.0,1,53,exact,138585562.876576
n60_graph0,60,0.0,1,54,asym,207019334.752180
n60_graph0,60,0.0,1,54,exact,207019334.418389
n60_graph0,60,0.0,1,55,asym,309361633.056154
n60_graph0,60,0.0,1,55,exact,309361632.722364
n60_graph0,60,0.0,1,56,asym,462464542.196066
n60_graph0,60,0.0,1,56,exact,462464541.862275
n60_graph0,60,0.0,1,57,asym,691577802.316437
n60_graph0,60,0.0,1,57,exact,691577801.982646
n60_graph0,60,0.0,1,58,asym,1034543507.577555
n60_graph0,60,0.0,1,58,exact,1034543507.243765
n60_graph0,60,0.0,1,59,asym,1548090609.436194
n60_graph0,60,0.0,1,59,exact,1548090609.102404
n60_graph0,60,0.0,1,60,asym,2317282413.189131
n60_graph0,60,0.0,1,60,exact,2317282412.855341
n60_graph0,60,0.0,1.3,3,asym,103.313110
n60_graph0,60,0.0,1.3,3,exact,103.148234
n60_graph0,60,0.0,1.3,4,asym,104.191433
n60_graph0,60,0.0,1.3,4,exact,104.465718
n60_graph0,60,0.0,1.3,5,asym,105.435483
n60_graph0,60,0.0,1.3,5,exact,104.854484
n60_graph0,60,0.0,1.3,6,asym,107.265901
n60_graph0,60,0.0,1.3,6,exact,106.684902
n60_graph0,60,0.0,1.3,7,asym,110.028909
n60_graph0,60,0.0,1.3,7,exact,109.447910
n60_graph0,60,0.0,1.3,8,asym,114.276481
n60_graph0,60,0.0,1.3,8,exact,113.695482
n60_graph0,60,0.0,1.3,9,asym,120.895556
n60_graph0,60,0.0,1.3,9,exact,120.314557
n60_graph0,60,0.0,1.3,10,asym,131.318548
n60_graph0,60,0.0,1.3,10,exact,130.737549
n60_graph0,60,0.0,1.3,11,asym,147.867772
n60_graph0,60,0.0,1.3,11,exact,147.286773
n60_graph0,60,0.0,1.3,12,asym,174.320485
n60_graph0,60,0.0,1.3,12,exact,173.739486
n60_graph0,60,0.0,1.3,13,asym,216.837783
n60_graph0,60,0.0,1.3,13,exact,216.256784
n60_graph0,60,0.0,1.3,14,asym,285.494485
n60_graph0,60,0.0,1.3,14,exact,284.913486
n60_graph0,60,0.0,1.3,15,asym,396.803063
n60_graph0,60,0.0,1.3,15,exact,396.222064
n60_graph0,60,0.0,1.3,16,asym,577.884073
n60_graph0,60,0.0,1.3,16,exact,577.303074
n60_graph0,60,0.0,1.3,17,asym,873.367258
n60_graph0,60,0.0,1.3,17,exact,872.786259
n60_graph0,60,0.0,1.3,18,asym,1356.827039
n60_graph0,60,0.0,1.3,18,exact,1356.246040
n60_graph0,60,0.0,1.3,19,asym,2149.756290
n60_graph0,60,0.0,1.3,19,exact,2149.175291
n60_graph0,60,0.0,1.3,20,asym,3453.086155
n60_graph0,60,0.0,1.3,20,exact,3452.505156
n60_graph0,60,0.0,1.3,21,asym,5599.608217
n60_graph0,60,0.0,1.3,21,exact,5599.027218
n60_graph0,60,0.0,1.3,22,asym,9141.255691
n60_graph0,60,0.0,1.3,22,exact,9140.674692
n60_graph0,60,0.0,1.3,23,asym,14994.574183
n60_graph0,60,0.0,1.3,23,exact,14993.993184
n60_graph0,60,0.0,1.3,24,asym,24683.414410
n60_graph0,60,0.0,1.3,24,exact,24682.833411
n60_graph0,60,0.0,1.3,25,asym,40744.200061
n60_graph0,60,0.0,1.3,25,exact,40743.619062
n60_graph0,60,0.0,1.3,26,asym,67403.275806
n60_graph0,60,0.0,1.3,26,exact,67402.694807
n60_graph0,60,0.0,1.3,27,asym,111709.951812
n60_graph0,60,0.0,1.3,27,exact,111709.370813
n60_graph0,60,0.0,1.3,28,asym,185433.340536
n60_graph0,60,0.0,1.3,28,exact,185432.759537
n60_graph0,60,0.0,1.3,29,asym,308240.287131
n60_graph0,60,0.0,1.3,29,exact,308239.706132
n60_graph0,60,0.0,1.3,30,asym,513023.499497
n60_graph0,60,0.0,1.3,30,exact,513022.918498
n60_graph0,60,0.0,1.3,31,asym,854840.916341
n60_graph0,60,0.0,1.3,31,exact,854840.335342
n60_graph0,60,0.0,1.3,32,asym,1425923.845185
n60_graph0,60,0.0,1.3,32,exact,1425923.264186
n60_graph0,60,0.0,1.3,33,asym,2380889.818676
n60_graph0,60,0.0,1.3,33,exact,2380889.237677
n60_graph0,60,0.0,1.3,34,asym,3979124.504024
n60_graph0,60,0.0,1.3,34,exact,3979123.923025
n60_graph0,60,0.0,1.3,35,asym,6656065.516416
n60_graph0,60,0.0,1.3,35,exact,6656064.935417
n60_graph0,60,0.0,1.3,36,asym,11143164.120006
n60_graph0,60,0.0,1.3,36,exact,11143163.539007
n60_graph0,60,0.0,1.3,37,asym,18669873.217070
n60_graph0,60,0.0,1.3,37,exact,18669872.636071
n60_graph0,60,0.0,1.3,38,asym,31303922.499075
n60_graph0,60,0.0,1.3,38,exact,31303921.918076
n60_graph0,60,0.0,1.3,39,asym,52524837.340136
n60_graph0,60,0.0,1.3,39,exact,52524836.759137
n60_graph0,60,0.0,1.3,40,asym,88191034.744373
n60_graph0,60,0.0,1.3,40,exact,88191034.163374
n60_graph0,60,0.0,1.3,41,asym,148171325.799255
n60_graph0,60,0.0,1.3,41,exact,148171325.218256
n60_graph0,60,0.0,1.3,42,asym,249098476.380325
n60_graph0,60,0.0,1.3,42,exact,249098475.799326
n60_graph0,60,0.0,1.3,43,asym,419018459.926957
n60_graph0,60,0.0,1.3,43,exact,419018459.345958
n60_graph0,60,0.0,1.3,44,asym,705243653.514269
n60_graph0,60,0.0,1.3,44,exact,705243652.933270
n60_graph0,60,0.0,1.3,45,asym,1187623055.632684
n60_graph0,60,0.0,1.3,45,exact,1187623055.051685
n60_graph0,60,0.0,1.3,46,asym,2000974486.115016
n60_graph0,60,0.0,1.3,46,exact,2000974485.534016
n60_graph0,60,0.0,1.3,47,asym,3373018013.109346
n60_graph0,60,0.0,1.3,47,exact,3373018012.528347
n60_graph0,60,0.0,1.3,48,asym,5688544642.011749
n60_graph0,60,0.0,1.3,48,exact,5688544641.430751
n60_graph0,60,0.0,1.3,49,asym,9598001326.008368
n60_graph0,60,0.0,1.3,49,exact,9598001325.427368
n60_graph0,60,0.0,1.3,50,asym,16201295923.946108
n60_graph0,60,0.0,1.3,50,exact,16201295923.365108
n60_graph0,60,0.0,1.3,51,asym,27359026478.231129
n60_graph0,60,0.0,1.3,51,exact,27359026477.650131
n60_graph0,60,0.0,1.3,52,asym,46219632199.583267
n60_graph0,60,0.0,1.3,52,exact,46219632199.002266
n60_graph0,60,0.0,1.3,53,asym,78112527502.869217
n60_graph0,60,0.0,1.3,53,exact,78112527502.288208
n60_graph0,60,0.0,1.3,54,asym,132061737093.545746
n60_graph0,60,0.0,1.3,54,exact,132061737092.964737
n60_graph0,60,0.0,1.3,55,asym,223351825575.719452
n60_graph0,60,0.0,1.3,55,exact,223351825575.138458
n60_graph0,60,0.0,1.3,56,asym,377878842024.182556
n60_graph0,60,0.0,1.3,56,exact,377878842023.601501
n60_graph0,60,0.0,1.3,57,asym,639529940808.887573
n60_graph0,60,0.0,1.3,57,exact,639529940808.306519
n60_graph0,60,0.0,1.3,58,asym,1082703049568.761597
n60_graph0,60,0.0,1.3,58,exact,1082703049568.180542
n60_graph0,60,0.0,1.3,59,asym,1833551861313.282959
n60_graph0,60,0.0,1.3,59,exact,1833551861312.701904
n60_graph0,60,0.0,1.3,60,asym,3106045542740.195312
n60_graph0,60,0.0,1.3,60,exact,3106045542739.614258
n60_graph0,60,0.0,1.8,3,asym,144.451074
n60_graph0,60,0.0,1.8,3,exact,144.246236
n60_graph0,60,0.0,1.8,4,asym,145.630652
n60_graph0,60,0.0,1.8,4,exact,146.015603
n60_graph0,60,0.0,1.8,5,asym,147.441220
n60_graph0,60,0.0,1.8,5,exact,146.581405
n60_graph0,60,0.0,1.8,6,asym,150.334817
n60_graph0,60,0.0,1.8,6,exact,149.475002
n60_graph0,60,0.0,1.8,7,asym,155.089317
n60_graph0,60,0.0,1.8,7,exact,154.229502
n60_graph0,60,0.0,1.8,8,asym,163.060798
n60_graph0,60,0.0,1.8,8,exact,162.200983
n60_graph0,60,0.0,1.8,9,asym,176.632325
n60_graph0,60,0.0,1.8,9,exact,175.772511
n60_graph0,60,0.0,1.8,10,asym,200.017101
n60_graph0,60,0.0,1.8,10,exact,199.157287
n60_graph0,60,0.0,1.8,11,asym,240.701326
n60_graph0,60,0.0,1.8,11,exact,239.841511
n60_graph0,60,0.0,1.8,12,asym,312.044170
n60_graph0,60,0.0,1.8,12,exact,311.184355
n60_graph0,60,0.0,1.8,13,asym,437.975176
n60_graph0,60,0.0,1.8,13,exact,437.115361
n60_graph0,60,0.0,1.8,14,asym,661.501080
n60_graph0,60,0.0,1.8,14,exact,660.641265
n60_graph0,60,0.0,1.8,15,asym,1060.144102
n60_graph0,60,0.0,1.8,15,exact,1059.284287
n60_graph0,60,0.0,1.8,16,asym,1774.013636
n60_graph0,60,0.0,1.8,16,exact,1773.153821
n60_graph0,60,0.0,1.8,17,asym,3056.939163
n60_graph0,60,0.0,1.8,17,exact,3056.079348
n60_graph0,60,0.0,1.8,18,asym,5369.759110
n60_graph0,60,0.0,1.8,18,exact,5368.899296
n60_graph0,60,0.0,1.8,19,asym,9550.771213
n60_graph0,60,0.0,1.8,19,exact,9549.911399
n60_graph0,60,0.0,1.8,20,asym,17127.587893
n60_graph0,60,0.0,1.8,20,exact,17126.728078
n60_graph0,60,0.0,1.8,21,asym,30888.416920
n60_graph0,60,0.0,1.8,21,exact,30887.557105
n60_graph0,60,0.0,1.8,22,asym,55929.782037
n60_graph0,60,0.0,1.8,22,exact,55928.922222
n60_graph0,60,0.0,1.8,23,asym,101580.075952
n60_graph0,60,0.0,1.8,23,exact,101579.216138
n60_graph0,60,0.0,1.8,24,asym,184934.583741
n60_graph0,60,0.0,1.8,24,exact,184933.723926
n60_graph0,60,0.0,1.8,25,asym,337357.977551
n60_graph0,60,0.0,1.8,25,exact,337357.117736
n60_graph0,60,0.0,1.8,26,asym,616455.589575
n60_graph0,60,0.0,1.8,26,exact,616454.729761
n60_graph0,60,0.0,1.8,27,asym,1128130.536850
n60_graph0,60,0.0,1.8,27,exact,1128129.677035
n60_graph0,60,0.0,1.8,28,asym,2067254.607198
n60_graph0,60,0.0,1.8,28,exact,2067253.747383
n60_graph0,60,0.0,1.8,29,asym,3792713.731997
n60_graph0,60,0.0,1.8,29,exact,3792712.872182
n60_graph0,60,0.0,1.8,30,asym,6965972.900339
n60_graph0,60,0.0,1.8,30,exact,6965972.040525
n60_graph0,60,0.0,1.8,31,asym,12807084.060820
n60_graph0,60,0.0,1.8,31,exact,12807083.201006
n60_graph0,60,0.0,1.8,32,asym,23567956.825391
n60_graph0,60,0.0,1.8,32,exact,23567955.965576
n60_graph0,60,0.0,1.8,33,asym,43407761.748471
n60_graph0,60,0.0,1.8,33,exact,43407760.888656
n60_graph0,60,0.0,1.8,34,asym,80013009.754196
n60_graph0,60,0.0,1.8,34,exact,80013008.894382
n60_graph0,60,0.0,1.8,35,asym,147597283.547586
n60_graph0,60,0.0,1.8,35,exact,147597282.687771
n60_graph0,60,0.0,1.8,36,asym,272458176.614705
n60_graph0,60,0.0,1.8,36,exact,272458175.754890
n60_graph0,60,0.0,1.8,37,asym,503276083.024638
n60_graph0,60,0.0,1.8,37,exact,503276082.164824
n60_graph0,60,0.0,1.8,38,asym,930209429.263229
n60_graph0,60,0.0,1.8,38,exact,930209428.403415
n60_graph0,60,0.0,1.8,39,asym,1720314254.380104
n60_graph0,60,0.0,1.8,39,exact,1720314253.520289
n60_graph0,60,0.0,1.8,40,asym,3183269693.659185
n60_graph0,60,0.0,1.8,40,exact,3183269692.799370
n60_graph0,60,0.0,1.8,41,asym,5893386122.226107
n60_graph0,60,0.0,1.8,41,exact,5893386121.366291
n60_graph0,60,0.0,1.8,42,asym,10916174809.621883
n60_graph0,60,0.0,1.8,42,exact,10916174808.762068
n60_graph0,60,0.0,1.8,43,asym,20229235656.570255
n60_graph0,60,0.0,1.8,43,exact,20229235655.710442
n60_graph0,60,0.0,1.8,44,asym,37504382866.586884
n60_graph0,60,0.0,1.8,44,exact,37504382865.727074
n60_graph0,60,0.0,1.8,45,asym,69561519937.779129
n60_graph0,60,0.0,1.8,45,exact,69561519936.919327
n60_graph0,60,0.0,1.8,46,asym,129072054643.007675
n60_graph0,60,0.0,1.8,46,exact,129072054642.147873
n60_graph0,60,0.0,1.8,47,asym,239587285835.209534
n60_graph0,60,0.0,1.8,47,exact,239587285834.349731
n60_graph0,60,0.0,1.8,48,asym,444893977354.592957
n60_graph0,60,0.0,1.8,48,exact,444893977353.733154
n60_graph0,60,0.0,1.8,49,asym,826425759653.302124
n60_graph0,60,0.0,1.8,49,exact,826425759652.442261
n60_graph0,60,0.0,1.8,50,asym,1535675782272.651855
n60_graph0,60,0.0,1.8,50,exact,1535675782271.791992
n60_graph0,60,0.0,1.8,51,asym,2854551146953.415039
n60_graph0,60,0.0,1.8,51,exact,2854551146952.555664
n60_graph0,60,0.0,1.8,52,asym,5307785243312.127930
n60_graph0,60,0.0,1.8,52,exact,5307785243311.268555
n60_graph0,60,0.0,1.8,53,asym,9872361331879.513672
n60_graph0,60,0.0,1.8,53,exact,9872361331878.654297
n60_graph0,60,0.0,1.8,54,asym,18367760662806.292969
n60_graph0,60,0.0,1.8,54,exact,18367760662805.433594
n60_graph0,60,0.0,1.8,55,asym,34183334566890.476562
n60_graph0,60,0.0,1.8,55,exact,34183334566889.617188
n60_graph0,60,0.0,1.8,56,asym,63634337108780.343750
n60_graph0,60,0.0,1.8,56,exact,63634337108779.484375
n60_graph0,60,0.0,1.8,57,asym,118490516256937.218750
n60_graph0,60,0.0,1.8,57,exact,118490516256936.359375
n60_graph0,60,0.0,1.8,58,asym,220692175047901.625000
n60_graph0,60,0.0,1.8,58,exact,220692175047900.750000
n60_graph0,60,0.0,1.8,59,asym,411147890687422.250000
n60_graph0,60,0.0,1.8,59,exact,411147890687421.375000
n60_graph0,60,0.0,1.8,60,asym,766149791915176.125000
n60_graph0,60,0.0,1.8,60,exact,766149791915175.375000
n60_graph0,60,0.0,2.5,3,asym,205.707482
n60_graph0,60,0.0,2.5,3,exact,205.483103
n60_graph0,60,0.0,2.5,4,asym,207.040599
n60_graph0,60,0.0,2.5,4,exact,207.482778
n60_graph0,60,0.0,2.5,5,asym,209.152677
n60_graph0,60,0.0,2.5,5,exact,208.142802
n60_graph0,60,0.0,2.5,6,asym,212.638201
n60_graph0,60,0.0,2.5,6,exact,211.628327
n60_graph0,60,0.0,2.5,7,asym,218.554478
n60_graph0,60,0.0,2.5,7,exact,217.544603
n60_graph0,60,0.0,2.5,8,asym,228.805597
n60_graph0,60,0.0,2.5,8,exact,227.795722
n60_graph0,60,0.0,2.5,9,asym,246.849113
n60_graph0,60,0.0,2.5,9,exact,245.839238
n60_graph0,60,0.0,2.5,10,asym,279.004507
n60_graph0,60,0.0,2.5,10,exact,277.994633
n60_graph0,60,0.0,2.5,11,asym,336.885912
n60_graph0,60,0.0,2.5,11,exact,335.876038
n60_graph0,60,0.0,2.5,12,asym,441.940791
n60_graph0,60,0.0,2.5,12,exact,440.930917
n60_graph0,60,0.0,2.5,13,asym,633.943645
n60_graph0,60,0.0,2.5,13,exact,632.933771
n60_graph0,60,0.0,2.5,14,asym,986.935310
n60_graph0,60,0.0,2.5,14,exact,985.925436
n60_graph0,60,0.0,2.5,15,asym,1639.210116
n60_graph0,60,0.0,2.5,15,exact,1638.200241
n60_graph0,60,0.0,2.5,16,asym,2849.861849
n60_graph0,60,0.0,2.5,16,exact,2848.851974
n60_graph0,60,0.0,2.5,17,asym,5105.636180
n60_graph0,60,0.0,2.5,17,exact,5104.626306
n60_graph0,60,0.0,2.5,18,asym,9323.237126
n60_graph0,60,0.0,2.5,18,exact,9322.227252
n60_graph0,60,0.0,2.5,19,asym,17233.044591
n60_graph0,60,0.0,2.5,19,exact,17232.034716
n60_graph0,60,0.0,2.5,20,asym,32108.120412
n60_graph0,60,0.0,2.5,20,exact,32107.110537
n60_graph0,60,0.0,2.5,21,asym,60151.332345
n60_graph0,60,0.0,2.5,21,exact,60150.322471
n60_graph0,60,0.0,2.5,22,asym,113138.471813
n60_graph0,60,0.0,2.5,22,exact,113137.461938
n60_graph0,60,0.0,2.5,23,asym,213461.288001
n60_graph0,60,0.0,2.5,23,exact,213460.278127
n60_graph0,60,0.0,2.5,24,asym,403761.399032
n60_graph0,60,0.0,2.5,24,exact,403760.389158
n60_graph0,60,0.0,2.5,25,asym,765355.546818
n60_graph0,60,0.0,2.5,25,exact,765354.536943
n60_graph0,60,0.0,2.5,26,asym,1453512.666082
n60_graph0,60,0.0,2.5,26,exact,1453511.656207
n60_graph0,60,0.0,2.5,27,asym,2765063.806970
n60_graph0,60,0.0,2.5,27,exact,2765062.797096
n60_graph0,60,0.0,2.5,28,asym,5268102.346792
n60_graph0,60,0.0,2.5,28,exact,5268101.336918
n60_graph0,60,0.0,2.5,29,asym,10051018.097524
n60_graph0,60,0.0,2.5,29,exact,10051017.087649
n60_graph0,60,0.0,2.5,30,asym,19201064.017853
n60_graph0,60,0.0,2.5,30,exact,19201063.007979
n60_graph0,60,0.0,2.5,31,asym,36724744.450146
n60_graph0,60,0.0,2.5,31,exact,36724743.440271
n60_graph0,60,0.0,2.5,32,asym,70319251.572748
n60_graph0,60,0.0,2.5,32,exact,70319250.562874
n60_graph0,60,0.0,2.5,33,asym,134784304.364851
n60_graph0,60,0.0,2.5,33,exact,134784303.354977
n60_graph0,60,0.0,2.5,34,asym,258597874.505781
n60_graph0,60,0.0,2.5,34,exact,258597873.495906
n60_graph0,60,0.0,2.5,35,asym,496597846.173334
n60_graph0,60,0.0,2.5,35,exact,496597845.163459
n60_graph0,60,0.0,2.5,36,asym,954454146.717619
n60_graph0,60,0.0,2.5,36,exact,954454145.707744
n60_graph0,60,0.0,2.5,37,asym,1835920486.451046
n60_graph0,60,0.0,2.5,37,exact,1835920485.441171
n60_graph0,60,0.0,2.5,38,asym,3534119922.190314
n60_graph0,60,0.0,2.5,38,exact,3534119921.180440
n60_graph0,60,0.0,2.5,39,asym,6807991511.929619
n60_graph0,60,0.0,2.5,39,exact,6807991510.919744
n60_graph0,60,0.0,2.5,40,asym,13123515662.216434
n60_graph0,60,0.0,2.5,40,exact,13123515661.206560
n60_graph0,60,0.0,2.5,41,asym,25313914624.100754
n60_graph0,60,0.0,2.5,41,exact,25313914623.090881
n60_graph0,60,0.0,2.5,42,asym,48857584995.618515
n60_graph0,60,0.0,2.5,42,exact,48857584994.608643
n60_graph0,60,0.0,2.5,43,asym,94352833682.906494
n60_graph0,60,0.0,2.5,43,exact,94352833681.896606
n60_graph0,60,0.0,2.5,44,asym,182312237543.805359
n60_graph0,60,0.0,2.5,44,exact,182312237542.795471
n60_graph0,60,0.0,2.5,45,asym,352454564726.790527
n60_graph0,60,0.0,2.5,45,exact,352454564725.780640
n60_graph0,60,0.0,2.5,46,asym,681720280225.098022
n60_graph0,60,0.0,2.5,46,exact,681720280224.088135
n60_graph0,60,0.0,2.5,47,asym,1319213456584.630859
n60_graph0,60,0.0,2.5,47,exact,1319213456583.621094
n60_graph0,60,0.0,2.5,48,asym,2553997099116.663086
n60_graph0,60,0.0,2.5,48,exact,2553997099115.653320
n60_graph0,60,0.0,2.5,49,asym,4946676133514.110352
n60_graph0,60,0.0,2.5,49,exact,4946676133513.100586
n60_graph0,60,0.0,2.5,50,asym,9584868022410.052734
n60_graph0,60,0.0,2.5,50,exact,9584868022409.042969
n60_graph0,60,0.0,2.5,51,asym,18579358503078.906250
n60_graph0,60,0.0,2.5,51,exact,18579358503077.894531
n60_graph0,60,0.0,2.5,52,asym,36027987969057.093750
n60_graph0,60,0.0,2.5,52,exact,36027987969056.078125
n60_graph0,60,0.0,2.5,53,asym,69888745660844.296875
n60_graph0,60,0.0,2.5,53,exact,69888745660843.281250
n60_graph0,60,0.0,2.5,54,asym,135620720093943.000000
n60_graph0,60,0.0,2.5,54,exact,135620720093942.000000
n60_graph0,60,0.0,2.5,55,asym,263263344236722.250000
n60_graph0,60,0.0,2.5,55,exact,263263344236721.250000
n60_graph0,60,0.0,2.5,56,asym,511204433597352.875000
n60_graph0,60,0.0,2.5,56,exact,511204433597351.875000
n60_graph0,60,0.0,2.5,57,asym,992963614317593.000000
n60_graph0,60,0.0,2.5,57,exact,992963614317592.000000
n60_graph0,60,0.0,2.5,58,asym,1929307658684974.250000
n60_graph0,60,0.0,2.5,58,exact,1929307658684973.250000
n60_graph0,60,0.0,2.5,59,asym,3749680533853153.500000
n60_graph0,60,0.0,2.5,59,exact,3749680533853152.500000
n60_graph0,60,0.0,2.5,60,asym,7289657462009063.000000
n60_graph0,60,0.0,2.5,60,exact,7289657462009062.000000
n60_graph0,60,0.0,5,3,asym,430.133685
n60_graph0,60,0.0,5,3,exact,429.902681
n60_graph0,60,0.0,5,4,asym,431.519616
n60_graph0,60,0.0,5,4,exact,431.981578
n60_graph0,60,0.0,5,5,asym,433.736961
n60_graph0,60,0.0,5,5,exact,432.674498
n60_graph0,60,0.0,5,6,asym,437.432293
n60_graph0,60,0.0,5,6,exact,436.369831
n60_graph0,60,0.0,5,7,asym,443.766734
n60_graph0,60,0.0,5,7,exact,442.704271
n60_graph0,60,0.0,5,8,asym,454.851279
n60_graph0,60,0.0,5,8,exact,453.788816
n60_graph0,60,0.0,5,9,asym,474.555845
n60_graph0,60,0.0,5,9,exact,473.493383
n60_graph0,60,0.0,5,10,asym,510.021741
n60_graph0,60,0.0,5,10,exact,508.959279
n60_graph0,60,0.0,5,11,asym,574.500964
n60_graph0,60,0.0,5,11,exact,573.438502
n60_graph0,60,0.0,5,12,asym,692.705130
n60_graph0,60,0.0,5,12,exact,691.642667
n60_graph0,60,0.0,5,13,asym,910.913907
n60_graph0,60,0.0,5,13,exact,909.851445
n60_graph0,60,0.0,5,14,asym,1316.132231
n60_graph0,60,0.0,5,14,exact,1315.069768
n60_graph0,60,0.0,5,15,asym,2072.490212
n60_graph0,60,0.0,5,15,exact,2071.427750
n60_graph0,60,0.0,5,16,asym,3490.568513
n60_graph0,60,0.0,5,16,exact,3489.506051
n60_graph0,60,0.0,5,17,asym,6159.717486
n60_graph0,60,0.0,5,17,exact,6158.655024
n60_graph0,60,0.0,5,18,asym,11201.112994
n60_graph0,60,0.0,5,18,exact,11200.050532
n60_graph0,60,0.0,5,19,asym,20752.604940
n60_graph0,60,0.0,5,19,exact,20751.542477
n60_graph0,60,0.0,5,20,asym,38899.250558
n60_graph0,60,0.0,5,20,exact,38898.188095
n60_graph0,60,0.0,5,21,asym,73462.025022
n60_graph0,60,0.0,5,21,exact,73460.962559
n60_graph0,60,0.0,5,22,asym,139441.180017
n60_graph0,60,0.0,5,22,exact,139440.117554
n60_graph0,60,0.0,5,23,asym,265653.901459
n60_graph0,60,0.0,5,23,exact,265652.838997
n60_graph0,60,0.0,5,24,asym,507545.766062
n60_graph0,60,0.0,5,24,exact,507544.703599
n60_graph0,60,0.0,5,25,asym,971947.712610
n60_graph0,60,0.0,5,25,exact,971946.650148
n60_graph0,60,0.0,5,26,asym,1864969.855770
n60_graph0,60,0.0,5,26,exact,1864968.793308
n60_graph0,60,0.0,5,27,asym,3584751.647331
n60_graph0,60,0.0,5,27,exact,3584750.584868
n60_graph0,60,0.0,5,28,asym,6901256.321493
n60_graph0,60,0.0,5,28,exact,6901255.259030
n60_graph0,60,0.0,5,29,asym,13305121.513592
n60_graph0,60,0.0,5,29,exact,13305120.451130
n60_graph0,60,0.0,5,30,asym,25685116.176390
n60_graph0,60,0.0,5,30,exact,25685115.113928
n60_graph0,60,0.0,5,31,asym,49644825.836564
n60_graph0,60,0.0,5,31,exact,49644824.774102
n60_graph0,60,0.0,5,32,asym,96063720.922567
n60_graph0,60,0.0,5,32,exact,96063719.860105
n60_graph0,60,0.0,5,33,asym,186082344.619518
n60_graph0,60,0.0,5,33,exact,186082343.557055
n60_graph0,60,0.0,5,34,asym,360812926.228171
n60_graph0,60,0.0,5,34,exact,360812925.165709
n60_graph0,60,0.0,5,35,asym,700267234.976448
n60_graph0,60,0.0,5,35,exact,700267233.913985
n60_graph0,60,0.0,5,36,asym,1360274018.220958
n60_graph0,60,0.0,5,36,exact,1360274017.158495
n60_graph0,60,0.0,5,37,asym,2644527361.574790
n60_graph0,60,0.0,5,37,exact,2644527360.512328
n60_graph0,60,0.0,5,38,asym,5145277843.481096
n60_graph0,60,0.0,5,38,exact,5145277842.418633
n60_graph0,60,0.0,5,39,asym,10018215766.556877
n60_graph0,60,0.0,5,39,exact,10018215765.494413
n60_graph0,60,0.0,5,40,asym,19519821863.636642
n60_graph0,60,0.0,5,40,exact,19519821862.574177
n60_graph0,60,0.0,5,41,asym,38058325809.958481
n60_graph0,60,0.0,5,41,exact,38058325808.896019
n60_graph0,60,0.0,5,42,asym,74250175243.209167
n60_graph0,60,0.0,5,42,exact,74250175242.146713
n60_graph0,60,0.0,5,43,asym,144945897723.542908
n60_graph0,60,0.0,5,43,exact,144945897722.480438
n60_graph0,60,0.0,5,44,asym,283114842722.663757
n60_graph0,60,0.0,5,44,exact,283114842721.601257
n60_graph0,60,0.0,5,45,asym,553294178044.617554
n60_graph0,60,0.0,5,45,exact,553294178043.555054
n60_graph0,60,0.0,5,46,asym,1081871267406.062988
n60_graph0,60,0.0,5,46,exact,1081871267405.000488
n60_graph0,60,0.0,5,47,asym,2116464974418.711182
n60_graph0,60,0.0,5,47,exact,2116464974417.648682
n60_graph0,60,0.0,5,48,asym,4142411490376.047363
n60_graph0,60,0.0,5,48,exact,4142411490374.984863
n60_graph0,60,0.0,5,49,asym,8111352607224.846680
n60_graph0,60,0.0,5,49,exact,8111352607223.784180
n60_graph0,60,0.0,5,50,asym,15889967187202.376953
n60_graph0,60,0.0,5,50,exact,15889967187201.314453
n60_graph0,60,0.0,5,51,asym,31141152665903.996094
n60_graph0,60,0.0,5,51,exact,31141152665902.933594
n60_graph0,60,0.0,5,52,asym,61054978171690.617188
n60_graph0,60,0.0,5,52,exact,61054978171689.554688
n60_graph0,60,0.0,5,53,asym,119749956979823.546875
n60_graph0,60,0.0,5,53,exact,119749956979822.484375
n60_graph0,60,0.0,5,54,asym,234958472177706.531250
n60_graph0,60,0.0,5,54,exact,234958472177705.468750
n60_graph0,60,0.0,5,55,asym,461171268769502.062500
n60_graph0,60,0.0,5,55,exact,461171268769501.000000
n60_graph0,60,0.0,5,56,asym,905488698085800.750000
n60_graph0,60,0.0,5,56,exact,905488698085799.750000
n60_graph0,60,0.0,5,57,asym,1778476225545041.000000
n60_graph0,60,0.0,5,57,exact,1778476225545040.000000
n60_graph0,60,0.0,5,58,asym,3494235749526031.000000
n60_graph0,60,0.0,5,58,exact,3494235749526030.000000
n60_graph0,60,0.0,5,59,asym,6867372256254267.000000
n60_graph0,60,0.0,5,59,exact,6867372256254265.000000
n60_graph0,60,0.0,5,60,asym,13500772376461594.000000
n60_graph0,60,0.0,5,60,exact,13500772376461590.000000
n60_graph1,60,0.0,0.1,3,asym,42.039402
n60_graph1,60,0.0,0.1,3,exact,42.039072
n60_graph1,60,0.0,0.1,4,asym,42.039600
n60_graph1,60,0.0,0.1,4,exact,42.039270
n60_graph1,60,0.0,0.1,5,asym,42.039631
n60_graph1,60,0.0,0.1,5,exact,42.039309
n60_graph1,60,0.0,0.1,6,asym,42.039636
n60_graph1,60,0.0,0.1,6,exact,42.039314
n60_graph1,60,0.0,0.1,7,asym,42.039637
n60_graph1,60,0.0,0.1,7,exact,42.039315
n60_graph1,60,0.0,0.1,8,asym,42.039637
n60_graph1,60,0.0,0.1,8,exact,42.039315
n60_graph1,60,0.0,0.1,9,asym,42.039637
n60_graph1,60,0.0,0.1,9,exact,42.039315
n60_graph1,60,0.0,0.1,10,asym,42.039637
n60_graph1,60,0.0,0.1,10,exact,42.039315
n60_graph1,60,0.0,0.1,11,asym,42.039637
n60_graph1,60,0.0,0.1,11,exact,42.039315
n60_graph1,60,0.0,0.1,12,asym,42.039637
n60_graph1,60,0.0,0.1,12,exact,42.039315
n60_graph1,60,0.0,0.1,13,asym,42.039637
n60_graph1,60,0.0,0.1,13,exact,42.039315
n60_graph1,60,0.0,0.1,14,asym,42.039637
n60_graph1,60,0.0,0.1,14,exact,42.039315
n60_graph1,60,0.0,0.1,15,asym,42.039637
n60_graph1,60,0.0,0.1,15,exact,42.039315
n60_graph1,60,0.0,0.1,16,asym,42.039637
n60_graph1,60,0.0,0.1,16,exact,42.039315
n60_graph1,60,0.0,0.1,17,asym,42.039637
n60_graph1,60,0.0,0.1,17,exact,42.039315
n60_graph1,60,0.0,0.1,18,asym,42.039637
n60_graph1,60,0.0,0.1,18,exact,42.039315
n60_graph1,60,0.0,0.1,19,asym,42.039637
n60_graph1,60,0.0,0.1,19,exact,42.039315
n60_graph1,60,0.0,0.1,20,asym,42.039637
n60_graph1,60,0.0,0.1,20,exact,42.039315
n60_graph1,60,0.0,0.1,21,asym,42.039637
n60_graph1,60,0.0,0.1,21,exact,42.039315
n60_graph1,60,0.0,0.1,22,asym,42.039637
n60_graph1,60,0.0,0.1,22,exact,42.039315
n60_graph1,60,0.0,0.1,23,asym,42.039637
n60_graph1,60,0.0,0.1,23,exact,42.039315
n60_graph1,60,0.0,0.1,24,asym,42.039637
n60_graph1,60,0.0,0.1,24,exact,42.039315
n60_graph1,60,0.0,0.1,25,asym,42.039637
n60_graph1,60,0.0,0.1,25,exact,42.039315
n60_graph1,60,0.0,0.1,26,asym,42.039637
n60_graph1,60,0.0,0.1,26,exact,42.039315
n60_graph1,60,0.0,0.1,27,asym,42.039637
n60_graph1,60,0.0,0.1,27,exact,42.039315
n60_graph1,60,0.0,0.1,28,asym,42.039637
n60_graph1,60,0.0,0.1,28,exact,42.039315
n60_graph1,60,0.0,0.1,29,asym,42.039637
n60_graph1,60,0.0,0.1,29,exact,42.039315
n60_graph1,60,0.0,0.1,30,asym,42.039637
n60_graph1,60,0.0,0.1,30,exact,42.039315
n60_graph1,60,0.0,0.1,31,asym,42.039637
n60_graph1,60,0.0,0.1,31,exact,42.039315
n60_graph1,60,0.0,0.1,32,asym,42.039637
n60_graph1,60,0.0,0.1,32,exact,42.039315
n60_graph1,60,0.0,0.1,33,asym,42.039637
n60_graph1,60,0.0,0.1,33,exact,42.039315
n60_graph1,60,0.0,0.1,34,asym,42.039637
n60_graph1,60,0.0,0.1,34,exact,42.039315
n60_graph1,60,0.0,0.1,35,asym,42.039637
n60_graph1,60,0.0,0.1,35,exact,42.039315
n60_graph1,60,0.0,0.1,36,asym,42.039637
n60_graph1,60,0.0,0.1,36,exact,42.039315
n60_graph1,60,0.0,0.1,37,asym,42.039637
n60_graph1,60,0.0,0.1,37,exact,42.039315
n60_graph1,60,0.0,0.1,38,asym,42.039637
n60_graph1,60,0.0,0.1,38,exact,42.039315
n60_graph1,60,0.0,0.1,39,asym,42.039637
n60_graph1,60,0.0,0.1,39,exact,42.039315
n60_graph1,60,0.0,0.1,40,asym,42.039637
n60_graph1,60,0.0,0.1,40,exact,42.039315
n60_graph1,60,0.0,0.1,41,asym,42.039637
n60_graph1,60,0.0,0.1,41,exact,42.039315
n60_graph1,60,0.0,0.1,42,asym,42.039637
n60_graph1,60,0.0,0.1,42,exact,42.039315
n60_graph1,60,0.0,0.1,43,asym,42.039637
n60_graph1,60,0.0,0.1,43,exact,42.039315
n60_graph1,60,0.0,0.1,44,asym,42.039637
n60_graph1,60,0.0,0.1,44,exact,42.039315
n60_graph1,60,0.0,0.1,45,asym,42.039637
n60_graph1,60,0.0,0.1,45,exact,42.039315
n60_graph1,60,0.0,0.1,46,asym,42.039637
n60_graph1,60,0.0,0.1,46,exact,42.039315
n60_graph1,60,0.0,0.1,47,asym,42.039637
n60_graph1,60,0.0,0.1,47,exact,42.039315
n60_graph1,60,0.0,0.1,48,asym,42.039637
n60_graph1,60,0.0,0.1,48,exact,42.039315
n60_graph1,60,0.0,0.1,49,asym,42.039637
n60_graph1,60,0.0,0.1,49,exact,42.039315
n60_graph1,60,0.0,0.1,50,asym,42.039637
n60_graph1,60,0.0,0.1,50,exact,42.039315
n60_graph1,60,0.0,0.1,51,asym,42.039637
n60_graph1,60,0.0,0.1,51,exact,42.039315
n60_graph1,60,0.0,0.1,52,asym,42.039637
n60_graph1,60,0.0,0.1,52,exact,42.039315
n60_graph1,60,0.0,0.1,53,asym,42.039637
n60_graph1,60,0.0,0.1,53,exact,42.039315
n60_graph1,60,0.0,0.1,54,asym,42.039637
n60_graph1,60,0.0,0.1,54,exact,42.039315
n60_graph1,60,0.0,0.1,55,asym,42.039637
n60_graph1,60,0.0,0.1,55,exact,42.039315
n60_graph1,60,0.0,0.1,56,asym,42.039637
n60_graph1,60,0.0,0.1,56,exact,42.039315
n60_graph1,60,0.0,0.1,57,asym,42.039637
n60_graph1,60,0.0,0.1,57,exact,42.039315
n60_graph1,60,0.0,0.1,58,asym,42.039637
n60_graph1,60,0.0,0.1,58,exact,42.039315
n60_graph1,60,0.0,0.1,59,asym,42.039637
n60_graph1,60,0.0,0.1,59,exact,42.039315
n60_graph1,60,0.0,0.1,60,asym,42.039637
n60_graph1,60,0.0,0.1,60,exact,42.039315
n60_graph1,60,0.0,0.2,3,asym,43.387170
n60_graph1,60,0.0,0.2,3,exact,43.384617
n60_graph1,60,0.0,0.2,4,asym,43.390203
n60_graph1,60,0.0,0.2,4,exact,43.387650
n60_graph1,60,0.0,0.2,5,asym,43.391162
n60_graph1,60,0.0,0.2,5,exact,43.388848
n60_graph1,60,0.0,0.2,6,asym,43.391477
n60_graph1,60,0.0,0.2,6,exact,43.389163
n60_graph1,60,0.0,0.2,7,asym,43.391584
n60_graph1,60,0.0,0.2,7,exact,43.389270
n60_graph1,60,0.0,0.2,8,asym,43.391621
n60_graph1,60,0.0,0.2,8,exact,43.389307
n60_graph1,60,0.0,0.2,9,asym,43.391633
n60_graph1,60,0.0,0.2,9,exact,43.389320
n60_graph1,60,0.0,0.2,10,asym,43.391638
n60_graph1,60,0.0,0.2,10,exact,43.389324
n60_graph1,60,0.0,0.2,11,asym,43.391640
n60_graph1,60,0.0,0.2,11,exact,43.389326
n60_graph1,60,0.0,0.2,12,asym,43.391640
n60_graph1,60,0.0,0.2,12,exact,43.389327
n60_graph1,60,0.0,0.2,13,asym,43.391641
n60_graph1,60,0.0,0.2,13,exact,43.389327
n60_graph1,60,0.0,0.2,14,asym,43.391641
n60_graph1,60,0.0,0.2,14,exact,43.389327
n60_graph1,60,0.0,0.2,15,asym,43.391641
n60_graph1,60,0.0,0.2,15,exact,43.389327
n60_graph1,60,0.0,0.2,16,asym,43.391641
n60_graph1,60,0.0,0.2,16,exact,43.389327
n60_graph1,60,0.0,0.2,17,asym,43.391641
n60_graph1,60,0.0,0.2,17,exact,43.389327
n60_graph1,60,0.0,0.2,18,asym,43.391641
n60_graph1,60,0.0,0.2,18,exact,43.389327
n60_graph1,60,0.0,0.2,19,asym,43.391641
n60_graph1,60,0.0,0.2,19,exact,43.389327
n60_graph1,60,0.0,0.2,20,asym,43.391641
n60_graph1,60,0.0,0.2,20,exact,43.389327
n60_graph1,60,0.0,0.2,21,asym,43.391641
n60_graph1,60,0.0,0.2,21,exact,43.389327
n60_graph1,60,0.0,0.2,22,asym,43.391641
n60_graph1,60,0.0,0.2,22,exact,43.389327
n60_graph1,60,0.0,0.2,23,asym,43.391641
n60_graph1,60,0.0,0.2,23,exact,43.389327
n60_graph1,60,0.0,0.2,24,asym,43.391641
n60_graph1,60,0.0,0.2,24,exact,43.389327
n60_graph1,60,0.0,0.2,25,asym,43.391641
n60_graph1,60,0.0,0.2,25,exact,43.389327
n60_graph1,60,0.0,0.2,26,asym,43.391641
n60_graph1,60,0.0,0.2,26,exact,43.389327
n60_graph1,60,0.0,0.2,27,asym,43.391641
n60_graph1,60,0.0,0.2,27,exact,43.389327
n60_graph1,60,0.0,0.2,28,asym,43.391641
n60_graph1,60,0.0,0.2,28,exact,43.389327
n60_graph1,60,0.0,0.2,29,asym,43.391641
n60_graph1,60,0.0,0.2,29,exact,43.389327
n60_graph1,60,0.0,0.2,30,asym,43.391641
n60_graph1,60,0.0,0.2,30,exact,43.389327
n60_graph1,60,0.0,0.2,31,asym,43.391641
n60_graph1,60,0.0,0.2,31,exact,43.389327
n60_graph1,60,0.0,0.2,32,asym,43.391641
n60_graph1,60,0.0,0.2,32,exact,43.389327
n60_graph1,60,0.0,0.2,33,asym,43.391641
n60_graph1,60,0.0,0.2,33,exact,43.389327
n60_graph1,60,0.0,0.2,34,asym,43.391641
n60_graph1,60,0.0,0.2,34,exact,43.389327
n60_graph1,60,0.0,0.2,35,asym,43.391641
n60_graph1,60,0.0,0.2,35,exact,43.389327
n60_graph1,60,0.0,0.2,36,asym,43.391641
n60_graph1,60,0.0,0.2,36,exact,43.389327
n60_graph1,60,0.0,0.2,37,asym,43.391641
n60_graph1,60,0.0,0.2,37,exact,43.389327
n60_graph1,60,0.0,0.2,38,asym,43.391641
n60_graph1,60,0.0,0.2,38,exact,43.389327
n60_graph1,60,0.0,0.2,39,asym,43.391641
n60_graph1,60,0.0,0.2,39,exact,43.389327
n60_graph1,60,0.0,0.2,40,asym,43.391641
n60_graph1,60,0.0,0.2,40,exact,43.389327
n60_graph1,60,0.0,0.2,41,asym,43.391641
n60_graph1,60,0.0,0.2,41,exact,43.389327
n60_graph1,60,0.0,0.2,42,asym,43.391641
n60_graph1,60,0.0,0.2,42,exact,43.389327
n60_graph1,60,0.0,0.2,43,asym,43.391641
n60_graph1,60,0.0,0.2,43,exact,43.389327
n60_graph1,60,0.0,0.2,44,asym,43.391641
n60_graph1,60,0.0,0.2,44,exact,43.389327
n60_graph1,60,0.0,0.2,45,asym,43.391641
n60_graph1,60,0.0,0.2,45,exact,43.389327
n60_graph1,60,0.0,0.2,46,asym,43.391641
n60_graph1,60,0.0,0.2,46,exact,43.389327
n60_graph1,60,0.0,0.2,47,asym,43.391641
n60_graph1,60,0.0,0.2,47,exact,43.389327
n60_graph1,60,0.0,0.2,48,asym,43.391641
n60_graph1,60,0.0,0.2,48,exact,43.389327
n60_graph1,60,0.0,0.2,49,asym,43.391641
n60_graph1,60,0.0,0.2,49,exact,43.389327
n60_graph1,60,0.0,0.2,50,asym,43.391641
n60_graph1,60,0.0,0.2,50,exact,43.389327
n60_graph1,60,0.0,0.2,51,asym,43.391641
n60_graph1,60,0.0,0.2,51,exact,43.389327
n60_graph1,60,0.0,0.2,52,asym,43.391641
n60_graph1,60,0.0,0.2,52,exact,43.389327
n60_graph1,60,0.0,0.2,53,asym,43.391641
n60_graph1,60,0.0,0.2,53,exact,43.389327
n60_graph1,60,0.0,0.2,54,asym,43.391641
n60_graph1,60,0.0,0.2,54,exact,43.389327
n60_graph1,60,0.0,0.2,55,asym,43.391641
n60_graph1,60,0.0,0.2,55,exact,43.389327
n60_graph1,60,0.0,0.2,56,asym,43.391641
n60_graph1,60,0.0,0.2,56,exact,43.389327
n60_graph1,60,0.0,0.2,57,asym,43.391641
n60_graph1,60,0.0,0.2,57,exact,43.389327
n60_graph1,60,0.0,0.2,58,asym,43.391641
n60_graph1,60,0.0,0.2,58,exact,43.389327
n60_graph1,60,0.0,0.2,59,asym,43.391641
n60_graph1,60,0.0,0.2,59,exact,43.389327
n60_graph1,60,0.0,0.2,60,asym,43.391641
n60_graph1,60,0.0,0.2,60,exact,43.389327
n60_graph1,60,0.0,0.3,3,asym,45.612062
n60_graph1,60,0.0,0.3,3,exact,45.603921
n60_graph1,60,0.0,0.3,4,asym,45.626413
n60_graph1,60,0.0,0.3,4,exact,45.618273
n60_graph1,60,0.0,0.3,5,asym,45.633120
n60_graph1,60,0.0,0.3,5,exact,45.626656
n60_graph1,60,0.0,0.3,6,asym,45.636378
n60_graph1,60,0.0,0.3,6,exact,45.629915
n60_graph1,60,0.0,0.3,7,asym,45.638006
n60_graph1,60,0.0,0.3,7,exact,45.631542
n60_graph1,60,0.0,0.3,8,asym,45.638836
n60_graph1,60,0.0,0.3,8,exact,45.632372
n60_graph1,60,0.0,0.3,9,asym,45.639266
n60_graph1,60,0.0,0.3,9,exact,45.632802
n60_graph1,60,0.0,0.3,10,asym,45.639491
n60_graph1,60,0.0,0.3,10,exact,45.633027
n60_graph1,60,0.0,0.3,11,asym,45.639610
n60_graph1,60,0.0,0.3,11,exact,45.633147
n60_graph1,60,0.0,0.3,12,asym,45.639674
n60_graph1,60,0.0,0.3,12,exact,45.633210
n60_graph1,60,0.0,0.3,13,asym,45.639708
n60_graph1,60,0.0,0.3,13,exact,45.633245
n60_graph1,60,0.0,0.3,14,asym,45.639727
n60_graph1,60,0.0,0.3,14,exact,45.633263
n60_graph1,60,0.0,0.3,15,asym,45.639737
n60_graph1,60,0.0,0.3,15,exact,45.633273
n60_graph1,60,0.0,0.3,16,asym,45.639742
n60_graph1,60,0.0,0.3,16,exact,45.633279
n60_graph1,60,0.0,0.3,17,asym,45.639745
n60_graph1,60,0.0,0.3,17,exact,45.633282
n60_graph1,60,0.0,0.3,18,asym,45.639747
n60_graph1,60,0.0,0.3,18,exact,45.633283
n60_graph1,60,0.0,0.3,19,asym,45.639748
n60_graph1,60,0.0,0.3,19,exact,45.633284
n60_graph1,60,0.0,0.3,20,asym,45.639749
n60_graph1,60,0.0,0.3,20,exact,45.633285
n60_graph1,60,0.0,0.3,21,asym,45.639749
n60_graph1,60,0.0,0.3,21,exact,45.633285
n60_graph1,60,0.0,0.3,22,asym,45.639749
n60_graph1,60,0.0,0.3,22,exact,45.633285
n60_graph1,60,0.0,0.3,23,asym,45.639749
n60_graph1,60,0.0,0.3,23,exact,45.633285
n60_graph1,60,0.0,0.3,24,asym,45.639749
n60_graph1,60,0.0,0.3,24,exact,45.633285
n60_graph1,60,0.0,0.3,25,asym,45.639749
n60_graph1,60,0.0,0.3,25,exact,45.633285
n60_graph1,60,0.0,0.3,26,asym,45.639749
n60_graph1,60,0.0,0.3,26,exact,45.633285
n60_graph1,60,0.0,0.3,27,asym,45.639749
n60_graph1,60,0.0,0.3,27,exact,45.633285
n60_graph1,60,0.0,0.3,28,asym,45.639749
n60_graph1,60,0.0,0.3,28,exact,45.633285
n60_graph1,60,0.0,0.3,29,asym,45.639749
n60_graph1,60,0.0,0.3,29,exact,45.633285
n60_graph1,60,0.0,0.3,30,asym,45.639749
n60_graph1,60,0.0,0.3,30,exact,45.633285
n60_graph1,60,0.0,0.3,31,asym,45.639749
n60_graph1,60,0.0,0.3,31,exact,45.633285
n60_graph1,60,0.0,0.3,32,asym,45.639749
n60_graph1,60,0.0,0.3,32,exact,45.633285
n60_graph1,60,0.0,0.3,33,asym,45.639749
n60_graph1,60,0.0,0.3,33,exact,45.633285
n60_graph1,60,0.0,0.3,34,asym,45.639749
n60_graph1,60,0.0,0.3,34,exact,45.633285
n60_graph1,60,0.0,0.3,35,asym,45.639749
n60_graph1,60,0.0,0.3,35,exact,45.633285
n60_graph1,60,0.0,0.3,36,asym,45.639749
n60_graph1,60,0.0,0.3,36,exact,45.633285
n60_graph1,60,0.0,0.3,37,asym,45.639749
n60_graph1,60,0.0,0.3,37,exact,45.633285
n60_graph1,60,0.0,0.3,38,asym,45.639749
n60_graph1,60,0.0,0.3,38,exact,45.633285
n60_graph1,60,0.0,0.3,39,asym,45.639749
n60_graph1,60,0.0,0.3,39,exact,45.633285
n60_graph1,60,0.0,0.3,40,asym,45.639749
n60_graph1,60,0.0,0.3,40,exact,45.633285
n60_graph1,60,0.0,0.3,41,asym,45.639749
n60_graph1,60,0.0,0.3,41,exact,45.633285
n60_graph1,60,0.0,0.3,42,asym,45.639749
n60_graph1,60,0.0,0.3,42,exact,45.633285
n60_graph1,60,0.0,0.3,43,asym,45.639749
n60_graph1,60,0.0,0.3,43,exact,45.633285
n60_graph1,60,0.0,0.3,44,asym,45.639749
n60_graph1,60,0.0,0.3,44,exact,45.633285
n60_graph1,60,0.0,0.3,45,asym,45.639749
n60_graph1,60,0.0,0.3,45,exact,45.633285
n60_graph1,60,0.0,0.3,46,asym,45.639749
n60_graph1,60,0.0,0.3,46,exact,45.633285
n60_graph1,60,0.0,0.3,47,asym,45.639749
n60_graph1,60,0.0,0.3,47,exact,45.633285
n60_graph1,60,0.0,0.3,48,asym,45.639749
n60_graph1,60,0.0,0.3,48,exact,45.633285
n60_graph1,60,0.0,0.3,49,asym,45.639749
n60_graph1,60,0.0,0.3,49,exact,45.633285
n60_graph1,60,0.0,0.3,50,asym,45.639749
n60_graph1,60,0.0,0.3,50,exact,45.633285
n60_graph1,60,0.0,0.3,51,asym,45.639749
n60_graph1,60,0.0,0.3,51,exact,45.633285
n60_graph1,60,0.0,0.3,52,asym,45.639749
n60_graph1,60,0.0,0.3,52,exact,45.633285
n60_graph1,60,0.0,0.3,53,asym,45.639749
n60_graph1,60,0.0,0.3,53,exact,45.633285
n60_graph1,60,0.0,0.3,54,asym,45.639749
n60_graph1,60,0.0,0.3,54,exact,45.633285
n60_graph1,60,0.0,0.3,55,asym,45.639749
n60_graph1,60,0.0,0.3,55,exact,45.633285
n60_graph1,60,0.0,0.3,56,asym,45.639749
n60_graph1,60,0.0,0.3,56,exact,45.633285
n60_graph1,60,0.0,0.3,57,asym,45.639749
n60_graph1,60,0.0,0.3,57,exact,45.633285
n60_graph1,60,0.0,0.3,58,asym,45.639749
n60_graph1,60,0.0,0.3,58,exact,45.633285
n60_graph1,60,0.0,0.3,59,asym,45.639749
n60_graph1,60,0.0,0.3,59,exact,45.633285
n60_graph1,60,0.0,0.3,60,asym,45.639749
n60_graph1,60,0.0,0.3,60,exact,45.633285
n60_graph1,60,0.0,0.5,3,asym,52.524623
n60_graph1,60,0.0,0.5,3,exact,52.493252
n60_graph1,60,0.0,0.5,4,asym,52.613814
n60_graph1,60,0.0,0.5,4,exact,52.582442
n60_graph1,60,0.0,0.5,5,asym,52.680552
n60_graph1,60,0.0,0.5,5,exact,52.665865
n60_graph1,60,0.0,0.5,6,asym,52.732242
n60_graph1,60,0.0,0.5,6,exact,52.717554
n60_graph1,60,0.0,0.5,7,asym,52.773297
n60_graph1,60,0.0,0.5,7,exact,52.758610
n60_graph1,60,0.0,0.5,8,asym,52.806539
n60_graph1,60,0.0,0.5,8,exact,52.791852
n60_graph1,60,0.0,0.5,9,asym,52.833864
n60_graph1,60,0.0,0.5,9,exact,52.819177
n60_graph1,60,0.0,0.5,10,asym,52.856599
n60_graph1,60,0.0,0.5,10,exact,52.841912
n60_graph1,60,0.0,0.5,11,asym,52.875703
n60_graph1,60,0.0,0.5,11,exact,52.861016
n60_graph1,60,0.0,0.5,12,asym,52.891890
n60_graph1,60,0.0,0.5,12,exact,52.877203
n60_graph1,60,0.0,0.5,13,asym,52.905700
n60_graph1,60,0.0,0.5,13,exact,52.891012
n60_graph1,60,0.0,0.5,14,asym,52.917551
n60_graph1,60,0.0,0.5,14,exact,52.902864
n60_graph1,60,0.0,0.5,15,asym,52.927775
n60_graph1,60,0.0,0.5,15,exact,52.913088
n60_graph1,60,0.0,0.5,16,asym,52.936634
n60_graph1,60,0.0,0.5,16,exact,52.921946
n60_graph1,60,0.0,0.5,17,asym,52.944339
n60_graph1,60,0.0,0.5,17,exact,52.929652
n60_graph1,60,0.0,0.5,18,asym,52.951066
n60_graph1,60,0.0,0.5,18,exact,52.936379
n60_graph1,60,0.0,0.5,19,asym,52.956955
n60_graph1,60,0.0,0.5,19,exact,52.942268
n60_graph1,60,0.0,0.5,20,asym,52.962126
n60_graph1,60,0.0,0.5,20,exact,52.947439
n60_graph1,60,0.0,0.5,21,asym,52.966678
n60_graph1,60,0.0,0.5,21,exact,52.951991
n60_graph1,60,0.0,0.5,22,asym,52.970694
n60_graph1,60,0.0,0.5,22,exact,52.956006
n60_graph1,60,0.0,0.5,23,asym,52.974244
n60_graph1,60,0.0,0.5,23,exact,52.959556
n60_graph1,60,0.0,0.5,24,asym,52.977388
n60_graph1,60,0.0,0.5,24,exact,52.962701
n60_graph1,60,0.0,0.5,25,asym,52.980178
n60_graph1,60,0.0,0.5,25,exact,52.965491
n60_graph1,60,0.0,0.5,26,asym,52.982657
n60_graph1,60,0.0,0.5,26,exact,52.967970
n60_graph1,60,0.0,0.5,27,asym,52.984864
n60_graph1,60,0.0,0.5,27,exact,52.970177
n60_graph1,60,0.0,0.5,28,asym,52.986830
n60_graph1,60,0.0,0.5,28,exact,52.972143
n60_graph1,60,0.0,0.5,29,asym,52.988585
n60_graph1,60,0.0,0.5,29,exact,52.973898
n60_graph1,60,0.0,0.5,30,asym,52.990153
n60_graph1,60,0.0,0.5,30,exact,52.975466
n60_graph1,60,0.0,0.5,31,asym,52.991555
n60_graph1,60,0.0,0.5,31,exact,52.976868
n60_graph1,60,0.0,0.5,32,asym,52.992811
n60_graph1,60,0.0,0.5,32,exact,52.978124
n60_graph1,60,0.0,0.5,33,asym,52.993936
n60_graph1,60,0.0,0.5,33,exact,52.979249
n60_graph1,60,0.0,0.5,34,asym,52.994946
n60_graph1,60,0.0,0.5,34,exact,52.980259
n60_graph1,60,0.0,0.5,35,asym,52.995852
n60_graph1,60,0.0,0.5,35,exact,52.981165
n60_graph1,60,0.0,0.5,36,asym,52.996666
n60_graph1,60,0.0,0.5,36,exact,52.981979
n60_graph1,60,0.0,0.5,37,asym,52.997399
n60_graph1,60,0.0,0.5,37,exact,52.982712
n60_graph1,60,0.0,0.5,38,asym,52.998058
n60_graph1,60,0.0,0.5,38,exact,52.983371
n60_graph1,60,0.0,0.5,39,asym,52.998651
n60_graph1,60,0.0,0.5,39,exact,52.983964
n60_graph1,60,0.0,0.5,40,asym,52.999186
n60_graph1,60,0.0,0.5,40,exact,52.984499
n60_graph1,60,0.0,0.5,41,asym,52.999668
n60_graph1,60,0.0,0.5,41,exact,52.984981
n60_graph1,60,0.0,0.5,42,asym,53.000103
n60_graph1,60,0.0,0.5,42,exact,52.985416
n60_graph1,60,0.0,0.5,43,asym,53.000496
n60_graph1,60,0.0,0.5,43,exact,52.985809
n60_graph1,60,0.0,0.5,44,asym,53.000851
n60_graph1,60,0.0,0.5,44,exact,52.986164
n60_graph1,60,0.0,0.5,45,asym,53.001171
n60_graph1,60,0.0,0.5,45,exact,52.986484
n60_graph1,60,0.0,0.5,46,asym,53.001461
n60_graph1,60,0.0,0.5,46,exact,52.986774
n60_graph1,60,0.0,0.5,47,asym,53.001724
n60_graph1,60,0.0,0.5,47,exact,52.987036
n60_graph1,60,0.0,0.5,48,asym,53.001961
n60_graph1,60,0.0,0.5,48,exact,52.987274
n60_graph1,60,0.0,0.5,49,asym,53.002176
n60_graph1,60,0.0,0.5,49,exact,52.987488
n60_graph1,60,0.0,0.5,50,asym,53.002370
n60_graph1,60,0.0,0.5,50,exact,52.987683
n60_graph1,60,0.0,0.5,51,asym,53.002547
n60_graph1,60,0.0,0.5,51,exact,52.987859
n60_graph1,60,0.0,0.5,52,asym,53.002706
n60_graph1,60,0.0,0.5,52,exact,52.988019
n60_graph1,60,0.0,0.5,53,asym,53.002851
n60_graph1,60,0.0,0.5,53,exact,52.988164
n60_graph1,60,0.0,0.5,54,asym,53.002983
n60_graph1,60,0.0,0.5,54,exact,52.988296
n60_graph1,60,0.0,0.5,55,asym,53.003102
n60_graph1,60,0.0,0.5,55,exact,52.988415
n60_graph1,60,0.0,0.5,56,asym,53.003210
n60_graph1,60,0.0,0.5,56,exact,52.988523
n60_graph1,60,0.0,0.5,57,asym,53.003309
n60_graph1,60,0.0,0.5,57,exact,52.988621
n60_graph1,60,0.0,0.5,58,asym,53.003398
n60_graph1,60,0.0,0.5,58,exact,52.988711
n60_graph1,60,0.0,0.5,59,asym,53.003479
n60_graph1,60,0.0,0.5,59,exact,52.988792
n60_graph1,60,0.0,0.5,60,asym,53.003553
n60_graph1,60,0.0,0.5,60,exact,52.988866
n60_graph1,60,0.0,0.8,3,asym,68.099069
n60_graph1,60,0.0,0.8,3,exact,68.013464
n60_graph1,60,0.0,0.8,4,asym,68.454411
n60_graph1,60,0.0,0.8,4,exact,68.368807
n60_graph1,60,0.0,0.8,5,asym,68.842987
n60_graph1,60,0.0,0.8,5,exact,68.854526
n60_graph1,60,0.0,0.8,6,asym,69.281686
n60_graph1,60,0.0,0.8,6,exact,69.293226
n60_graph1,60,0.0,0.8,7,asym,69.787917
n60_graph1,60,0.0,0.8,7,exact,69.799456
n60_graph1,60,0.0,0.8,8,asym,70.381627
n60_graph1,60,0.0,0.8,8,exact,70.393166
n60_graph1,60,0.0,0.8,9,asym,71.086858
n60_graph1,60,0.0,0.8,9,exact,71.098398
n60_graph1,60,0.0,0.8,10,asym,71.933299
n60_graph1,60,0.0,0.8,10,exact,71.944838
n60_graph1,60,0.0,0.8,11,asym,72.958073
n60_graph1,60,0.0,0.8,11,exact,72.969612
n60_graph1,60,0.0,0.8,12,asym,74.207937
n60_graph1,60,0.0,0.8,12,exact,74.219477
n60_graph1,60,0.0,0.8,13,asym,75.742048
n60_graph1,60,0.0,0.8,13,exact,75.753587
n60_graph1,60,0.0,0.8,14,asym,77.635476
n60_graph1,60,0.0,0.8,14,exact,77.647015
n60_graph1,60,0.0,0.8,15,asym,79.983722
n60_graph1,60,0.0,0.8,15,exact,79.995262
n60_graph1,60,0.0,0.8,16,asym,82.908507
n60_graph1,60,0.0,0.8,16,exact,82.920046
n60_graph1,60,0.0,0.8,17,asym,86.565223
n60_graph1,60,0.0,0.8,17,exact,86.576762
n60_graph1,60,0.0,0.8,18,asym,91.152541
n60_graph1,60,0.0,0.8,18,exact,91.164081
n60_graph1,60,0.0,0.8,19,asym,96.924802
n60_graph1,60,0.0,0.8,19,exact,96.936341
n60_graph1,60,0.0,0.8,20,asym,104.208001
n60_graph1,60,0.0,0.8,20,exact,104.219540
n60_graph1,60,0.0,0.8,21,asym,113.420453
n60_graph1,60,0.0,0.8,21,exact,113.431992
n60_graph1,60,0.0,0.8,22,asym,125.099501
n60_graph1,60,0.0,0.8,22,exact,125.111041
n60_graph1,60,0.0,0.8,23,asym,139.936066
n60_graph1,60,0.0,0.8,23,exact,139.947606
n60_graph1,60,0.0,0.8,24,asym,158.819371
n60_graph1,60,0.0,0.8,24,exact,158.830911
n60_graph1,60,0.0,0.8,25,asym,182.894871
n60_graph1,60,0.0,0.8,25,exact,182.906411
n60_graph1,60,0.0,0.8,26,asym,213.639320
n60_graph1,60,0.0,0.8,26,exact,213.650860
n60_graph1,60,0.0,0.8,27,asym,252.958111
n60_graph1,60,0.0,0.8,27,exact,252.969651
n60_graph1,60,0.0,0.8,28,asym,303.311554
n60_graph1,60,0.0,0.8,28,exact,303.323094
n60_graph1,60,0.0,0.8,29,asym,367.878775
n60_graph1,60,0.0,0.8,29,exact,367.890315
n60_graph1,60,0.0,0.8,30,asym,450.770557
n60_graph1,60,0.0,0.8,30,exact,450.782096
n60_graph1,60,0.0,0.8,31,asym,557.305847
n60_graph1,60,0.0,0.8,31,exact,557.317387
n60_graph1,60,0.0,0.8,32,asym,694.371159
n60_graph1,60,0.0,0.8,32,exact,694.382698
n60_graph1,60,0.0,0.8,33,asym,870.887888
n60_graph1,60,0.0,0.8,33,exact,870.899427
n60_graph1,60,0.0,0.8,34,asym,1098.420219
n60_graph1,60,0.0,0.8,34,exact,1098.431758
n60_graph1,60,0.0,0.8,35,asym,1391.966227
n60_graph1,60,0.0,0.8,35,exact,1391.977766
n60_graph1,60,0.0,0.8,36,asym,1770.987766
n60_graph1,60,0.0,0.8,36,exact,1770.999305
n60_graph1,60,0.0,0.8,37,asym,2260.751722
n60_graph1,60,0.0,0.8,37,exact,2260.763261
n60_graph1,60,0.0,0.8,38,asym,2894.077392
n60_graph1,60,0.0,0.8,38,exact,2894.088931
n60_graph1,60,0.0,0.8,39,asym,3713.613736
n60_graph1,60,0.0,0.8,39,exact,3713.625275
n60_graph1,60,0.0,0.8,40,asym,4774.808177
n60_graph1,60,0.0,0.8,40,exact,4774.819716
n60_graph1,60,0.0,0.8,41,asym,6149.778203
n60_graph1,60,0.0,0.8,41,exact,6149.789743
n60_graph1,60,0.0,0.8,42,asym,7932.361879
n60_graph1,60,0.0,0.8,42,exact,7932.373418
n60_graph1,60,0.0,0.8,43,asym,10244.708241
n60_graph1,60,0.0,0.8,43,exact,10244.719780
n60_graph1,60,0.0,0.8,44,asym,13245.879589
n60_graph1,60,0.0,0.8,44,exact,13245.891129
n60_graph1,60,0.0,0.8,45,asym,17143.083052
n60_graph1,60,0.0,0.8,45,exact,17143.094591
n60_graph1,60,0.0,0.8,46,asym,22206.339061
n60_graph1,60,0.0,0.8,46,exact,22206.350601
n60_graph1,60,0.0,0.8,47,asym,28787.643566
n60_graph1,60,0.0,0.8,47,exact,28787.655106
n60_graph1,60,0.0,0.8,48,asym,37346.007107
n60_graph1,60,0.0,0.8,48,exact,37346.018647
n60_graph1,60,0.0,0.8,49,asym,48480.181319
n60_graph1,60,0.0,0.8,49,exact,48480.192859
n60_graph1,60,0.0,0.8,50,asym,62971.443447
n60_graph1,60,0.0,0.8,50,exact,62971.454986
n60_graph1,60,0.0,0.8,51,asym,81839.543256
n60_graph1,60,0.0,0.8,51,exact,81839.554795
n60_graph1,60,0.0,0.8,52,asym,106415.878450
n60_graph1,60,0.0,0.8,52,exact,106415.889990
n60_graph1,60,0.0,0.8,53,asym,138439.225354
n60_graph1,60,0.0,0.8,53,exact,138439.236894
n60_graph1,60,0.0,0.8,54,asym,180181.004324
n60_graph1,60,0.0,0.8,54,exact,180181.015864
n60_graph1,60,0.0,0.8,55,asym,234609.226472
n60_graph1,60,0.0,0.8,55,exact,234609.238012
n60_graph1,60,0.0,0.8,56,asym,305603.110279
n60_graph1,60,0.0,0.8,56,exact,305603.121819
n60_graph1,60,0.0,0.8,57,asym,398234.084368
n60_graph1,60,0.0,0.8,57,exact,398234.095907
n60_graph1,60,0.0,0.8,58,asym,519133.782751
n60_graph1,60,0.0,0.8,58,exact,519133.794290
n60_graph1,60,0.0,0.8,59,asym,676976.054750
n60_graph1,60,0.0,0.8,59,exact,676976.066290
n60_graph1,60,0.0,0.8,60,asym,883108.430688
n60_graph1,60,0.0,0.8,60,exact,883108.442227
n60_graph1,60,0.0,1,3,asym,81.116910
n60_graph1,60,0.0,1,3,exact,80.994959
n60_graph1,60,0.0,1,4,asym,81.696914
n60_graph1,60,0.0,1,4,exact,81.574963
n60_graph1,60,0.0,1,5,asym,82.426864
n60_graph1,60,0.0,1,5,exact,82.487401
n60_graph1,60,0.0,1,6,asym,83.377593
n60_graph1,60,0.0,1,6,exact,83.438129
n60_graph1,60,0.0,1,7,asym,84.644405
n60_graph1,60,0.0,1,7,exact,84.704942
n60_graph1,60,0.0,1,8,asym,86.360010
n60_graph1,60,0.0,1,8,exact,86.420546
n60_graph1,60,0.0,1,9,asym,88.711976
n60_graph1,60,0.0,1,9,exact,88.772512
n60_graph1,60,0.0,1,10,asym,91.967534
n60_graph1,60,0.0,1,10,exact,92.028071
n60_graph1,60,0.0,1,11,asym,96.509349
n60_graph1,60,0.0,1,11,exact,96.569886
n60_graph1,60,0.0,1,12,asym,102.887452
n60_graph1,60,0.0,1,12,exact,102.947988
n60_graph1,60,0.0,1,13,asym,111.894880
n60_graph1,60,0.0,1,13,exact,111.955417
n60_graph1,60,0.0,1,14,asym,124.678088
n60_graph1,60,0.0,1,14,exact,124.738625
n60_graph1,60,0.0,1,15,asym,142.898384
n60_graph1,60,0.0,1,15,exact,142.958920
n60_graph1,60,0.0,1,16,asym,168.968352
n60_graph1,60,0.0,1,16,exact,169.028888
n60_graph1,60,0.0,1,17,asym,206.398555
n60_graph1,60,0.0,1,17,exact,206.459091
n60_graph1,60,0.0,1,18,asym,260.306616
n60_graph1,60,0.0,1,18,exact,260.367152
n60_graph1,60,0.0,1,19,asym,338.165612
n60_graph1,60,0.0,1,19,exact,338.226149
n60_graph1,60,0.0,1,20,asym,450.905543
n60_graph1,60,0.0,1,20,exact,450.966079
n60_graph1,60,0.0,1,21,asym,614.536127
n60_graph1,60,0.0,1,21,exact,614.596663
n60_graph1,60,0.0,1,22,asym,852.540103
n60_graph1,60,0.0,1,22,exact,852.600640
n60_graph1,60,0.0,1,23,asym,1199.406187
n60_graph1,60,0.0,1,23,exact,1199.466723
n60_graph1,60,0.0,1,24,asym,1705.849049
n60_graph1,60,0.0,1,24,exact,1705.909586
n60_graph1,60,0.0,1,25,asym,2446.528459
n60_graph1,60,0.0,1,25,exact,2446.588995
n60_graph1,60,0.0,1,26,asym,3531.473286
n60_graph1,60,0.0,1,26,exact,3531.533822
n60_graph1,60,0.0,1,27,asym,5123.001525
n60_graph1,60,0.0,1,27,exact,5123.062061
n60_graph1,60,0.0,1,28,asym,7460.798670
n60_graph1,60,0.0,1,28,exact,7460.859207
n60_graph1,60,0.0,1,29,asym,10899.113981
n60_graph1,60,0.0,1,29,exact,10899.174517
n60_graph1,60,0.0,1,30,asym,15961.966434
n60_graph1,60,0.0,1,30,exact,15962.026971
n60_graph1,60,0.0,1,31,asym,23425.131984
n60_graph1,60,0.0,1,31,exact,23425.192520
n60_graph1,60,0.0,1,32,asym,34437.977406
n60_graph1,60,0.0,1,32,exact,34438.037943
n60_graph1,60,0.0,1,33,asym,50704.610676
n60_graph1,60,0.0,1,33,exact,50704.671213
n60_graph1,60,0.0,1,34,asym,74753.375043
n60_graph1,60,0.0,1,34,exact,74753.435579
n60_graph1,60,0.0,1,35,asym,110337.981403
n60_graph1,60,0.0,1,35,exact,110338.041940
n60_graph1,60,0.0,1,36,asym,163034.880594
n60_graph1,60,0.0,1,36,exact,163034.941131
n60_graph1,60,0.0,1,37,asym,241133.309001
n60_graph1,60,0.0,1,37,exact,241133.369537
n60_graph1,60,0.0,1,38,asym,356962.013084
n60_graph1,60,0.0,1,38,exact,356962.073620
n60_graph1,60,0.0,1,39,asym,528867.778895
n60_graph1,60,0.0,1,39,exact,528867.839431
n60_graph1,60,0.0,1,40,asym,784167.253045
n60_graph1,60,0.0,1,40,exact,784167.313582
n60_graph1,60,0.0,1,41,asym,1163552.654133
n60_graph1,60,0.0,1,41,exact,1163552.714669
n60_graph1,60,0.0,1,42,asym,1727670.075782
n60_graph1,60,0.0,1,42,exact,1727670.136318
n60_graph1,60,0.0,1,43,asym,2566945.494484
n60_graph1,60,0.0,1,43,exact,2566945.555021
n60_graph1,60,0.0,1,44,asym,3816267.258636
n60_graph1,60,0.0,1,44,exact,3816267.319173
n60_graph1,60,0.0,1,45,asym,5676933.124611
n60_graph1,60,0.0,1,45,exact,5676933.185148
n60_graph1,60,0.0,1,46,asym,8449467.360078
n60_graph1,60,0.0,1,46,exact,8449467.420614
n60_graph1,60,0.0,1,47,asym,12582707.872051
n60_graph1,60,0.0,1,47,exact,12582707.932587
n60_graph1,60,0.0,1,48,asym,18747253.046346
n60_graph1,60,0.0,1,48,exact,18747253.106882
n60_graph1,60,0.0,1,49,asym,27945390.689792
n60_graph1,60,0.0,1,49,exact,27945390.750328
n60_graph1,60,0.0,1,50,asym,41675679.145377
n60_graph1,60,0.0,1,50,exact,41675679.205913
n60_graph1,60,0.0,1,51,asym,62179422.218814
n60_graph1,60,0.0,1,51,exact,62179422.279350
n60_graph1,60,0.0,1,52,asym,92809890.067531
n60_graph1,60,0.0,1,52,exact,92809890.128067
n60_graph1,60,0.0,1,53,asym,138585563.210366
n60_graph1,60,0.0,1,53,exact,138585563.270903
n60_graph1,60,0.0,1,54,asym,207019334.752180
n60_graph1,60,0.0,1,54,exact,207019334.812716
n60_graph1,60,0.0,1,55,asym,309361633.056154
n60_graph1,60,0.0,1,55,exact,309361633.116691
n60_graph1,60,0.0,1,56,asym,462464542.196066
n60_graph1,60,0.0,1,56,exact,462464542.256602
n60_graph1,60,0.0,1,57,asym,691577802.316437
n60_graph1,60,0.0,1,57,exact,691577802.376973
n60_graph1,60,0.0,1,58,asym,1034543507.577555
n60_graph1,60,0.0,1,58,exact,1034543507.638092
n60_graph1,60,0.0,1,59,asym,1548090609.436194
n60_graph1,60,0.0,1,59,exact,1548090609.496731
n60_graph1,60,0.0,1,60,asym,2317282413.189131
n60_graph1,60,0.0,1,60,exact,2317282413.249668
n60_graph1,60,0.0,1.3,3,asym,103.313110
n60_graph1,60,0.0,1.3,3,exact,103.148234
n60_graph1,60,0.0,1.3,4,asym,104.191433
n60_graph1,60,0.0,1.3,4,exact,104.026557
n60_graph1,60,0.0,1.3,5,asym,105.435483
n60_graph1,60,0.0,1.3,5,exact,105.581619
n60_graph1,60,0.0,1.3,6,asym,107.265901
n60_graph1,60,0.0,1.3,6,exact,107.412037
n60_graph1,60,0.0,1.3,7,asym,110.028909
n60_graph1,60,0.0,1.3,7,exact,110.175046
n60_graph1,60,0.0,1.3,8,asym,114.276481
n60_graph1,60,0.0,1.3,8,exact,114.422618
n60_graph1,60,0.0,1.3,9,asym,120.895556
n60_graph1,60,0.0,1.3,9,exact,121.041693
n60_graph1,60,0.0,1.3,10,asym,131.318548
n60_graph1,60,0.0,1.3,10,exact,131.464685
n60_graph1,60,0.0,1.3,11,asym,147.867772
n60_graph1,60,0.0,1.3,11,exact,148.013909
n60_graph1,60,0.0,1.3,12,asym,174.320485
n60_graph1,60,0.0,1.3,12,exact,174.466621
n60_graph1,60,0.0,1.3,13,asym,216.837783
n60_graph1,60,0.0,1.3,13,exact,216.983920
n60_graph1,60,0.0,1.3,14,asym,285.494485
n60_graph1,60,0.0,1.3,14,exact,285.640622
n60_graph1,60,0.0,1.3,15,asym,396.803063
n60_graph1,60,0.0,1.3,15,exact,396.949200
n60_graph1,60,0.0,1.3,16,asym,577.884073
n60_graph1,60,0.0,1.3,16,exact,578.030210
n60_graph1,60,0.0,1.3,17,asym,873.367258
n60_graph1,60,0.0,1.3,17,exact,873.513395
n60_graph1,60,0.0,1.3,18,asym,1356.827039
n60_graph1,60,0.0,1.3,18,exact,1356.973175
n60_graph1,60,0.0,1.3,19,asym,2149.756290
n60_graph1,60,0.0,1.3,19,exact,2149.902426
n60_graph1,60,0.0,1.3,20,asym,3453.086155
n60_graph1,60,0.0,1.3,20,exact,3453.232292
n60_graph1,60,0.0,1.3,21,asym,5599.608217
n60_graph1,60,0.0,1.3,21,exact,5599.754354
n60_graph1,60,0.0,1.3,22,asym,9141.255691
n60_graph1,60,0.0,1.3,22,exact,9141.401827
n60_graph1,60,0.0,1.3,23,asym,14994.574183
n60_graph1,60,0.0,1.3,23,exact,14994.720320
n60_graph1,60,0.0,1.3,24,asym,24683.414410
n60_graph1,60,0.0,1.3,24,exact,24683.560547
n60_graph1,60,0.0,1.3,25,asym,40744.200061
n60_graph1,60,0.0,1.3,25,exact,40744.346198
n60_graph1,60,0.0,1.3,26,asym,67403.275806
n60_graph1,60,0.0,1.3,26,exact,67403.421943
n60_graph1,60,0.0,1.3,27,asym,111709.951812
n60_graph1,60,0.0,1.3,27,exact,111710.097949
n60_graph1,60,0.0,1.3,28,asym,185433.340536
n60_graph1,60,0.0,1.3,28,exact,185433.486673
n60_graph1,60,0.0,1.3,29,asym,308240.287131
n60_graph1,60,0.0,1.3,29,exact,308240.433268
n60_graph1,60,0.0,1.3,30,asym,513023.499497
n60_graph1,60,0.0,1.3,30,exact,513023.645634
n60_graph1,60,0.0,1.3,31,asym,854840.916341
n60_graph1,60,0.0,1.3,31,exact,854841.062478
n60_graph1,60,0.0,1.3,32,asym,1425923.845185
n60_graph1,60,0.0,1.3,32,exact,1425923.991322
n60_graph1,60,0.0,1.3,33,asym,2380889.818676
n60_graph1,60,0.0,1.3,33,exact,2380889.964812
n60_graph1,60,0.0,1.3,34,asym,3979124.504024
n60_graph1,60,0.0,1.3,34,exact,3979124.650160
n60_graph1,60,0.0,1.3,35,asym,6656065.516416
n60_graph1,60,0.0,1.3,35,exact,6656065.662553
n60_graph1,60,0.0,1.3,36,asym,11143164.120006
n60_graph1,60,0.0,1.3,36,exact,11143164.266143
n60_graph1,60,0.0,1.3,37,asym,18669873.217070
n60_graph1,60,0.0,1.3,37,exact,18669873.363207
n60_graph1,60,0.0,1.3,38,asym,31303922.499075
n60_graph1,60,0.0,1.3,38,exact,31303922.645212
n60_graph1,60,0.0,1.3,39,asym,52524837.340136
n60_graph1,60,0.0,1.3,39,exact,52524837.486273
n60_graph1,60,0.0,1.3,40,asym,88191034.744373
n60_graph1,60,0.0,1.3,40,exact,88191034.890510
n60_graph1,60,0.0,1.3,41,asym,148171325.799255
n60_graph1,60,0.0,1.3,41,exact,148171325.945391
n60_graph1,60,0.0,1.3,42,asym,249098476.380325
n60_graph1,60,0.0,1.3,42,exact,249098476.526462
n60_graph1,60,0.0,1.3,43,asym,419018459.926957
n60_graph1,60,0.0,1.3,43,exact,419018460.073093
n60_graph1,60,0.0,1.3,44,asym,705243653.514269
n60_graph1,60,0.0,1.3,44,exact,705243653.660406
n60_graph1,60,0.0,1.3,45,asym,1187623055.632684
n60_graph1,60,0.0,1.3,45,exact,1187623055.778821
n60_graph1,60,0.0,1.3,46,asym,2000974486.115016
n60_graph1,60,0.0,1.3,46,exact,2000974486.261152
n60_graph1,60,0.0,1.3,47,asym,3373018013.109346
n60_graph1,60,0.0,1.3,47,exact,3373018013.255483
n60_graph1,60,0.0,1.3,48,asym,5688544642.011749
n60_graph1,60,0.0,1.3,48,exact,5688544642.157887
n60_graph1,60,0.0,1.3,49,asym,9598001326.008368
n60_graph1,60,0.0,1.3,49,exact,9598001326.154505
n60_graph1,60,0.0,1.3,50,asym,16201295923.946108
n60_graph1,60,0.0,1.3,50,exact,16201295924.092245
n60_graph1,60,0.0,1.3,51,asym,27359026478.231129
n60_graph1,60,0.0,1.3,51,exact,27359026478.377270
n60_graph1,60,0.0,1.3,52,asym,46219632199.583267
n60_graph1,60,0.0,1.3,52,exact,46219632199.729401
n60_graph1,60,0.0,1.3,53,asym,78112527502.869217
n60_graph1,60,0.0,1.3,53,exact,78112527503.015350
n60_graph1,60,0.0,1.3,54,asym,132061737093.545746
n60_graph1,60,0.0,1.3,54,exact,132061737093.691879
n60_graph1,60,0.0,1.3,55,asym,223351825575.719452
n60_graph1,60,0.0,1.3,55,exact,223351825575.865601
n60_graph1,60,0.0,1.3,56,asym,377878842024.182556
n60_graph1,60,0.0,1.3,56,exact,377878842024.328674
n60_graph1,60,0.0,1.3,57,asym,639529940808.887573
n60_graph1,60,0.0,1.3,57,exact,639529940809.033691
n60_graph1,60,0.0,1.3,58,asym,1082703049568.761597
n60_graph1,60,0.0,1.3,58,exact,1082703049568.907715
n60_graph1,60,0.0,1.3,59,asym,1833551861313.282959
n60_graph1,60,0.0,1.3,59,exact,1833551861313.429199
n60_graph1,60,0.0,1.3,60,asym,3106045542740.195312
n60_graph1,60,0.0,1.3,60,exact,3106045542740.341309
n60_graph1,60,0.0,1.8,3,asym,144.451074
n60_graph1,60,0.0,1.8,3,exact,144.246236
n60_graph1,60,0.0,1.8,4,asym,145.630652
n60_graph1,60,0.0,1.8,4,exact,145.425814
n60_graph1,60,0.0,1.8,5,asym,147.441220
n60_graph1,60,0.0,1.8,5,exact,147.689024
n60_graph1,60,0.0,1.8,6,asym,150.334817
n60_graph1,60,0.0,1.8,6,exact,150.582621
n60_graph1,60,0.0,1.8,7,asym,155.089317
n60_graph1,60,0.0,1.8,7,exact,155.337121
n60_graph1,60,0.0,1.8,8,asym,163.060798
n60_graph1,60,0.0,1.8,8,exact,163.308602
n60_graph1,60,0.0,1.8,9,asym,176.632325
n60_graph1,60,0.0,1.8,9,exact,176.880130
n60_graph1,60,0.0,1.8,10,asym,200.017101
n60_graph1,60,0.0,1.8,10,exact,200.264906
n60_graph1,60,0.0,1.8,11,asym,240.701326
n60_graph1,60,0.0,1.8,11,exact,240.949130
n60_graph1,60,0.0,1.8,12,asym,312.044170
n60_graph1,60,0.0,1.8,12,exact,312.291974
n60_graph1,60,0.0,1.8,13,asym,437.975176
n60_graph1,60,0.0,1.8,13,exact,438.222980
n60_graph1,60,0.0,1.8,14,asym,661.501080
n60_graph1,60,0.0,1.8,14,exact,661.748884
n60_graph1,60,0.0,1.8,15,asym,1060.144102
n60_graph1,60,0.0,1.8,15,exact,1060.391906
n60_graph1,60,0.0,1.8,16,asym,1774.013636
n60_graph1,60,0.0,1.8,16,exact,1774.261440
n60_graph1,60,0.0,1.8,17,asym,3056.939163
n60_graph1,60,0.0,1.8,17,exact,3057.186967
n60_graph1,60,0.0,1.8,18,asym,5369.759110
n60_graph1,60,0.0,1.8,18,exact,5370.006915
n60_graph1,60,0.0,1.8,19,asym,9550.771213
n60_graph1,60,0.0,1.8,19,exact,9551.019018
n60_graph1,60,0.0,1.8,20,asym,17127.587893
n60_graph1,60,0.0,1.8,20,exact,17127.835697
n60_graph1,60,0.0,1.8,21,asym,30888.416920
n60_graph1,60,0.0,1.8,21,exact,30888.664724
n60_graph1,60,0.0,1.8,22,asym,55929.782037
n60_graph1,60,0.0,1.8,22,exact,55930.029841
n60_graph1,60,0.0,1.8,23,asym,101580.075952
n60_graph1,60,0.0,1.8,23,exact,101580.323757
n60_graph1,60,0.0,1.8,24,asym,184934.583741
n60_graph1,60,0.0,1.8,24,exact,184934.831545
n60_graph1,60,0.0,1.8,25,asym,337357.977551
n60_graph1,60,0.0,1.8,25,exact,337358.225355
n60_graph1,60,0.0,1.8,26,asym,616455.589575
n60_graph1,60,0.0,1.8,26,exact,616455.837380
n60_graph1,60,0.0,1.8,27,asym,1128130.536850
n60_graph1,60,0.0,1.8,27,exact,1128130.784654
n60_graph1,60,0.0,1.8,28,asym,2067254.607198
n60_graph1,60,0.0,1.8,28,exact,2067254.855002
n60_graph1,60,0.0,1.8,29,asym,3792713.731997
n60_graph1,60,0.0,1.8,29,exact,3792713.979801
n60_graph1,60,0.0,1.8,30,asym,6965972.900339
n60_graph1,60,0.0,1.8,30,exact,6965973.148144
n60_graph1,60,0.0,1.8,31,asym,12807084.060820
n60_graph1,60,0.0,1.8,31,exact,12807084.308625
n60_graph1,60,0.0,1.8,32,asym,23567956.825391
n60_graph1,60,0.0,1.8,32,exact,23567957.073195
n60_graph1,60,0.0,1.8,33,asym,43407761.748471
n60_graph1,60,0.0,1.8,33,exact,43407761.996275
n60_graph1,60,0.0,1.8,34,asym,80013009.754196
n60_graph1,60,0.0,1.8,34,exact,80013010.002001
n60_graph1,60,0.0,1.8,35,asym,147597283.547586
n60_graph1,60,0.0,1.8,35,exact,147597283.795390
n60_graph1,60,0.0,1.8,36,asym,272458176.614705
n60_graph1,60,0.0,1.8,36,exact,272458176.862509
n60_graph1,60,0.0,1.8,37,asym,503276083.024638
n60_graph1,60,0.0,1.8,37,exact,503276083.272443
n60_graph1,60,0.0,1.8,38,asym,930209429.263229
n60_graph1,60,0.0,1.8,38,exact,930209429.511034
n60_graph1,60,0.0,1.8,39,asym,1720314254.380104
n60_graph1,60,0.0,1.8,39,exact,1720314254.627908
n60_graph1,60,0.0,1.8,40,asym,3183269693.659185
n60_graph1,60,0.0,1.8,40,exact,3183269693.906989
n60_graph1,60,0.0,1.8,41,asym,5893386122.226107
n60_graph1,60,0.0,1.8,41,exact,5893386122.473910
n60_graph1,60,0.0,1.8,42,asym,10916174809.621883
n60_graph1,60,0.0,1.8,42,exact,10916174809.869688
n60_graph1,60,0.0,1.8,43,asym,20229235656.570255
n60_graph1,60,0.0,1.8,43,exact,20229235656.818062
n60_graph1,60,0.0,1.8,44,asym,37504382866.586884
n60_graph1,60,0.0,1.8,44,exact,37504382866.834694
n60_graph1,60,0.0,1.8,45,asym,69561519937.779129
n60_graph1,60,0.0,1.8,45,exact,69561519938.026932
n60_graph1,60,0.0,1.8,46,asym,129072054643.007675
n60_graph1,60,0.0,1.8,46,exact,129072054643.255478
n60_graph1,60,0.0,1.8,47,asym,239587285835.209534
n60_graph1,60,0.0,1.8,47,exact,239587285835.457336
n60_graph1,60,0.0,1.8,48,asym,444893977354.592957
n60_graph1,60,0.0,1.8,48,exact,444893977354.840759
n60_graph1,60,0.0,1.8,49,asym,826425759653.302124
n60_graph1,60,0.0,1.8,49,exact,826425759653.549927
n60_graph1,60,0.0,1.8,50,asym,1535675782272.651855
n60_graph1,60,0.0,1.8,50,exact,1535675782272.899414
n60_graph1,60,0.0,1.8,51,asym,2854551146953.415039
n60_graph1,60,0.0,1.8,51,exact,2854551146953.663086
n60_graph1,60,0.0,1.8,52,asym,5307785243312.127930
n60_graph1,60,0.0,1.8,52,exact,5307785243312.375977
n60_graph1,60,0.0,1.8,53,asym,9872361331879.513672
n60_graph1,60,0.0,1.8,53,exact,9872361331879.759766
n60_graph1,60,0.0,1.8,54,asym,18367760662806.292969
n60_graph1,60,0.0,1.8,54,exact,18367760662806.539062
n60_graph1,60,0.0,1.8,55,asym,34183334566890.476562
n60_graph1,60,0.0,1.8,55,exact,34183334566890.726562
n60_graph1,60,0.0,1.8,56,asym,63634337108780.343750
n60_graph1,60,0.0,1.8,56,exact,63634337108780.593750
n60_graph1,60,0.0,1.8,57,asym,118490516256937.218750
n60_graph1,60,0.0,1.8,57,exact,118490516256937.468750
n60_graph1,60,0.0,1.8,58,asym,220692175047901.625000
n60_graph1,60,0.0,1.8,58,exact,220692175047901.875000
n60_graph1,60,0.0,1.8,59,asym,411147890687422.250000
n60_graph1,60,0.0,1.8,59,exact,411147890687422.500000
n60_graph1,60,0.0,1.8,60,asym,766149791915176.125000
n60_graph1,60,0.0,1.8,60,exact,766149791915176.375000
n60_graph1,60,0.0,2.5,3,asym,205.707482
n60_graph1,60,0.0,2.5,3,exact,205.483103
n60_graph1,60,0.0,2.5,4,asym,207.040599
n60_graph1,60,0.0,2.5,4,exact,206.816220
n60_graph1,60,0.0,2.5,5,asym,209.152677
n60_graph1,60,0.0,2.5,5,exact,209.456317
n60_graph1,60,0.0,2.5,6,asym,212.638201
n60_graph1,60,0.0,2.5,6,exact,212.941842
n60_graph1,60,0.0,2.5,7,asym,218.554478
n60_graph1,60,0.0,2.5,7,exact,218.858118
n60_graph1,60,0.0,2.5,8,asym,228.805597
n60_graph1,60,0.0,2.5,8,exact,229.109237
n60_graph1,60,0.0,2.5,9,asym,246.849113
n60_graph1,60,0.0,2.5,9,exact,247.152753
n60_graph1,60,0.0,2.5,10,asym,279.004507
n60_graph1,60,0.0,2.5,10,exact,279.308147
n60_graph1,60,0.0,2.5,11,asym,336.885912
n60_graph1,60,0.0,2.5,11,exact,337.189553
n60_graph1,60,0.0,2.5,12,asym,441.940791
n60_graph1,60,0.0,2.5,12,exact,442.244432
n60_graph1,60,0.0,2.5,13,asym,633.943645
n60_graph1,60,0.0,2.5,13,exact,634.247286
n60_graph1,60,0.0,2.5,14,asym,986.935310
n60_graph1,60,0.0,2.5,14,exact,987.238951
n60_graph1,60,0.0,2.5,15,asym,1639.210116
n60_graph1,60,0.0,2.5,15,exact,1639.513756
n60_graph1,60,0.0,2.5,16,asym,2849.861849
n60_graph1,60,0.0,2.5,16,exact,2850.165489
n60_graph1,60,0.0,2.5,17,asym,5105.636180
n60_graph1,60,0.0,2.5,17,exact,5105.939820
n60_graph1,60,0.0,2.5,18,asym,9323.237126
n60_graph1,60,0.0,2.5,18,exact,9323.540767
n60_graph1,60,0.0,2.5,19,asym,17233.044591
n60_graph1,60,0.0,2.5,19,exact,17233.348231
n60_graph1,60,0.0,2.5,20,asym,32108.120412
n60_graph1,60,0.0,2.5,20,exact,32108.424052
n60_graph1,60,0.0,2.5,21,asym,60151.332345
n60_graph1,60,0.0,2.5,21,exact,60151.635986
n60_graph1,60,0.0,2.5,22,asym,113138.471813
n60_graph1,60,0.0,2.5,22,exact,113138.775453
n60_graph1,60,0.0,2.5,23,asym,213461.288001
n60_graph1,60,0.0,2.5,23,exact,213461.591642
n60_graph1,60,0.0,2.5,24,asym,403761.399032
n60_graph1,60,0.0,2.5,24,exact,403761.702673
n60_graph1,60,0.0,2.5,25,asym,765355.546818
n60_graph1,60,0.0,2.5,25,exact,765355.850458
n60_graph1,60,0.0,2.5,26,asym,1453512.666082
n60_graph1,60,0.0,2.5,26,exact,1453512.969722
n60_graph1,60,0.0,2.5,27,asym,2765063.806970
n60_graph1,60,0.0,2.5,27,exact,2765064.110611
n60_graph1,60,0.0,2.5,28,asym,5268102.346792
n60_graph1,60,0.0,2.5,28,exact,5268102.650433
n60_graph1,60,0.0,2.5,29,asym,10051018.097524
n60_graph1,60,0.0,2.5,29,exact,10051018.401164
n60_graph1,60,0.0,2.5,30,asym,19201064.017853
n60_graph1,60,0.0,2.5,30,exact,19201064.321494
n60_graph1,60,0.0,2.5,31,asym,36724744.450146
n60_graph1,60,0.0,2.5,31,exact,36724744.753786
n60_graph1,60,0.0,2.5,32,asym,70319251.572748
n60_graph1,60,0.0,2.5,32,exact,70319251.876389
n60_graph1,60,0.0,2.5,33,asym,134784304.364851
n60_graph1,60,0.0,2.5,33,exact,134784304.668492
n60_graph1,60,0.0,2.5,34,asym,258597874.505781
n60_graph1,60,0.0,2.5,34,exact,258597874.809421
n60_graph1,60,0.0,2.5,35,asym,496597846.173334
n60_graph1,60,0.0,2.5,35,exact,496597846.476974
n60_graph1,60,0.0,2.5,36,asym,954454146.717619
n60_graph1,60,0.0,2.5,36,exact,954454147.021259
n60_graph1,60,0.0,2.5,37,asym,1835920486.451046
n60_graph1,60,0.0,2.5,37,exact,1835920486.754686
n60_graph1,60,0.0,2.5,38,asym,3534119922.190314
n60_graph1,60,0.0,2.5,38,exact,3534119922.493955
n60_graph1,60,0.0,2.5,39,asym,6807991511.929619
n60_graph1,60,0.0,2.5,39,exact,6807991512.233259
n60_graph1,60,0.0,2.5,40,asym,13123515662.216434
n60_graph1,60,0.0,2.5,40,exact,13123515662.520075
n60_graph1,60,0.0,2.5,41,asym,25313914624.100754
n60_graph1,60,0.0,2.5,41,exact,25313914624.404396
n60_graph1,60,0.0,2.5,42,asym,48857584995.618515
n60_graph1,60,0.0,2.5,42,exact,48857584995.922165
n60_graph1,60,0.0,2.5,43,asym,94352833682.906494
n60_graph1,60,0.0,2.5,43,exact,94352833683.210144
n60_graph1,60,0.0,2.5,44,asym,182312237543.805359
n60_graph1,60,0.0,2.5,44,exact,182312237544.109009
n60_graph1,60,0.0,2.5,45,asym,352454564726.790527
n60_graph1,60,0.0,2.5,45,exact,352454564727.094238
n60_graph1,60,0.0,2.5,46,asym,681720280225.098022
n60_graph1,60,0.0,2.5,46,exact,681720280225.401733
n60_graph1,60,0.0,2.5,47,asym,1319213456584.630859
n60_graph1,60,0.0,2.5,47,exact,1319213456584.934570
n60_graph1,60,0.0,2.5,48,asym,2553997099116.663086
n60_graph1,60,0.0,2.5,48,exact,2553997099116.966797
n60_graph1,60,0.0,2.5,49,asym,4946676133514.110352
n60_graph1,60,0.0,2.5,49,exact,4946676133514.415039
n60_graph1,60,0.0,2.5,50,asym,9584868022410.052734
n60_graph1,60,0.0,2.5,50,exact,9584868022410.357422
n60_graph1,60,0.0,2.5,51,asym,18579358503078.906250
n60_graph1,60,0.0,2.5,51,exact,18579358503079.210938
n60_graph1,60,0.0,2.5,52,asym,36027987969057.093750
n60_graph1,60,0.0,2.5,52,exact,36027987969057.398438
n60_graph1,60,0.0,2.5,53,asym,69888745660844.296875
n60_graph1,60,0.0,2.5,53,exact,69888745660844.601562
n60_graph1,60,0.0,2.5,54,asym,135620720093943.000000
n60_graph1,60,0.0,2.5,54,exact,135620720093943.312500
n60_graph1,60,0.0,2.5,55,asym,263263344236722.250000
n60_graph1,60,0.0,2.5,55,exact,263263344236722.562500
n60_graph1,60,0.0,2.5,56,asym,511204433597352.875000
n60_graph1,60,0.0,2.5,56,exact,511204433597353.187500
n60_graph1,60,0.0,2.5,57,asym,992963614317593.000000
n60_graph1,60,0.0,2.5,57,exact,992963614317593.375000
n60_graph1,60,0.0,2.5,58,asym,1929307658684974.250000
n60_graph1,60,0.0,2.5,58,exact,1929307658684974.750000
n60_graph1,60,0.0,2.5,59,asym,3749680533853153.500000
n60_graph1,60,0.0,2.5,59,exact,3749680533853154.000000
n60_graph1,60,0.0,2.5,60,asym,7289657462009063.000000
n60_graph1,60,0.0,2.5,60,exact,7289657462009063.000000
n60_graph1,60,0.0,5,3,asym,430.133685
n60_graph1,60,0.0,5,3,exact,429.902681
n60_graph1,60,0.0,5,4,asym,431.519616
n60_graph1,60,0.0,5,4,exact,431.288613
n60_graph1,60,0.0,5,5,asym,433.736961
n60_graph1,60,0.0,5,5,exact,434.060293
n60_graph1,60,0.0,5,6,asym,437.432293
n60_graph1,60,0.0,5,6,exact,437.755626
n60_graph1,60,0.0,5,7,asym,443.766734
n60_graph1,60,0.0,5,7,exact,444.090066
n60_graph1,60,0.0,5,8,asym,454.851279
n60_graph1,60,0.0,5,8,exact,455.174611
n60_graph1,60,0.0,5,9,asym,474.555845
n60_graph1,60,0.0,5,9,exact,474.879178
n60_graph1,60,0.0,5,10,asym,510.021741
n60_graph1,60,0.0,5,10,exact,510.345074
n60_graph1,60,0.0,5,11,asym,574.500964
n60_graph1,60,0.0,5,11,exact,574.824297
n60_graph1,60,0.0,5,12,asym,692.705130
n60_graph1,60,0.0,5,12,exact,693.028462
n60_graph1,60,0.0,5,13,asym,910.913907
n60_graph1,60,0.0,5,13,exact,911.237240
n60_graph1,60,0.0,5,14,asym,1316.132231
n60_graph1,60,0.0,5,14,exact,1316.455563
n60_graph1,60,0.0,5,15,asym,2072.490212
n60_graph1,60,0.0,5,15,exact,2072.813545
n60_graph1,60,0.0,5,16,asym,3490.568513
n60_graph1,60,0.0,5,16,exact,3490.891846
n60_graph1,60,0.0,5,17,asym,6159.717486
n60_graph1,60,0.0,5,17,exact,6160.040819
n60_graph1,60,0.0,5,18,asym,11201.112994
n60_graph1,60,0.0,5,18,exact,11201.436327
n60_graph1,60,0.0,5,19,asym,20752.604940
n60_graph1,60,0.0,5,19,exact,20752.928272
n60_graph1,60,0.0,5,20,asym,38899.250558
n60_graph1,60,0.0,5,20,exact,38899.573890
n60_graph1,60,0.0,5,21,asym,73462.025022
n60_graph1,60,0.0,5,21,exact,73462.348354
n60_graph1,60,0.0,5,22,asym,139441.180017
n60_graph1,60,0.0,5,22,exact,139441.503349
n60_graph1,60,0.0,5,23,asym,265653.901459
n60_graph1,60,0.0,5,23,exact,265654.224792
n60_graph1,60,0.0,5,24,asym,507545.766062
n60_graph1,60,0.0,5,24,exact,507546.089394
n60_graph1,60,0.0,5,25,asym,971947.712610
n60_graph1,60,0.0,5,25,exact,971948.035943
n60_graph1,60,0.0,5,26,asym,1864969.855770
n60_graph1,60,0.0,5,26,exact,1864970.179103
n60_graph1,60,0.0,5,27,asym,3584751.647331
n60_graph1,60,0.0,5,27,exact,3584751.970663
n60_graph1,60,0.0,5,28,asym,6901256.321493
n60_graph1,60,0.0,5,28,exact,6901256.644826
n60_graph1,60,0.0,5,29,asym,13305121.513592
n60_graph1,60,0.0,5,29,exact,13305121.836925
n60_graph1,60,0.0,5,30,asym,25685116.176390
n60_graph1,60,0.0,5,30,exact,25685116.499723
n60_graph1,60,0.0,5,31,asym,49644825.836564
n60_graph1,60,0.0,5,31,exact,49644826.159897
n60_graph1,60,0.0,5,32,asym,96063720.922567
n60_graph1,60,0.0,5,32,exact,96063721.245900
n60_graph1,60,0.0,5,33,asym,186082344.619518
n60_graph1,60,0.0,5,33,exact,186082344.942850
n60_graph1,60,0.0,5,34,asym,360812926.228171
n60_graph1,60,0.0,5,34,exact,360812926.551504
n60_graph1,60,0.0,5,35,asym,700267234.976448
n60_graph1,60,0.0,5,35,exact,700267235.299780
n60_graph1,60,0.0,5,36,asym,1360274018.220958
n60_graph1,60,0.0,5,36,exact,1360274018.544291
n60_graph1,60,0.0,5,37,asym,2644527361.574790
n60_graph1,60,0.0,5,37,exact,2644527361.898122
n60_graph1,60,0.0,5,38,asym,5145277843.481096
n60_graph1,60,0.0,5,38,exact,5145277843.804428
n60_graph1,60,0.0,5,39,asym,10018215766.556877
n60_graph1,60,0.0,5,39,exact,10018215766.880207
n60_graph1,60,0.0,5,40,asym,19519821863.636642
n60_graph1,60,0.0,5,40,exact,19519821863.959969
n60_graph1,60,0.0,5,41,asym,38058325809.958481
n60_graph1,60,0.0,5,41,exact,38058325810.281815
n60_graph1,60,0.0,5,42,asym,74250175243.209167
n60_graph1,60,0.0,5,42,exact,74250175243.532501
n60_graph1,60,0.0,5,43,asym,144945897723.542908
n60_graph1,60,0.0,5,43,exact,144945897723.866211
n60_graph1,60,0.0,5,44,asym,283114842722.663757
n60_graph1,60,0.0,5,44,exact,283114842722.987000
n60_graph1,60,0.0,5,45,asym,553294178044.617554
n60_graph1,60,0.0,5,45,exact,553294178044.940796
n60_graph1,60,0.0,5,46,asym,1081871267406.062988
n60_graph1,60,0.0,5,46,exact,1081871267406.386230
n60_graph1,60,0.0,5,47,asym,2116464974418.711182
n60_graph1,60,0.0,5,47,exact,2116464974419.034424
n60_graph1,60,0.0,5,48,asym,4142411490376.047363
n60_graph1,60,0.0,5,48,exact,4142411490376.370605
n60_graph1,60,0.0,5,49,asym,8111352607224.846680
n60_graph1,60,0.0,5,49,exact,8111352607225.169922
n60_graph1,60,0.0,5,50,asym,15889967187202.376953
n60_graph1,60,0.0,5,50,exact,15889967187202.701172
n60_graph1,60,0.0,5,51,asym,31141152665903.996094
n60_graph1,60,0.0,5,51,exact,31141152665904.320312
n60_graph1,60,0.0,5,52,asym,61054978171690.617188
n60_graph1,60,0.0,5,52,exact,61054978171690.945312
n60_graph1,60,0.0,5,53,asym,119749956979823.546875
n60_graph1,60,0.0,5,53,exact,119749956979823.875000
n60_graph1,60,0.0,5,54,asym,234958472177706.531250
n60_graph1,60,0.0,5,54,exact,234958472177706.843750
n60_graph1,60,0.0,5,55,asym,461171268769502.062500
n60_graph1,60,0.0,5,55,exact,461171268769502.375000
n60_graph1,60,0.0,5,56,asym,905488698085800.750000
n60_graph1,60,0.0,5,56,exact,905488698085801.125000
n60_graph1,60,0.0,5,57,asym,1778476225545041.000000
n60_graph1,60,0.0,5,57,exact,1778476225545041.250000
n60_graph1,60,0.0,5,58,asym,3494235749526031.000000
n60_graph1,60,0.0,5,58,exact,3494235749526031.000000
n60_graph1,60,0.0,5,59,asym,6867372256254267.000000
n60_graph1,60,0.0,5,59,exact,6867372256254267.000000
n60_graph1,60,0.0,5,60,asym,13500772376461594.000000
n60_graph1,60,0.0,5,60,exact,13500772376461594.000000
